ID_Venta,Cantidad_Items_Total,Variedad_Items_Ticket,Subtotal_Total,Gasto_Utiles,Gasto_Fotocopiadora,Gasto_Otros,Precio_Promedio_Item,Ratio_Utiles,Departamento_Dominante,Es_Outlier_Monto,Segmento_Volumen_Ticket
VTA-0000001,5,2,9.4,4.0,5.4,0.0,1.88,0.4255,FOTOCOPIADORA,False,Estándar Minorista
VTA-0000002,1,0,1.2,1.2,0.0,0.0,1.2,1.0,UTILES,False,Estándar Minorista
VTA-0000003,17,2,10.0,0.0,10.0,0.0,0.5882,0.0,FOTOCOPIADORA,False,Estándar Minorista
VTA-0000004,245,1,19.6,0.0,19.6,0.0,0.08,0.0,FOTOCOPIADORA,True,Mayorista / Compra Atípica
VTA-0000005,3,1,1.8,1.8,0.0,0.0,0.6,1.0,UTILES,False,Estándar Minorista
VTA-0000006,3,1,1.5,1.5,0.0,0.0,0.5,1.0,UTILES,False,Estándar Minorista
VTA-0000007,1,1,1.0,0.0,1.0,0.0,1.0,0.0,FOTOCOPIADORA,False,Estándar Minorista
VTA-0000008,6,1,0.6,0.0,0.6,0.0,0.1,0.0,FOTOCOPIADORA,False,Estándar Minorista
VTA-0000009,16,1,1.6,0.0,1.6,0.0,0.1,0.0,FOTOCOPIADORA,False,Estándar Minorista
VTA-0000010,23,1,2.3,0.0,2.3,0.0,0.1,0.0,FOTOCOPIADORA,False,Estándar Minorista
VTA-0000011,11,1,11.0,0.0,11.0,0.0,1.0,0.0,FOTOCOPIADORA,True,Mayorista / Compra Atípica
VTA-0000012,16,2,10.5,0.0,10.5,0.0,0.6562,0.0,FOTOCOPIADORA,True,Mayorista / Compra Atípica
VTA-0000013,11,1,1.1,0.0,1.1,0.0,0.1,0.0,FOTOCOPIADORA,False,Estándar Minorista
VTA-0000014,1,1,1.0,1.0,0.0,0.0,1.0,1.0,UTILES,False,Estándar Minorista
VTA-0000015,24,1,2.4,0.0,2.4,0.0,0.1,0.0,FOTOCOPIADORA,False,Estándar Minorista
VTA-0000016,1,1,1.0,0.0,1.0,0.0,1.0,0.0,FOTOCOPIADORA,False,Estándar Minorista
VTA-0000017,1,1,1.5,1.5,0.0,0.0,1.5,1.0,UTILES,False,Estándar Minorista
VTA-0000018,1,1,0.1,0.0,0.1,0.0,0.1,0.0,FOTOCOPIADORA,False,Estándar Minorista
VTA-0000019,1,1,0.8,0.0,0.8,0.0,0.8,0.0,FOTOCOPIADORA,False,Estándar Minorista
VTA-0000020,3,1,0.3,0.0,0.3,0.0,0.1,0.0,FOTOCOPIADORA,False,Estándar Minorista
VTA-0000021,55,2,5.7,0.0,5.7,0.0,0.1036,0.0,FOTOCOPIADORA,False,Estándar Minorista
VTA-0000022,2,1,2.0,0.0,2.0,0.0,1.0,0.0,FOTOCOPIADORA,False,Estándar Minorista
VTA-0000023,3,2,3.0,3.0,0.0,0.0,1.0,1.0,UTILES,False,Estándar Minorista
VTA-0000024,1,1,1.0,1.0,0.0,0.0,1.0,1.0,UTILES,False,Estándar Minorista
VTA-0000025,4,1,0.8,0.8,0.0,0.0,0.2,1.0,UTILES,False,Estándar Minorista
VTA-0000026,1,1,6.5,6.5,0.0,0.0,6.5,1.0,UTILES,False,Estándar Minorista
VTA-0000027,384,1,30.7,0.0,30.7,0.0,0.0799,0.0,FOTOCOPIADORA,True,Mayorista / Compra Atípica
VTA-0000028,1,1,3.0,3.0,0.0,0.0,3.0,1.0,UTILES,False,Estándar Minorista
VTA-0000029,1,1,2.5,2.5,0.0,0.0,2.5,1.0,UTILES,False,Estándar Minorista
VTA-0000030,9,1,1.8,1.8,0.0,0.0,0.2,1.0,UTILES,False,Estándar Minorista
VTA-0000031,1,1,1.5,1.5,0.0,0.0,1.5,1.0,UTILES,False,Estándar Minorista
VTA-0000032,4,1,0.8,0.8,0.0,0.0,0.2,1.0,UTILES,False,Estándar Minorista
VTA-0000033,15,1,1.5,0.0,1.5,0.0,0.1,0.0,FOTOCOPIADORA,False,Estándar Minorista
VTA-0000034,2,2,4.0,4.0,0.0,0.0,2.0,1.0,UTILES,False,Estándar Minorista
VTA-0000035,3,1,0.3,0.0,0.3,0.0,0.1,0.0,FOTOCOPIADORA,False,Estándar Minorista
VTA-0000036,4,1,0.4,0.0,0.4,0.0,0.1,0.0,FOTOCOPIADORA,False,Estándar Minorista
VTA-0000037,2,2,5.0,5.0,0.0,0.0,2.5,1.0,UTILES,False,Estándar Minorista
VTA-0000038,58,1,5.8,0.0,5.8,0.0,0.1,0.0,FOTOCOPIADORA,False,Estándar Minorista
VTA-0000039,1,1,0.6,0.6,0.0,0.0,0.6,1.0,UTILES,False,Estándar Minorista
VTA-0000040,4,2,2.5,0.0,2.5,0.0,0.625,0.0,FOTOCOPIADORA,False,Estándar Minorista
VTA-0000041,1,1,0.6,0.6,0.0,0.0,0.6,1.0,UTILES,False,Estándar Minorista
VTA-0000042,4,4,14.5,14.5,0.0,0.0,3.625,1.0,UTILES,True,Mayorista / Compra Atípica
VTA-0000043,3,3,5.5,5.5,0.0,0.0,1.8333,1.0,UTILES,False,Estándar Minorista
VTA-0000044,1,1,8.0,8.0,0.0,0.0,8.0,1.0,UTILES,False,Estándar Minorista
VTA-0000045,1,1,8.0,8.0,0.0,0.0,8.0,1.0,UTILES,False,Estándar Minorista
VTA-0000046,274,39,171.2,171.2,0.0,0.0,0.6248,1.0,UTILES,True,Mayorista / Compra Atípica
VTA-0000047,3,2,5.0,5.0,0.0,0.0,1.6667,1.0,UTILES,False,Estándar Minorista
VTA-0000048,1,1,2.0,2.0,0.0,0.0,2.0,1.0,UTILES,False,Estándar Minorista
VTA-0000049,1,1,9.0,9.0,0.0,0.0,9.0,1.0,UTILES,False,Estándar Minorista
VTA-0000050,1,1,2.5,2.5,0.0,0.0,2.5,1.0,UTILES,False,Estándar Minorista
VTA-0000051,3,1,3.0,3.0,0.0,0.0,1.0,1.0,UTILES,False,Estándar Minorista
VTA-0000052,1,1,9.0,9.0,0.0,0.0,9.0,1.0,UTILES,False,Estándar Minorista
VTA-0000053,3,1,3.0,3.0,0.0,0.0,1.0,1.0,UTILES,False,Estándar Minorista
VTA-0000054,32,1,3.2,0.0,3.2,0.0,0.1,0.0,FOTOCOPIADORA,False,Estándar Minorista
VTA-0000055,4,1,0.4,0.0,0.4,0.0,0.1,0.0,FOTOCOPIADORA,False,Estándar Minorista
VTA-0000056,1,1,9.0,9.0,0.0,0.0,9.0,1.0,UTILES,False,Estándar Minorista
VTA-0000057,3,1,3.0,3.0,0.0,0.0,1.0,1.0,UTILES,False,Estándar Minorista
VTA-0000058,1,1,2.5,2.5,0.0,0.0,2.5,1.0,UTILES,False,Estándar Minorista
VTA-0000059,1,1,12.0,12.0,0.0,0.0,12.0,1.0,UTILES,True,Mayorista / Compra Atípica
VTA-0000060,1,1,4.0,4.0,0.0,0.0,4.0,1.0,UTILES,False,Estándar Minorista
VTA-0000061,275,1,22.0,0.0,22.0,0.0,0.08,0.0,FOTOCOPIADORA,True,Mayorista / Compra Atípica
VTA-0000062,1,1,4.0,4.0,0.0,0.0,4.0,1.0,UTILES,False,Estándar Minorista
VTA-0000063,1,1,2.0,2.0,0.0,0.0,2.0,1.0,UTILES,False,Estándar Minorista
VTA-0000064,2,2,1.5,0.0,1.5,0.0,0.75,0.0,FOTOCOPIADORA,False,Estándar Minorista
VTA-0000065,68,1,6.8,0.0,6.8,0.0,0.1,0.0,FOTOCOPIADORA,False,Estándar Minorista
VTA-0000066,1,1,1.0,0.0,1.0,0.0,1.0,0.0,FOTOCOPIADORA,False,Estándar Minorista
VTA-0000067,2,1,2.0,0.0,2.0,0.0,1.0,0.0,FOTOCOPIADORA,False,Estándar Minorista
VTA-0000068,1,1,6.5,6.5,0.0,0.0,6.5,1.0,UTILES,False,Estándar Minorista
VTA-0000069,2,2,1.5,1.5,0.0,0.0,0.75,1.0,UTILES,False,Estándar Minorista
VTA-0000070,1,1,6.5,6.5,0.0,0.0,6.5,1.0,UTILES,False,Estándar Minorista
VTA-0000071,1,1,1.0,1.0,0.0,0.0,1.0,1.0,UTILES,False,Estándar Minorista
VTA-0000072,2,2,1.6,1.6,0.0,0.0,0.8,1.0,UTILES,False,Estándar Minorista
VTA-0000073,262,1,21.0,0.0,21.0,0.0,0.0802,0.0,FOTOCOPIADORA,True,Mayorista / Compra Atípica
VTA-0000074,2,2,2.8,2.8,0.0,0.0,1.4,1.0,UTILES,False,Estándar Minorista
VTA-0000075,1,1,1.0,1.0,0.0,0.0,1.0,1.0,UTILES,False,Estándar Minorista
VTA-0000076,1,1,5.0,5.0,0.0,0.0,5.0,1.0,UTILES,False,Estándar Minorista
VTA-0000077,9,3,4.2,4.2,0.0,0.0,0.4667,1.0,UTILES,False,Estándar Minorista
VTA-0000078,1,1,8.0,8.0,0.0,0.0,8.0,1.0,UTILES,False,Estándar Minorista
VTA-0000079,2,2,3.0,3.0,0.0,0.0,1.5,1.0,UTILES,False,Estándar Minorista
VTA-0000080,1,1,1.0,1.0,0.0,0.0,1.0,1.0,UTILES,False,Estándar Minorista
VTA-0000081,9,4,5.2,5.2,0.0,0.0,0.5778,1.0,UTILES,False,Estándar Minorista
VTA-0000082,21,1,10.5,0.0,10.5,0.0,0.5,0.0,FOTOCOPIADORA,True,Mayorista / Compra Atípica
VTA-0000083,1,1,1.0,1.0,0.0,0.0,1.0,1.0,UTILES,False,Estándar Minorista
VTA-0000084,44,1,3.5,0.0,3.5,0.0,0.0795,0.0,FOTOCOPIADORA,False,Estándar Minorista
VTA-0000085,1,1,1.0,1.0,0.0,0.0,1.0,1.0,UTILES,False,Estándar Minorista
VTA-0000086,2,1,1.0,1.0,0.0,0.0,0.5,1.0,UTILES,False,Estándar Minorista
VTA-0000087,1,1,2.5,2.5,0.0,0.0,2.5,1.0,UTILES,False,Estándar Minorista
VTA-0000088,9,1,9.0,0.0,9.0,0.0,1.0,0.0,FOTOCOPIADORA,False,Estándar Minorista
VTA-0000089,4,2,3.1,3.1,0.0,0.0,0.775,1.0,UTILES,False,Estándar Minorista
VTA-0000090,1,1,5.0,5.0,0.0,0.0,5.0,1.0,UTILES,False,Estándar Minorista
VTA-0000091,1,1,5.0,5.0,0.0,0.0,5.0,1.0,UTILES,False,Estándar Minorista
VTA-0000092,16,4,4.5,4.5,0.0,0.0,0.2812,1.0,UTILES,False,Estándar Minorista
VTA-0000093,15,3,2.5,2.5,0.0,0.0,0.1667,1.0,UTILES,False,Estándar Minorista
VTA-0000094,10,1,4.0,0.0,4.0,0.0,0.4,0.0,FOTOCOPIADORA,False,Estándar Minorista
VTA-0000095,40,1,3.2,0.0,3.2,0.0,0.08,0.0,FOTOCOPIADORA,False,Estándar Minorista
VTA-0000096,26,1,2.1,0.0,2.1,0.0,0.0808,0.0,FOTOCOPIADORA,False,Estándar Minorista
VTA-0000097,25,1,2.0,0.0,2.0,0.0,0.08,0.0,FOTOCOPIADORA,False,Estándar Minorista
VTA-0000098,17,4,8.1,0.5,7.6,0.0,0.4765,0.0617,FOTOCOPIADORA,False,Estándar Minorista
VTA-0000099,1,1,0.5,0.0,0.5,0.0,0.5,0.0,FOTOCOPIADORA,False,Estándar Minorista
VTA-0000100,3,3,4.0,4.0,0.0,0.0,1.3333,1.0,UTILES,False,Estándar Minorista
VTA-0000101,1,1,1.0,1.0,0.0,0.0,1.0,1.0,UTILES,False,Estándar Minorista
VTA-0000102,1,1,0.5,0.5,0.0,0.0,0.5,1.0,UTILES,False,Estándar Minorista
VTA-0000103,12,2,3.0,3.0,0.0,0.0,0.25,1.0,UTILES,False,Estándar Minorista
VTA-0000104,9,3,4.2,4.2,0.0,0.0,0.4667,1.0,UTILES,False,Estándar Minorista
VTA-0000105,51,1,4.1,0.0,4.1,0.0,0.0804,0.0,FOTOCOPIADORA,False,Estándar Minorista
VTA-0000106,24,1,1.9,0.0,1.9,0.0,0.0792,0.0,FOTOCOPIADORA,False,Estándar Minorista
VTA-0000107,1,1,1.0,1.0,0.0,0.0,1.0,1.0,UTILES,False,Estándar Minorista
VTA-0000108,1,1,1.0,0.0,1.0,0.0,1.0,0.0,FOTOCOPIADORA,False,Estándar Minorista
VTA-0000109,11,2,10.5,0.0,10.5,0.0,0.9545,0.0,FOTOCOPIADORA,True,Mayorista / Compra Atípica
VTA-0000110,251,1,20.1,0.0,20.1,0.0,0.0801,0.0,FOTOCOPIADORA,True,Mayorista / Compra Atípica
VTA-0000111,2,1,2.0,2.0,0.0,0.0,1.0,1.0,UTILES,False,Estándar Minorista
VTA-0000112,5,1,0.5,0.5,0.0,0.0,0.1,1.0,UTILES,False,Estándar Minorista
VTA-0000113,10,1,2.0,2.0,0.0,0.0,0.2,1.0,UTILES,False,Estándar Minorista
VTA-0000114,2,1,1.2,1.2,0.0,0.0,0.6,1.0,UTILES,False,Estándar Minorista
VTA-0000115,1,1,1.0,1.0,0.0,0.0,1.0,1.0,UTILES,False,Estándar Minorista
VTA-0000116,2,1,0.6,0.0,0.6,0.0,0.3,0.0,FOTOCOPIADORA,False,Estándar Minorista
VTA-0000117,1,1,1.0,1.0,0.0,0.0,1.0,1.0,UTILES,False,Estándar Minorista
VTA-0000118,2,1,2.0,2.0,0.0,0.0,1.0,1.0,UTILES,False,Estándar Minorista
VTA-0000119,1,1,0.5,0.0,0.5,0.0,0.5,0.0,FOTOCOPIADORA,False,Estándar Minorista
VTA-0000120,1,1,8.0,8.0,0.0,0.0,8.0,1.0,UTILES,False,Estándar Minorista
VTA-0000121,41,1,3.3,0.0,3.3,0.0,0.0805,0.0,FOTOCOPIADORA,False,Estándar Minorista
VTA-0000122,1,1,1.0,1.0,0.0,0.0,1.0,1.0,UTILES,False,Estándar Minorista
VTA-0000123,1,1,1.0,1.0,0.0,0.0,1.0,1.0,UTILES,False,Estándar Minorista
VTA-0000124,1,1,1.0,1.0,0.0,0.0,1.0,1.0,UTILES,False,Estándar Minorista
VTA-0000125,14,1,14.0,0.0,14.0,0.0,1.0,0.0,FOTOCOPIADORA,True,Mayorista / Compra Atípica
VTA-0000126,403,1,32.2,0.0,32.2,0.0,0.0799,0.0,FOTOCOPIADORA,True,Mayorista / Compra Atípica
VTA-0000127,225,3,108.9,1.2,107.7,0.0,0.484,0.011,FOTOCOPIADORA,True,Mayorista / Compra Atípica
VTA-0000128,1,1,2.0,2.0,0.0,0.0,2.0,1.0,UTILES,False,Estándar Minorista
VTA-0000129,6,2,1.5,1.5,0.0,0.0,0.25,1.0,UTILES,False,Estándar Minorista
VTA-0000130,9,2,1.3,1.3,0.0,0.0,0.1444,1.0,UTILES,False,Estándar Minorista
VTA-0000131,4,2,1.4,1.4,0.0,0.0,0.35,1.0,UTILES,False,Estándar Minorista
VTA-0000132,2,1,0.4,0.4,0.0,0.0,0.2,1.0,UTILES,False,Estándar Minorista
VTA-0000133,1,1,0.5,0.5,0.0,0.0,0.5,1.0,UTILES,False,Estándar Minorista
VTA-0000134,1,1,0.5,0.5,0.0,0.0,0.5,1.0,UTILES,False,Estándar Minorista
VTA-0000135,20,1,2.0,0.0,2.0,0.0,0.1,0.0,FOTOCOPIADORA,False,Estándar Minorista
VTA-0000136,1,1,6.5,6.5,0.0,0.0,6.5,1.0,UTILES,False,Estándar Minorista
VTA-0000137,4,1,4.0,0.0,4.0,0.0,1.0,0.0,FOTOCOPIADORA,False,Estándar Minorista
VTA-0000138,10,1,1.0,0.0,1.0,0.0,0.1,0.0,FOTOCOPIADORA,False,Estándar Minorista
VTA-0000139,52,1,4.2,0.0,4.2,0.0,0.0808,0.0,FOTOCOPIADORA,False,Estándar Minorista
VTA-0000140,48,1,3.8,0.0,3.8,0.0,0.0792,0.0,FOTOCOPIADORA,False,Estándar Minorista
VTA-0000141,1,1,8.0,8.0,0.0,0.0,8.0,1.0,UTILES,False,Estándar Minorista
VTA-0000142,1,1,1.5,1.5,0.0,0.0,1.5,1.0,UTILES,False,Estándar Minorista
VTA-0000143,1,1,1.0,1.0,0.0,0.0,1.0,1.0,UTILES,False,Estándar Minorista
VTA-0000144,1,1,1.5,1.5,0.0,0.0,1.5,1.0,UTILES,False,Estándar Minorista
VTA-0000145,1,1,1.0,0.0,1.0,0.0,1.0,0.0,FOTOCOPIADORA,False,Estándar Minorista
VTA-0000146,1,1,1.0,1.0,0.0,0.0,1.0,1.0,UTILES,False,Estándar Minorista
VTA-0000147,52,1,4.2,0.0,4.2,0.0,0.0808,0.0,FOTOCOPIADORA,False,Estándar Minorista
VTA-0000148,5,1,0.5,0.0,0.5,0.0,0.1,0.0,FOTOCOPIADORA,False,Estándar Minorista
VTA-0000149,1,1,0.1,0.0,0.1,0.0,0.1,0.0,FOTOCOPIADORA,False,Estándar Minorista
VTA-0000150,1,1,1.0,0.0,1.0,0.0,1.0,0.0,FOTOCOPIADORA,False,Estándar Minorista
VTA-0000151,1,1,1.0,1.0,0.0,0.0,1.0,1.0,UTILES,False,Estándar Minorista
VTA-0000152,1,1,1.0,0.0,1.0,0.0,1.0,0.0,FOTOCOPIADORA,False,Estándar Minorista
VTA-0000153,1,1,1.5,1.5,0.0,0.0,1.5,1.0,UTILES,False,Estándar Minorista
VTA-0000154,10,1,0.8,0.0,0.8,0.0,0.08,0.0,FOTOCOPIADORA,False,Estándar Minorista
VTA-0000155,1,1,5.0,5.0,0.0,0.0,5.0,1.0,UTILES,False,Estándar Minorista
VTA-0000156,26,1,2.1,0.0,2.1,0.0,0.0808,0.0,FOTOCOPIADORA,False,Estándar Minorista
VTA-0000157,1,1,9.0,9.0,0.0,0.0,9.0,1.0,UTILES,False,Estándar Minorista
VTA-0000158,11,1,1.1,0.0,1.1,0.0,0.1,0.0,FOTOCOPIADORA,False,Estándar Minorista
VTA-0000159,79,1,6.3,0.0,6.3,0.0,0.0797,0.0,FOTOCOPIADORA,False,Estándar Minorista
VTA-0000160,100,1,8.0,0.0,8.0,0.0,0.08,0.0,FOTOCOPIADORA,False,Estándar Minorista
VTA-0000161,2,2,3.2,3.2,0.0,0.0,1.6,1.0,UTILES,False,Estándar Minorista
VTA-0000162,2,2,10.5,10.5,0.0,0.0,5.25,1.0,UTILES,True,Mayorista / Compra Atípica
VTA-0000163,2,1,8.0,8.0,0.0,0.0,4.0,1.0,UTILES,False,Estándar Minorista
VTA-0000164,230,1,18.4,0.0,18.4,0.0,0.08,0.0,FOTOCOPIADORA,True,Mayorista / Compra Atípica
VTA-0000165,54,1,54.0,0.0,54.0,0.0,1.0,0.0,FOTOCOPIADORA,True,Mayorista / Compra Atípica
VTA-0000166,1,1,5.5,5.5,0.0,0.0,5.5,1.0,UTILES,False,Estándar Minorista
VTA-0000167,1,1,1.5,1.5,0.0,0.0,1.5,1.0,UTILES,False,Estándar Minorista
VTA-0000168,1,1,4.0,4.0,0.0,0.0,4.0,1.0,UTILES,False,Estándar Minorista
VTA-0000169,4,1,0.4,0.0,0.4,0.0,0.1,0.0,FOTOCOPIADORA,False,Estándar Minorista
VTA-0000170,1,1,0.3,0.0,0.3,0.0,0.3,0.0,FOTOCOPIADORA,False,Estándar Minorista
VTA-0000171,6,2,1.0,1.0,0.0,0.0,0.1667,1.0,UTILES,False,Estándar Minorista
VTA-0000172,6,4,3.1,3.1,0.0,0.0,0.5167,1.0,UTILES,False,Estándar Minorista
VTA-0000173,1,1,6.5,6.5,0.0,0.0,6.5,1.0,UTILES,False,Estándar Minorista
VTA-0000174,2,1,1.0,1.0,0.0,0.0,0.5,1.0,UTILES,False,Estándar Minorista
VTA-0000175,4,2,1.4,1.4,0.0,0.0,0.35,1.0,UTILES,False,Estándar Minorista
VTA-0000176,16,2,5.1,0.0,5.1,0.0,0.3188,0.0,FOTOCOPIADORA,False,Estándar Minorista
VTA-0000177,1,1,1.2,1.2,0.0,0.0,1.2,1.0,UTILES,False,Estándar Minorista
VTA-0000178,21,1,10.5,0.0,10.5,0.0,0.5,0.0,FOTOCOPIADORA,True,Mayorista / Compra Atípica
VTA-0000179,23,3,8.8,0.0,8.8,0.0,0.3826,0.0,FOTOCOPIADORA,False,Estándar Minorista
VTA-0000180,275,1,22.0,0.0,22.0,0.0,0.08,0.0,FOTOCOPIADORA,True,Mayorista / Compra Atípica
VTA-0000181,1,1,2.0,0.0,2.0,0.0,2.0,0.0,FOTOCOPIADORA,False,Estándar Minorista
VTA-0000182,1,1,6.5,6.5,0.0,0.0,6.5,1.0,UTILES,False,Estándar Minorista
VTA-0000183,1,1,1.0,1.0,0.0,0.0,1.0,1.0,UTILES,False,Estándar Minorista
VTA-0000184,7,3,3.4,3.4,0.0,0.0,0.4857,1.0,UTILES,False,Estándar Minorista
VTA-0000185,2,1,1.0,1.0,0.0,0.0,0.5,1.0,UTILES,False,Estándar Minorista
VTA-0000186,32,1,3.2,0.0,3.2,0.0,0.1,0.0,FOTOCOPIADORA,False,Estándar Minorista
VTA-0000187,2,1,1.0,1.0,0.0,0.0,0.5,1.0,UTILES,False,Estándar Minorista
VTA-0000188,5,1,0.5,0.0,0.5,0.0,0.1,0.0,FOTOCOPIADORA,False,Estándar Minorista
VTA-0000189,45,1,3.6,0.0,3.6,0.0,0.08,0.0,FOTOCOPIADORA,False,Estándar Minorista
VTA-0000190,40,1,3.2,0.0,3.2,0.0,0.08,0.0,FOTOCOPIADORA,False,Estándar Minorista
VTA-0000191,1,1,2.0,2.0,0.0,0.0,2.0,1.0,UTILES,False,Estándar Minorista
VTA-0000192,2,1,0.2,0.2,0.0,0.0,0.1,1.0,UTILES,False,Estándar Minorista
VTA-0000193,1,1,0.5,0.0,0.5,0.0,0.5,0.0,FOTOCOPIADORA,False,Estándar Minorista
VTA-0000194,5,1,0.5,0.0,0.5,0.0,0.1,0.0,FOTOCOPIADORA,False,Estándar Minorista
VTA-0000195,1,1,10.0,10.0,0.0,0.0,10.0,1.0,UTILES,False,Estándar Minorista
VTA-0000196,11,2,1.5,1.5,0.0,0.0,0.1364,1.0,UTILES,False,Estándar Minorista
VTA-0000197,1,1,3.5,3.5,0.0,0.0,3.5,1.0,UTILES,False,Estándar Minorista
VTA-0000198,1,1,1.0,1.0,0.0,0.0,1.0,1.0,UTILES,False,Estándar Minorista
VTA-0000199,5,3,1.1,1.1,0.0,0.0,0.22,1.0,UTILES,False,Estándar Minorista
VTA-0000200,1,1,1.0,1.0,0.0,0.0,1.0,1.0,UTILES,False,Estándar Minorista
VTA-0000201,3,2,0.7,0.7,0.0,0.0,0.2333,1.0,UTILES,False,Estándar Minorista
VTA-0000202,67,1,5.4,0.0,5.4,0.0,0.0806,0.0,FOTOCOPIADORA,False,Estándar Minorista
VTA-0000203,18,1,1.4,0.0,1.4,0.0,0.0778,0.0,FOTOCOPIADORA,False,Estándar Minorista
VTA-0000204,60,1,30.0,0.0,30.0,0.0,0.5,0.0,FOTOCOPIADORA,True,Mayorista / Compra Atípica
VTA-0000205,2,2,1.5,1.5,0.0,0.0,0.75,1.0,UTILES,False,Estándar Minorista
VTA-0000206,1,1,1.0,1.0,0.0,0.0,1.0,1.0,UTILES,False,Estándar Minorista
VTA-0000207,1,1,1.2,1.2,0.0,0.0,1.2,1.0,UTILES,False,Estándar Minorista
VTA-0000208,1,1,0.5,0.5,0.0,0.0,0.5,1.0,UTILES,False,Estándar Minorista
VTA-0000209,3,1,0.3,0.3,0.0,0.0,0.1,1.0,UTILES,False,Estándar Minorista
VTA-0000210,1,1,1.2,1.2,0.0,0.0,1.2,1.0,UTILES,False,Estándar Minorista
VTA-0000211,8,1,0.8,0.8,0.0,0.0,0.1,1.0,UTILES,False,Estándar Minorista
VTA-0000212,3,1,0.3,0.3,0.0,0.0,0.1,1.0,UTILES,False,Estándar Minorista
VTA-0000213,22,1,1.8,0.0,1.8,0.0,0.0818,0.0,FOTOCOPIADORA,False,Estándar Minorista
VTA-0000214,6,2,1.4,1.4,0.0,0.0,0.2333,1.0,UTILES,False,Estándar Minorista
VTA-0000215,5,1,0.5,0.0,0.5,0.0,0.1,0.0,FOTOCOPIADORA,False,Estándar Minorista
VTA-0000216,65,1,5.2,0.0,5.2,0.0,0.08,0.0,FOTOCOPIADORA,False,Estándar Minorista
VTA-0000217,35,1,2.8,0.0,2.8,0.0,0.08,0.0,FOTOCOPIADORA,False,Estándar Minorista
VTA-0000218,1,1,4.5,4.5,0.0,0.0,4.5,1.0,UTILES,False,Estándar Minorista
VTA-0000219,1,1,1.0,1.0,0.0,0.0,1.0,1.0,UTILES,False,Estándar Minorista
VTA-0000220,10,1,1.0,1.0,0.0,0.0,0.1,1.0,UTILES,False,Estándar Minorista
VTA-0000221,2,2,1.5,1.5,0.0,0.0,0.75,1.0,UTILES,False,Estándar Minorista
VTA-0000222,1,1,1.0,1.0,0.0,0.0,1.0,1.0,UTILES,False,Estándar Minorista
VTA-0000223,1,1,1.0,1.0,0.0,0.0,1.0,1.0,UTILES,False,Estándar Minorista
VTA-0000224,1,1,1.0,1.0,0.0,0.0,1.0,1.0,UTILES,False,Estándar Minorista
VTA-0000225,1,1,1.0,1.0,0.0,0.0,1.0,1.0,UTILES,False,Estándar Minorista
VTA-0000226,1,1,1.0,1.0,0.0,0.0,1.0,1.0,UTILES,False,Estándar Minorista
VTA-0000227,2,2,1.5,1.5,0.0,0.0,0.75,1.0,UTILES,False,Estándar Minorista
VTA-0000228,1,1,1.0,1.0,0.0,0.0,1.0,1.0,UTILES,False,Estándar Minorista
VTA-0000229,4,4,6.0,6.0,0.0,0.0,1.5,1.0,UTILES,False,Estándar Minorista
VTA-0000230,1,1,1.0,1.0,0.0,0.0,1.0,1.0,UTILES,False,Estándar Minorista
VTA-0000231,7,1,0.7,0.0,0.7,0.0,0.1,0.0,FOTOCOPIADORA,False,Estándar Minorista
VTA-0000232,1,1,1.0,1.0,0.0,0.0,1.0,1.0,UTILES,False,Estándar Minorista
VTA-0000233,2,1,2.0,0.0,2.0,0.0,1.0,0.0,FOTOCOPIADORA,False,Estándar Minorista
VTA-0000234,2,2,0.7,0.2,0.5,0.0,0.35,0.2857,FOTOCOPIADORA,False,Estándar Minorista
VTA-0000235,150,1,12.0,0.0,12.0,0.0,0.08,0.0,FOTOCOPIADORA,True,Mayorista / Compra Atípica
VTA-0000236,4,1,4.0,0.0,4.0,0.0,1.0,0.0,FOTOCOPIADORA,False,Estándar Minorista
VTA-0000237,2,1,2.0,0.0,2.0,0.0,1.0,0.0,FOTOCOPIADORA,False,Estándar Minorista
VTA-0000238,1,1,1.0,1.0,0.0,0.0,1.0,1.0,UTILES,False,Estándar Minorista
VTA-0000239,2,1,2.0,2.0,0.0,0.0,1.0,1.0,UTILES,False,Estándar Minorista
VTA-0000240,3,2,2.0,0.2,1.8,0.0,0.6667,0.1,FOTOCOPIADORA,False,Estándar Minorista
VTA-0000241,1,1,1.0,0.0,1.0,0.0,1.0,0.0,FOTOCOPIADORA,False,Estándar Minorista
VTA-0000242,3,2,2.0,0.2,1.8,0.0,0.6667,0.1,FOTOCOPIADORA,False,Estándar Minorista
VTA-0000243,10,1,1.0,0.0,1.0,0.0,0.1,0.0,FOTOCOPIADORA,False,Estándar Minorista
VTA-0000244,1,1,5.0,5.0,0.0,0.0,5.0,1.0,UTILES,False,Estándar Minorista
VTA-0000245,34,1,2.7,0.0,2.7,0.0,0.0794,0.0,FOTOCOPIADORA,False,Estándar Minorista
VTA-0000246,84,1,6.7,0.0,6.7,0.0,0.0798,0.0,FOTOCOPIADORA,False,Estándar Minorista
VTA-0000247,494,1,39.5,0.0,39.5,0.0,0.08,0.0,FOTOCOPIADORA,True,Mayorista / Compra Atípica
VTA-0000248,1,1,7.0,7.0,0.0,0.0,7.0,1.0,UTILES,False,Estándar Minorista
VTA-0000249,1,1,1.0,1.0,0.0,0.0,1.0,1.0,UTILES,False,Estándar Minorista
VTA-0000250,1,1,1.0,1.0,0.0,0.0,1.0,1.0,UTILES,False,Estándar Minorista
VTA-0000251,1,1,2.0,2.0,0.0,0.0,2.0,1.0,UTILES,False,Estándar Minorista
VTA-0000252,4,1,4.0,0.0,4.0,0.0,1.0,0.0,FOTOCOPIADORA,False,Estándar Minorista
VTA-0000253,21,2,25.0,0.0,25.0,0.0,1.1905,0.0,FOTOCOPIADORA,True,Mayorista / Compra Atípica
VTA-0000254,1,1,6.5,6.5,0.0,0.0,6.5,1.0,UTILES,False,Estándar Minorista
VTA-0000255,1,1,2.5,2.5,0.0,0.0,2.5,1.0,UTILES,False,Estándar Minorista
VTA-0000256,75,1,6.0,0.0,6.0,0.0,0.08,0.0,FOTOCOPIADORA,False,Estándar Minorista
VTA-0000257,82,1,6.6,0.0,6.6,0.0,0.0805,0.0,FOTOCOPIADORA,False,Estándar Minorista
VTA-0000258,77,1,6.2,0.0,6.2,0.0,0.0805,0.0,FOTOCOPIADORA,False,Estándar Minorista
VTA-0000259,46,1,3.7,0.0,3.7,0.0,0.0804,0.0,FOTOCOPIADORA,False,Estándar Minorista
VTA-0000260,1,1,0.5,0.0,0.5,0.0,0.5,0.0,FOTOCOPIADORA,False,Estándar Minorista
VTA-0000261,5,1,5.0,0.0,5.0,0.0,1.0,0.0,FOTOCOPIADORA,False,Estándar Minorista
VTA-0000262,2,1,2.0,2.0,0.0,0.0,1.0,1.0,UTILES,False,Estándar Minorista
VTA-0000263,1,1,7.0,7.0,0.0,0.0,7.0,1.0,UTILES,False,Estándar Minorista
VTA-0000264,1,1,1.2,1.2,0.0,0.0,1.2,1.0,UTILES,False,Estándar Minorista
VTA-0000265,1,1,1.2,1.2,0.0,0.0,1.2,1.0,UTILES,False,Estándar Minorista
VTA-0000266,1,1,2.0,0.0,2.0,0.0,2.0,0.0,FOTOCOPIADORA,False,Estándar Minorista
VTA-0000267,1,1,1.0,1.0,0.0,0.0,1.0,1.0,UTILES,False,Estándar Minorista
VTA-0000268,3,3,5.0,5.0,0.0,0.0,1.6667,1.0,UTILES,False,Estándar Minorista
VTA-0000269,3,1,1.5,0.0,1.5,0.0,0.5,0.0,FOTOCOPIADORA,False,Estándar Minorista
VTA-0000270,69,1,5.5,0.0,5.5,0.0,0.0797,0.0,FOTOCOPIADORA,False,Estándar Minorista
VTA-0000271,4,1,2.0,2.0,0.0,0.0,0.5,1.0,UTILES,False,Estándar Minorista
VTA-0000272,10,2,9.9,9.9,0.0,0.0,0.99,1.0,UTILES,False,Estándar Minorista
VTA-0000273,5,1,5.0,0.0,5.0,0.0,1.0,0.0,FOTOCOPIADORA,False,Estándar Minorista
VTA-0000274,45,1,3.6,0.0,3.6,0.0,0.08,0.0,FOTOCOPIADORA,False,Estándar Minorista
VTA-0000275,90,1,7.2,0.0,7.2,0.0,0.08,0.0,FOTOCOPIADORA,False,Estándar Minorista
VTA-0000276,1,1,6.5,6.5,0.0,0.0,6.5,1.0,UTILES,False,Estándar Minorista
VTA-0000277,2,2,3.5,3.5,0.0,0.0,1.75,1.0,UTILES,False,Estándar Minorista
VTA-0000278,100,1,8.0,0.0,8.0,0.0,0.08,0.0,FOTOCOPIADORA,False,Estándar Minorista
VTA-0000279,21,1,1.7,0.0,1.7,0.0,0.081,0.0,FOTOCOPIADORA,False,Estándar Minorista
VTA-0000280,16,1,1.3,0.0,1.3,0.0,0.0812,0.0,FOTOCOPIADORA,False,Estándar Minorista
VTA-0000281,1,1,3.0,3.0,0.0,0.0,3.0,1.0,UTILES,False,Estándar Minorista
VTA-0000282,3,1,3.0,0.0,3.0,0.0,1.0,0.0,FOTOCOPIADORA,False,Estándar Minorista
VTA-0000283,1,1,1.5,1.5,0.0,0.0,1.5,1.0,UTILES,False,Estándar Minorista
VTA-0000284,2,1,0.2,0.0,0.2,0.0,0.1,0.0,FOTOCOPIADORA,False,Estándar Minorista
VTA-0000285,5,1,10.0,0.0,10.0,0.0,2.0,0.0,FOTOCOPIADORA,False,Estándar Minorista
VTA-0000286,6,1,12.0,0.0,12.0,0.0,2.0,0.0,FOTOCOPIADORA,True,Mayorista / Compra Atípica
VTA-0000287,6,1,12.0,0.0,12.0,0.0,2.0,0.0,FOTOCOPIADORA,True,Mayorista / Compra Atípica
VTA-0000288,4,1,4.0,0.0,4.0,0.0,1.0,0.0,FOTOCOPIADORA,False,Estándar Minorista
VTA-0000289,2,1,4.0,0.0,4.0,0.0,2.0,0.0,FOTOCOPIADORA,False,Estándar Minorista
VTA-0000290,2,1,4.0,0.0,4.0,0.0,2.0,0.0,FOTOCOPIADORA,False,Estándar Minorista
VTA-0000291,1,1,2.0,0.0,2.0,0.0,2.0,0.0,FOTOCOPIADORA,False,Estándar Minorista
VTA-0000292,2,1,2.0,0.0,2.0,0.0,1.0,0.0,FOTOCOPIADORA,False,Estándar Minorista
VTA-0000293,1,1,6.5,6.5,0.0,0.0,6.5,1.0,UTILES,False,Estándar Minorista
VTA-0000294,2,1,4.0,4.0,0.0,0.0,2.0,1.0,UTILES,False,Estándar Minorista
VTA-0000295,16,1,16.0,0.0,16.0,0.0,1.0,0.0,FOTOCOPIADORA,True,Mayorista / Compra Atípica
VTA-0000296,4,1,4.0,0.0,4.0,0.0,1.0,0.0,FOTOCOPIADORA,False,Estándar Minorista
VTA-0000297,1,1,5.0,5.0,0.0,0.0,5.0,1.0,UTILES,False,Estándar Minorista
VTA-0000298,10,1,1.0,0.0,1.0,0.0,0.1,0.0,FOTOCOPIADORA,False,Estándar Minorista
VTA-0000299,21,2,2.6,1.0,1.6,0.0,0.1238,0.3846,FOTOCOPIADORA,False,Estándar Minorista
VTA-0000300,15,1,1.2,0.0,1.2,0.0,0.08,0.0,FOTOCOPIADORA,False,Estándar Minorista
VTA-0000301,2,1,1.0,1.0,0.0,0.0,0.5,1.0,UTILES,False,Estándar Minorista
VTA-0000302,15,1,15.0,0.0,15.0,0.0,1.0,0.0,FOTOCOPIADORA,True,Mayorista / Compra Atípica
VTA-0000303,1,1,2.0,0.0,2.0,0.0,2.0,0.0,FOTOCOPIADORA,False,Estándar Minorista
VTA-0000304,3,1,3.0,0.0,3.0,0.0,1.0,0.0,FOTOCOPIADORA,False,Estándar Minorista
VTA-0000305,2,2,7.0,7.0,0.0,0.0,3.5,1.0,UTILES,False,Estándar Minorista
VTA-0000306,2352,1,188.2,0.0,188.2,0.0,0.08,0.0,FOTOCOPIADORA,True,Mayorista / Compra Atípica
VTA-0000307,1,1,1.0,1.0,0.0,0.0,1.0,1.0,UTILES,False,Estándar Minorista
VTA-0000308,1,1,1.0,0.0,1.0,0.0,1.0,0.0,FOTOCOPIADORA,False,Estándar Minorista
VTA-0000309,1,1,1.0,1.0,0.0,0.0,1.0,1.0,UTILES,False,Estándar Minorista
VTA-0000310,1,1,1.0,1.0,0.0,0.0,1.0,1.0,UTILES,False,Estándar Minorista
VTA-0000311,1,1,7.0,7.0,0.0,0.0,7.0,1.0,UTILES,False,Estándar Minorista
VTA-0000312,1,1,1.0,1.0,0.0,0.0,1.0,1.0,UTILES,False,Estándar Minorista
VTA-0000313,1,1,1.0,0.0,1.0,0.0,1.0,0.0,FOTOCOPIADORA,False,Estándar Minorista
VTA-0000314,1,1,1.0,1.0,0.0,0.0,1.0,1.0,UTILES,False,Estándar Minorista
VTA-0000315,1,1,3.0,3.0,0.0,0.0,3.0,1.0,UTILES,False,Estándar Minorista
VTA-0000316,2,1,2.0,2.0,0.0,0.0,1.0,1.0,UTILES,False,Estándar Minorista
VTA-0000317,116,1,9.3,0.0,9.3,0.0,0.0802,0.0,FOTOCOPIADORA,False,Estándar Minorista
VTA-0000318,1,1,1.5,1.5,0.0,0.0,1.5,1.0,UTILES,False,Estándar Minorista
VTA-0000319,1,1,1.0,1.0,0.0,0.0,1.0,1.0,UTILES,False,Estándar Minorista
VTA-0000320,24,1,12.0,0.0,12.0,0.0,0.5,0.0,FOTOCOPIADORA,True,Mayorista / Compra Atípica
VTA-0000321,4,1,4.0,0.0,4.0,0.0,1.0,0.0,FOTOCOPIADORA,False,Estándar Minorista
VTA-0000322,1,1,1.0,0.0,1.0,0.0,1.0,0.0,FOTOCOPIADORA,False,Estándar Minorista
VTA-0000323,4,2,1.6,1.6,0.0,0.0,0.4,1.0,UTILES,False,Estándar Minorista
VTA-0000324,1,1,1.0,1.0,0.0,0.0,1.0,1.0,UTILES,False,Estándar Minorista
VTA-0000325,1,1,1.0,1.0,0.0,0.0,1.0,1.0,UTILES,False,Estándar Minorista
VTA-0000326,88,1,7.0,0.0,7.0,0.0,0.0795,0.0,FOTOCOPIADORA,False,Estándar Minorista
VTA-0000327,1,1,1.5,1.5,0.0,0.0,1.5,1.0,UTILES,False,Estándar Minorista
VTA-0000328,1,1,1.0,1.0,0.0,0.0,1.0,1.0,UTILES,False,Estándar Minorista
VTA-0000329,13,2,3.9,3.9,0.0,0.0,0.3,1.0,UTILES,False,Estándar Minorista
VTA-0000330,1,1,0.1,0.0,0.1,0.0,0.1,0.0,FOTOCOPIADORA,False,Estándar Minorista
VTA-0000331,1,1,0.1,0.0,0.1,0.0,0.1,0.0,FOTOCOPIADORA,False,Estándar Minorista
VTA-0000332,6,1,1.2,1.2,0.0,0.0,0.2,1.0,UTILES,False,Estándar Minorista
VTA-0000333,1,1,5.0,5.0,0.0,0.0,5.0,1.0,UTILES,False,Estándar Minorista
VTA-0000334,79,1,6.3,0.0,6.3,0.0,0.0797,0.0,FOTOCOPIADORA,False,Estándar Minorista
VTA-0000335,35,1,2.8,0.0,2.8,0.0,0.08,0.0,FOTOCOPIADORA,False,Estándar Minorista
VTA-0000336,2,1,0.4,0.4,0.0,0.0,0.2,1.0,UTILES,False,Estándar Minorista
VTA-0000337,1,1,4.0,4.0,0.0,0.0,4.0,1.0,UTILES,False,Estándar Minorista
VTA-0000338,1,1,3.5,3.5,0.0,0.0,3.5,1.0,UTILES,False,Estándar Minorista
VTA-0000339,2,1,1.0,1.0,0.0,0.0,0.5,1.0,UTILES,False,Estándar Minorista
VTA-0000340,1,1,2.0,2.0,0.0,0.0,2.0,1.0,UTILES,False,Estándar Minorista
VTA-0000341,5,3,4.2,4.2,0.0,0.0,0.84,1.0,UTILES,False,Estándar Minorista
VTA-0000342,1,1,1.0,1.0,0.0,0.0,1.0,1.0,UTILES,False,Estándar Minorista
VTA-0000343,2,2,2.5,2.5,0.0,0.0,1.25,1.0,UTILES,False,Estándar Minorista
VTA-0000344,2,2,2.0,2.0,0.0,0.0,1.0,1.0,UTILES,False,Estándar Minorista
VTA-0000345,1,1,2.0,2.0,0.0,0.0,2.0,1.0,UTILES,False,Estándar Minorista
VTA-0000346,1,1,3.0,3.0,0.0,0.0,3.0,1.0,UTILES,False,Estándar Minorista
VTA-0000347,1,1,4.0,4.0,0.0,0.0,4.0,1.0,UTILES,False,Estándar Minorista
VTA-0000348,1,1,4.0,4.0,0.0,0.0,4.0,1.0,UTILES,False,Estándar Minorista
VTA-0000349,1,1,3.0,3.0,0.0,0.0,3.0,1.0,UTILES,False,Estándar Minorista
VTA-0000350,1,1,4.0,4.0,0.0,0.0,4.0,1.0,UTILES,False,Estándar Minorista
VTA-0000351,1,1,1.0,1.0,0.0,0.0,1.0,1.0,UTILES,False,Estándar Minorista
VTA-0000352,116,1,9.3,0.0,9.3,0.0,0.0802,0.0,FOTOCOPIADORA,False,Estándar Minorista
VTA-0000353,2,2,8.5,8.5,0.0,0.0,4.25,1.0,UTILES,False,Estándar Minorista
VTA-0000354,2,1,2.0,0.0,2.0,0.0,1.0,0.0,FOTOCOPIADORA,False,Estándar Minorista
VTA-0000355,1,1,1.5,1.5,0.0,0.0,1.5,1.0,UTILES,False,Estándar Minorista
VTA-0000356,2,1,2.0,0.0,2.0,0.0,1.0,0.0,FOTOCOPIADORA,False,Estándar Minorista
VTA-0000357,36,1,2.9,0.0,2.9,0.0,0.0806,0.0,FOTOCOPIADORA,False,Estándar Minorista
VTA-0000358,2,1,1.0,0.0,1.0,0.0,0.5,0.0,FOTOCOPIADORA,False,Estándar Minorista
VTA-0000359,1,1,1.0,1.0,0.0,0.0,1.0,1.0,UTILES,False,Estándar Minorista
VTA-0000360,1,1,2.0,2.0,0.0,0.0,2.0,1.0,UTILES,False,Estándar Minorista
VTA-0000361,1,1,2.0,2.0,0.0,0.0,2.0,1.0,UTILES,False,Estándar Minorista
VTA-0000362,3,1,3.0,0.0,3.0,0.0,1.0,0.0,FOTOCOPIADORA,False,Estándar Minorista
VTA-0000363,2,1,1.2,1.2,0.0,0.0,0.6,1.0,UTILES,False,Estándar Minorista
VTA-0000364,1,1,1.5,1.5,0.0,0.0,1.5,1.0,UTILES,False,Estándar Minorista
VTA-0000365,3,1,0.6,0.0,0.6,0.0,0.2,0.0,FOTOCOPIADORA,False,Estándar Minorista
VTA-0000366,60,1,4.8,0.0,4.8,0.0,0.08,0.0,FOTOCOPIADORA,False,Estándar Minorista
VTA-0000367,863,1,69.0,0.0,69.0,0.0,0.08,0.0,FOTOCOPIADORA,True,Mayorista / Compra Atípica
VTA-0000368,2,1,2.4,2.4,0.0,0.0,1.2,1.0,UTILES,False,Estándar Minorista
VTA-0000369,1,1,1.0,1.0,0.0,0.0,1.0,1.0,UTILES,False,Estándar Minorista
VTA-0000370,1,1,2.0,2.0,0.0,0.0,2.0,1.0,UTILES,False,Estándar Minorista
VTA-0000371,1,1,1.0,1.0,0.0,0.0,1.0,1.0,UTILES,False,Estándar Minorista
VTA-0000372,2,2,3.0,3.0,0.0,0.0,1.5,1.0,UTILES,False,Estándar Minorista
VTA-0000373,1,1,3.0,3.0,0.0,0.0,3.0,1.0,UTILES,False,Estándar Minorista
VTA-0000374,1200,1,96.0,0.0,96.0,0.0,0.08,0.0,FOTOCOPIADORA,True,Mayorista / Compra Atípica
VTA-0000375,1,1,1.0,1.0,0.0,0.0,1.0,1.0,UTILES,False,Estándar Minorista
VTA-0000376,2,2,2.0,2.0,0.0,0.0,1.0,1.0,UTILES,False,Estándar Minorista
VTA-0000377,2,2,2.0,2.0,0.0,0.0,1.0,1.0,UTILES,False,Estándar Minorista
VTA-0000378,1,1,1.0,0.0,1.0,0.0,1.0,0.0,FOTOCOPIADORA,False,Estándar Minorista
VTA-0000379,1,1,1.0,0.0,1.0,0.0,1.0,0.0,FOTOCOPIADORA,False,Estándar Minorista
VTA-0000380,1,1,2.0,0.0,2.0,0.0,2.0,0.0,FOTOCOPIADORA,False,Estándar Minorista
VTA-0000381,3,1,0.6,0.0,0.6,0.0,0.2,0.0,FOTOCOPIADORA,False,Estándar Minorista
VTA-0000382,1,1,2.5,2.5,0.0,0.0,2.5,1.0,UTILES,False,Estándar Minorista
VTA-0000383,28,1,2.2,0.0,2.2,0.0,0.0786,0.0,FOTOCOPIADORA,False,Estándar Minorista
VTA-0000384,59,1,4.7,0.0,4.7,0.0,0.0797,0.0,FOTOCOPIADORA,False,Estándar Minorista
VTA-0000385,13,9,20.0,20.0,0.0,0.0,1.5385,1.0,UTILES,True,Mayorista / Compra Atípica
VTA-0000386,1,1,0.6,0.0,0.6,0.0,0.6,0.0,FOTOCOPIADORA,False,Estándar Minorista
VTA-0000387,1,1,3.0,3.0,0.0,0.0,3.0,1.0,UTILES,False,Estándar Minorista
VTA-0000388,66,1,5.3,0.0,5.3,0.0,0.0803,0.0,FOTOCOPIADORA,False,Estándar Minorista
VTA-0000389,1,1,1.5,1.5,0.0,0.0,1.5,1.0,UTILES,False,Estándar Minorista
VTA-0000390,3,1,3.0,0.0,3.0,0.0,1.0,0.0,FOTOCOPIADORA,False,Estándar Minorista
VTA-0000391,1,1,3.0,3.0,0.0,0.0,3.0,1.0,UTILES,False,Estándar Minorista
VTA-0000392,41,1,3.3,0.0,3.3,0.0,0.0805,0.0,FOTOCOPIADORA,False,Estándar Minorista
VTA-0000393,1,1,1.0,1.0,0.0,0.0,1.0,1.0,UTILES,False,Estándar Minorista
VTA-0000394,1,1,2.0,0.0,2.0,0.0,2.0,0.0,FOTOCOPIADORA,False,Estándar Minorista
VTA-0000395,1,1,2.0,2.0,0.0,0.0,2.0,1.0,UTILES,False,Estándar Minorista
VTA-0000396,10,1,2.0,2.0,0.0,0.0,0.2,1.0,UTILES,False,Estándar Minorista
VTA-0000397,2,1,2.0,2.0,0.0,0.0,1.0,1.0,UTILES,False,Estándar Minorista
VTA-0000398,55,1,4.4,0.0,4.4,0.0,0.08,0.0,FOTOCOPIADORA,False,Estándar Minorista
VTA-0000399,1,1,1.0,1.0,0.0,0.0,1.0,1.0,UTILES,False,Estándar Minorista
VTA-0000400,48,1,3.8,0.0,3.8,0.0,0.0792,0.0,FOTOCOPIADORA,False,Estándar Minorista
VTA-0000401,3,1,1.5,1.5,0.0,0.0,0.5,1.0,UTILES,False,Estándar Minorista
VTA-0000402,1,1,2.5,2.5,0.0,0.0,2.5,1.0,UTILES,False,Estándar Minorista
VTA-0000403,1,1,1.0,0.0,1.0,0.0,1.0,0.0,FOTOCOPIADORA,False,Estándar Minorista
VTA-0000404,10,1,5.0,0.0,5.0,0.0,0.5,0.0,FOTOCOPIADORA,False,Estándar Minorista
VTA-0000405,1,1,0.1,0.0,0.1,0.0,0.1,0.0,FOTOCOPIADORA,False,Estándar Minorista
VTA-0000406,1,1,1.0,0.0,1.0,0.0,1.0,0.0,FOTOCOPIADORA,False,Estándar Minorista
VTA-0000407,43,1,3.4,0.0,3.4,0.0,0.0791,0.0,FOTOCOPIADORA,False,Estándar Minorista
VTA-0000408,3,1,1.5,0.0,1.5,0.0,0.5,0.0,FOTOCOPIADORA,False,Estándar Minorista
VTA-0000409,224,1,17.9,0.0,17.9,0.0,0.0799,0.0,FOTOCOPIADORA,True,Mayorista / Compra Atípica
VTA-0000410,23,18,75.5,75.5,0.0,0.0,3.2826,1.0,UTILES,True,Mayorista / Compra Atípica
VTA-0000411,2,2,4.0,4.0,0.0,0.0,2.0,1.0,UTILES,False,Estándar Minorista
VTA-0000412,1,1,3.0,3.0,0.0,0.0,3.0,1.0,UTILES,False,Estándar Minorista
VTA-0000413,1,1,3.0,3.0,0.0,0.0,3.0,1.0,UTILES,False,Estándar Minorista
VTA-0000414,1,1,3.0,3.0,0.0,0.0,3.0,1.0,UTILES,False,Estándar Minorista
VTA-0000415,2,1,2.0,0.0,2.0,0.0,1.0,0.0,FOTOCOPIADORA,False,Estándar Minorista
VTA-0000416,1,1,1.0,1.0,0.0,0.0,1.0,1.0,UTILES,False,Estándar Minorista
VTA-0000417,1,1,3.0,3.0,0.0,0.0,3.0,1.0,UTILES,False,Estándar Minorista
VTA-0000418,1,1,6.5,6.5,0.0,0.0,6.5,1.0,UTILES,False,Estándar Minorista
VTA-0000419,57,1,4.6,0.0,4.6,0.0,0.0807,0.0,FOTOCOPIADORA,False,Estándar Minorista
VTA-0000420,65,2,7.3,0.0,7.3,0.0,0.1123,0.0,FOTOCOPIADORA,False,Estándar Minorista
VTA-0000421,50,1,4.0,0.0,4.0,0.0,0.08,0.0,FOTOCOPIADORA,False,Estándar Minorista
VTA-0000422,4,2,6.0,6.0,0.0,0.0,1.5,1.0,UTILES,False,Estándar Minorista
VTA-0000423,1,1,1.0,1.0,0.0,0.0,1.0,1.0,UTILES,False,Estándar Minorista
VTA-0000424,1,1,0.5,0.5,0.0,0.0,0.5,1.0,UTILES,False,Estándar Minorista
VTA-0000425,1,1,2.0,2.0,0.0,0.0,2.0,1.0,UTILES,False,Estándar Minorista
VTA-0000426,1,1,3.0,3.0,0.0,0.0,3.0,1.0,UTILES,False,Estándar Minorista
VTA-0000427,1,1,1.2,1.2,0.0,0.0,1.2,1.0,UTILES,False,Estándar Minorista
VTA-0000428,1,1,4.0,4.0,0.0,0.0,4.0,1.0,UTILES,False,Estándar Minorista
VTA-0000429,1,1,2.0,0.0,2.0,0.0,2.0,0.0,FOTOCOPIADORA,False,Estándar Minorista
VTA-0000430,1,1,3.0,3.0,0.0,0.0,3.0,1.0,UTILES,False,Estándar Minorista
VTA-0000431,1,1,1.0,1.0,0.0,0.0,1.0,1.0,UTILES,False,Estándar Minorista
VTA-0000432,1,1,1.0,1.0,0.0,0.0,1.0,1.0,UTILES,False,Estándar Minorista
VTA-0000433,2,1,6.0,6.0,0.0,0.0,3.0,1.0,UTILES,False,Estándar Minorista
VTA-0000434,45,1,22.5,0.0,22.5,0.0,0.5,0.0,FOTOCOPIADORA,True,Mayorista / Compra Atípica
VTA-0000435,1,1,0.5,0.0,0.5,0.0,0.5,0.0,FOTOCOPIADORA,False,Estándar Minorista
VTA-0000436,1,1,1.5,1.5,0.0,0.0,1.5,1.0,UTILES,False,Estándar Minorista
VTA-0000437,2,1,2.0,0.0,2.0,0.0,1.0,0.0,FOTOCOPIADORA,False,Estándar Minorista
VTA-0000438,51,1,4.1,0.0,4.1,0.0,0.0804,0.0,FOTOCOPIADORA,False,Estándar Minorista
VTA-0000439,79,1,6.3,0.0,6.3,0.0,0.0797,0.0,FOTOCOPIADORA,False,Estándar Minorista
VTA-0000440,1,1,9.0,9.0,0.0,0.0,9.0,1.0,UTILES,False,Estándar Minorista
VTA-0000441,22,1,2.2,0.0,2.2,0.0,0.1,0.0,FOTOCOPIADORA,False,Estándar Minorista
VTA-0000442,1,1,1.2,1.2,0.0,0.0,1.2,1.0,UTILES,False,Estándar Minorista
VTA-0000443,10,1,1.0,0.0,1.0,0.0,0.1,0.0,FOTOCOPIADORA,False,Estándar Minorista
VTA-0000444,1,1,0.5,0.5,0.0,0.0,0.5,1.0,UTILES,False,Estándar Minorista
VTA-0000445,1,1,3.0,3.0,0.0,0.0,3.0,1.0,UTILES,False,Estándar Minorista
VTA-0000446,2,2,4.5,4.5,0.0,0.0,2.25,1.0,UTILES,False,Estándar Minorista
VTA-0000447,1,1,0.5,0.5,0.0,0.0,0.5,1.0,UTILES,False,Estándar Minorista
VTA-0000448,1,1,3.0,3.0,0.0,0.0,3.0,1.0,UTILES,False,Estándar Minorista
VTA-0000449,1,1,0.5,0.0,0.5,0.0,0.5,0.0,FOTOCOPIADORA,False,Estándar Minorista
VTA-0000450,1,1,2.0,2.0,0.0,0.0,2.0,1.0,UTILES,False,Estándar Minorista
VTA-0000451,18,1,1.4,0.0,1.4,0.0,0.0778,0.0,FOTOCOPIADORA,False,Estándar Minorista
VTA-0000452,1,1,4.0,4.0,0.0,0.0,4.0,1.0,UTILES,False,Estándar Minorista
VTA-0000453,2,1,6.0,6.0,0.0,0.0,3.0,1.0,UTILES,False,Estándar Minorista
VTA-0000454,2,1,2.0,2.0,0.0,0.0,1.0,1.0,UTILES,False,Estándar Minorista
VTA-0000455,40,1,3.2,0.0,3.2,0.0,0.08,0.0,FOTOCOPIADORA,False,Estándar Minorista
VTA-0000456,1,1,8.0,8.0,0.0,0.0,8.0,1.0,UTILES,False,Estándar Minorista
VTA-0000457,1,1,2.0,0.0,2.0,0.0,2.0,0.0,FOTOCOPIADORA,False,Estándar Minorista
VTA-0000458,2,1,4.0,4.0,0.0,0.0,2.0,1.0,UTILES,False,Estándar Minorista
VTA-0000459,1,1,1.0,1.0,0.0,0.0,1.0,1.0,UTILES,False,Estándar Minorista
VTA-0000460,2,1,0.2,0.2,0.0,0.0,0.1,1.0,UTILES,False,Estándar Minorista
VTA-0000461,2,2,6.0,6.0,0.0,0.0,3.0,1.0,UTILES,False,Estándar Minorista
VTA-0000462,1,1,1.0,1.0,0.0,0.0,1.0,1.0,UTILES,False,Estándar Minorista
VTA-0000463,1,1,1.0,0.0,1.0,0.0,1.0,0.0,FOTOCOPIADORA,False,Estándar Minorista
VTA-0000464,18,1,1.8,0.0,1.8,0.0,0.1,0.0,FOTOCOPIADORA,False,Estándar Minorista
VTA-0000465,40,1,3.2,0.0,3.2,0.0,0.08,0.0,FOTOCOPIADORA,False,Estándar Minorista
VTA-0000466,1,1,1.0,1.0,0.0,0.0,1.0,1.0,UTILES,False,Estándar Minorista
VTA-0000467,2,1,8.0,8.0,0.0,0.0,4.0,1.0,UTILES,False,Estándar Minorista
VTA-0000468,1,1,2.0,2.0,0.0,0.0,2.0,1.0,UTILES,False,Estándar Minorista
VTA-0000469,1,1,4.0,4.0,0.0,0.0,4.0,1.0,UTILES,False,Estándar Minorista
VTA-0000470,1,1,2.5,0.0,2.5,0.0,2.5,0.0,FOTOCOPIADORA,False,Estándar Minorista
VTA-0000471,4,1,2.0,2.0,0.0,0.0,0.5,1.0,UTILES,False,Estándar Minorista
VTA-0000472,2,2,2.0,2.0,0.0,0.0,1.0,1.0,UTILES,False,Estándar Minorista
VTA-0000473,2,2,2.0,2.0,0.0,0.0,1.0,1.0,UTILES,False,Estándar Minorista
VTA-0000474,1,1,1.0,1.0,0.0,0.0,1.0,1.0,UTILES,False,Estándar Minorista
VTA-0000475,1,1,0.5,0.0,0.5,0.0,0.5,0.0,FOTOCOPIADORA,False,Estándar Minorista
VTA-0000476,1,1,3.0,3.0,0.0,0.0,3.0,1.0,UTILES,False,Estándar Minorista
VTA-0000477,1,1,3.0,3.0,0.0,0.0,3.0,1.0,UTILES,False,Estándar Minorista
VTA-0000478,25,1,2.0,0.0,2.0,0.0,0.08,0.0,FOTOCOPIADORA,False,Estándar Minorista
VTA-0000479,65,2,7.3,0.0,7.3,0.0,0.1123,0.0,FOTOCOPIADORA,False,Estándar Minorista
VTA-0000480,2,1,1.2,1.2,0.0,0.0,0.6,1.0,UTILES,False,Estándar Minorista
VTA-0000481,1,1,1.0,1.0,0.0,0.0,1.0,1.0,UTILES,False,Estándar Minorista
VTA-0000482,2,2,6.5,6.5,0.0,0.0,3.25,1.0,UTILES,False,Estándar Minorista
VTA-0000483,2,2,3.0,3.0,0.0,0.0,1.5,1.0,UTILES,False,Estándar Minorista
VTA-0000484,1,1,3.0,3.0,0.0,0.0,3.0,1.0,UTILES,False,Estándar Minorista
VTA-0000485,1,1,0.6,0.6,0.0,0.0,0.6,1.0,UTILES,False,Estándar Minorista
VTA-0000486,1,1,3.0,3.0,0.0,0.0,3.0,1.0,UTILES,False,Estándar Minorista
VTA-0000487,54,1,4.3,0.0,4.3,0.0,0.0796,0.0,FOTOCOPIADORA,False,Estándar Minorista
VTA-0000488,31,1,2.5,0.0,2.5,0.0,0.0806,0.0,FOTOCOPIADORA,False,Estándar Minorista
VTA-0000489,2,1,2.0,0.0,2.0,0.0,1.0,0.0,FOTOCOPIADORA,False,Estándar Minorista
VTA-0000490,2,1,4.0,4.0,0.0,0.0,2.0,1.0,UTILES,False,Estándar Minorista
VTA-0000491,3,1,1.5,0.0,1.5,0.0,0.5,0.0,FOTOCOPIADORA,False,Estándar Minorista
VTA-0000492,1,1,3.0,3.0,0.0,0.0,3.0,1.0,UTILES,False,Estándar Minorista
VTA-0000493,2,2,8.6,8.6,0.0,0.0,4.3,1.0,UTILES,False,Estándar Minorista
VTA-0000494,2,1,4.0,0.0,4.0,0.0,2.0,0.0,FOTOCOPIADORA,False,Estándar Minorista
VTA-0000495,1,1,3.0,3.0,0.0,0.0,3.0,1.0,UTILES,False,Estándar Minorista
VTA-0000496,1,1,8.0,8.0,0.0,0.0,8.0,1.0,UTILES,False,Estándar Minorista
VTA-0000497,1,1,2.5,2.5,0.0,0.0,2.5,1.0,UTILES,False,Estándar Minorista
VTA-0000498,1,1,2.5,2.5,0.0,0.0,2.5,1.0,UTILES,False,Estándar Minorista
VTA-0000499,1,1,5.0,5.0,0.0,0.0,5.0,1.0,UTILES,False,Estándar Minorista
VTA-0000500,45,1,3.6,0.0,3.6,0.0,0.08,0.0,FOTOCOPIADORA,False,Estándar Minorista
VTA-0000501,4,1,2.4,2.4,0.0,0.0,0.6,1.0,UTILES,False,Estándar Minorista
VTA-0000502,3,3,12.5,12.5,0.0,0.0,4.1667,1.0,UTILES,True,Mayorista / Compra Atípica
VTA-0000503,1,1,5.0,5.0,0.0,0.0,5.0,1.0,UTILES,False,Estándar Minorista
VTA-0000504,2,2,4.0,4.0,0.0,0.0,2.0,1.0,UTILES,False,Estándar Minorista
VTA-0000505,1,1,3.0,3.0,0.0,0.0,3.0,1.0,UTILES,False,Estándar Minorista
VTA-0000506,35,1,2.8,0.0,2.8,0.0,0.08,0.0,FOTOCOPIADORA,False,Estándar Minorista
VTA-0000507,2,2,9.0,9.0,0.0,0.0,4.5,1.0,UTILES,False,Estándar Minorista
VTA-0000508,65,1,5.2,0.0,5.2,0.0,0.08,0.0,FOTOCOPIADORA,False,Estándar Minorista
VTA-0000509,3,1,1.8,1.8,0.0,0.0,0.6,1.0,UTILES,False,Estándar Minorista
VTA-0000510,20,1,1.6,0.0,1.6,0.0,0.08,0.0,FOTOCOPIADORA,False,Estándar Minorista
VTA-0000511,20,1,1.6,0.0,1.6,0.0,0.08,0.0,FOTOCOPIADORA,False,Estándar Minorista
VTA-0000512,3,1,9.0,9.0,0.0,0.0,3.0,1.0,UTILES,False,Estándar Minorista
VTA-0000513,1,1,1.5,1.5,0.0,0.0,1.5,1.0,UTILES,False,Estándar Minorista
VTA-0000514,1,1,0.5,0.0,0.5,0.0,0.5,0.0,FOTOCOPIADORA,False,Estándar Minorista
VTA-0000515,1,1,1.0,0.0,1.0,0.0,1.0,0.0,FOTOCOPIADORA,False,Estándar Minorista
VTA-0000516,1,1,3.0,3.0,0.0,0.0,3.0,1.0,UTILES,False,Estándar Minorista
VTA-0000517,3,3,12.5,12.5,0.0,0.0,4.1667,1.0,UTILES,True,Mayorista / Compra Atípica
VTA-0000518,1,1,0.1,0.0,0.1,0.0,0.1,0.0,FOTOCOPIADORA,False,Estándar Minorista
VTA-0000519,1,1,6.0,6.0,0.0,0.0,6.0,1.0,UTILES,False,Estándar Minorista
VTA-0000520,1,1,9.0,9.0,0.0,0.0,9.0,1.0,UTILES,False,Estándar Minorista
VTA-0000521,1,1,2.0,0.0,2.0,0.0,2.0,0.0,FOTOCOPIADORA,False,Estándar Minorista
VTA-0000522,20,1,2.0,0.0,2.0,0.0,0.1,0.0,FOTOCOPIADORA,False,Estándar Minorista
VTA-0000523,2,2,6.0,6.0,0.0,0.0,3.0,1.0,UTILES,False,Estándar Minorista
VTA-0000524,1,1,3.0,3.0,0.0,0.0,3.0,1.0,UTILES,False,Estándar Minorista
VTA-0000525,2,2,4.0,4.0,0.0,0.0,2.0,1.0,UTILES,False,Estándar Minorista
VTA-0000526,10,1,1.0,1.0,0.0,0.0,0.1,1.0,UTILES,False,Estándar Minorista
VTA-0000527,1,1,0.1,0.0,0.1,0.0,0.1,0.0,FOTOCOPIADORA,False,Estándar Minorista
VTA-0000528,1,1,1.0,1.0,0.0,0.0,1.0,1.0,UTILES,False,Estándar Minorista
VTA-0000529,1,1,0.1,0.0,0.1,0.0,0.1,0.0,FOTOCOPIADORA,False,Estándar Minorista
VTA-0000530,2,2,3.0,3.0,0.0,0.0,1.5,1.0,UTILES,False,Estándar Minorista
VTA-0000531,1,1,1.0,1.0,0.0,0.0,1.0,1.0,UTILES,False,Estándar Minorista
VTA-0000532,1,1,0.1,0.0,0.1,0.0,0.1,0.0,FOTOCOPIADORA,False,Estándar Minorista
VTA-0000533,1,1,1.0,1.0,0.0,0.0,1.0,1.0,UTILES,False,Estándar Minorista
VTA-0000534,1,1,1.0,1.0,0.0,0.0,1.0,1.0,UTILES,False,Estándar Minorista
VTA-0000535,1,1,1.0,1.0,0.0,0.0,1.0,1.0,UTILES,False,Estándar Minorista
VTA-0000536,1,1,2.5,2.5,0.0,0.0,2.5,1.0,UTILES,False,Estándar Minorista
VTA-0000537,1,1,3.0,3.0,0.0,0.0,3.0,1.0,UTILES,False,Estándar Minorista
VTA-0000538,1,1,1.5,1.5,0.0,0.0,1.5,1.0,UTILES,False,Estándar Minorista
VTA-0000539,2,1,5.0,5.0,0.0,0.0,2.5,1.0,UTILES,False,Estándar Minorista
VTA-0000540,1,1,8.0,8.0,0.0,0.0,8.0,1.0,UTILES,False,Estándar Minorista
VTA-0000541,14,1,7.0,0.0,7.0,0.0,0.5,0.0,FOTOCOPIADORA,False,Estándar Minorista
VTA-0000542,1,1,1.0,0.0,1.0,0.0,1.0,0.0,FOTOCOPIADORA,False,Estándar Minorista
VTA-0000543,2,1,2.0,2.0,0.0,0.0,1.0,1.0,UTILES,False,Estándar Minorista
VTA-0000544,7,1,0.7,0.0,0.7,0.0,0.1,0.0,FOTOCOPIADORA,False,Estándar Minorista
VTA-0000545,312,1,25.0,0.0,25.0,0.0,0.0801,0.0,FOTOCOPIADORA,True,Mayorista / Compra Atípica
VTA-0000546,1,1,5.0,5.0,0.0,0.0,5.0,1.0,UTILES,False,Estándar Minorista
VTA-0000547,1,1,1.0,1.0,0.0,0.0,1.0,1.0,UTILES,False,Estándar Minorista
VTA-0000548,1,1,5.0,5.0,0.0,0.0,5.0,1.0,UTILES,False,Estándar Minorista
VTA-0000549,1,1,1.0,0.0,1.0,0.0,1.0,0.0,FOTOCOPIADORA,False,Estándar Minorista
VTA-0000550,1,1,1.0,1.0,0.0,0.0,1.0,1.0,UTILES,False,Estándar Minorista
VTA-0000551,1,1,2.5,2.5,0.0,0.0,2.5,1.0,UTILES,False,Estándar Minorista
VTA-0000552,1,1,1.0,1.0,0.0,0.0,1.0,1.0,UTILES,False,Estándar Minorista
VTA-0000553,1,1,1.0,1.0,0.0,0.0,1.0,1.0,UTILES,False,Estándar Minorista
VTA-0000554,2,1,2.0,0.0,2.0,0.0,1.0,0.0,FOTOCOPIADORA,False,Estándar Minorista
VTA-0000555,1,1,7.0,7.0,0.0,0.0,7.0,1.0,UTILES,False,Estándar Minorista
VTA-0000556,12,1,1.0,0.0,1.0,0.0,0.0833,0.0,FOTOCOPIADORA,False,Estándar Minorista
VTA-0000557,1,1,2.0,0.0,2.0,0.0,2.0,0.0,FOTOCOPIADORA,False,Estándar Minorista
VTA-0000558,2,2,8.0,8.0,0.0,0.0,4.0,1.0,UTILES,False,Estándar Minorista
VTA-0000559,1,1,1.0,1.0,0.0,0.0,1.0,1.0,UTILES,False,Estándar Minorista
VTA-0000560,3,1,1.5,0.0,1.5,0.0,0.5,0.0,FOTOCOPIADORA,False,Estándar Minorista
VTA-0000561,1,1,1.0,1.0,0.0,0.0,1.0,1.0,UTILES,False,Estándar Minorista
VTA-0000562,1,1,0.5,0.5,0.0,0.0,0.5,1.0,UTILES,False,Estándar Minorista
VTA-0000563,1,1,1.0,1.0,0.0,0.0,1.0,1.0,UTILES,False,Estándar Minorista
VTA-0000564,1,1,1.0,1.0,0.0,0.0,1.0,1.0,UTILES,False,Estándar Minorista
VTA-0000565,1,1,3.0,3.0,0.0,0.0,3.0,1.0,UTILES,False,Estándar Minorista
VTA-0000566,2,1,6.0,6.0,0.0,0.0,3.0,1.0,UTILES,False,Estándar Minorista
VTA-0000567,1,1,3.0,3.0,0.0,0.0,3.0,1.0,UTILES,False,Estándar Minorista
VTA-0000568,1,1,3.0,3.0,0.0,0.0,3.0,1.0,UTILES,False,Estándar Minorista
VTA-0000569,1,1,6.5,6.5,0.0,0.0,6.5,1.0,UTILES,False,Estándar Minorista
VTA-0000570,4,1,7.0,7.0,0.0,0.0,1.75,1.0,UTILES,False,Estándar Minorista
VTA-0000571,1,1,2.5,2.5,0.0,0.0,2.5,1.0,UTILES,False,Estándar Minorista
VTA-0000572,1,1,9.0,9.0,0.0,0.0,9.0,1.0,UTILES,False,Estándar Minorista
VTA-0000573,5,4,7.5,7.5,0.0,0.0,1.5,1.0,UTILES,False,Estándar Minorista
VTA-0000574,1,1,1.0,1.0,0.0,0.0,1.0,1.0,UTILES,False,Estándar Minorista
VTA-0000575,58,1,4.6,0.0,4.6,0.0,0.0793,0.0,FOTOCOPIADORA,False,Estándar Minorista
VTA-0000576,12,1,1.0,0.0,1.0,0.0,0.0833,0.0,FOTOCOPIADORA,False,Estándar Minorista
VTA-0000577,39,1,3.1,0.0,3.1,0.0,0.0795,0.0,FOTOCOPIADORA,False,Estándar Minorista
VTA-0000578,1,1,0.5,0.0,0.5,0.0,0.5,0.0,FOTOCOPIADORA,False,Estándar Minorista
VTA-0000579,1,1,0.5,0.0,0.5,0.0,0.5,0.0,FOTOCOPIADORA,False,Estándar Minorista
VTA-0000580,1,1,5.0,5.0,0.0,0.0,5.0,1.0,UTILES,False,Estándar Minorista
VTA-0000581,5,1,1.0,0.0,1.0,0.0,0.2,0.0,FOTOCOPIADORA,False,Estándar Minorista
VTA-0000582,2,1,1.0,0.0,1.0,0.0,0.5,0.0,FOTOCOPIADORA,False,Estándar Minorista
VTA-0000583,2,2,5.0,5.0,0.0,0.0,2.5,1.0,UTILES,False,Estándar Minorista
VTA-0000584,2,2,2.0,2.0,0.0,0.0,1.0,1.0,UTILES,False,Estándar Minorista
VTA-0000585,1,1,9.0,9.0,0.0,0.0,9.0,1.0,UTILES,False,Estándar Minorista
VTA-0000586,1,1,1.0,1.0,0.0,0.0,1.0,1.0,UTILES,False,Estándar Minorista
VTA-0000587,1,1,3.0,3.0,0.0,0.0,3.0,1.0,UTILES,False,Estándar Minorista
VTA-0000588,1,1,3.0,3.0,0.0,0.0,3.0,1.0,UTILES,False,Estándar Minorista
VTA-0000589,2,2,3.5,3.5,0.0,0.0,1.75,1.0,UTILES,False,Estándar Minorista
VTA-0000590,2,2,3.0,3.0,0.0,0.0,1.5,1.0,UTILES,False,Estándar Minorista
VTA-0000591,5,2,5.0,5.0,0.0,0.0,1.0,1.0,UTILES,False,Estándar Minorista
VTA-0000592,84,1,6.7,0.0,6.7,0.0,0.0798,0.0,FOTOCOPIADORA,False,Estándar Minorista
VTA-0000593,54,1,4.3,0.0,4.3,0.0,0.0796,0.0,FOTOCOPIADORA,False,Estándar Minorista
VTA-0000594,20,1,1.6,0.0,1.6,0.0,0.08,0.0,FOTOCOPIADORA,False,Estándar Minorista
VTA-0000595,26,1,2.1,0.0,2.1,0.0,0.0808,0.0,FOTOCOPIADORA,False,Estándar Minorista
VTA-0000596,1,1,1.0,1.0,0.0,0.0,1.0,1.0,UTILES,False,Estándar Minorista
VTA-0000597,1,1,3.0,3.0,0.0,0.0,3.0,1.0,UTILES,False,Estándar Minorista
VTA-0000598,1,1,3.0,3.0,0.0,0.0,3.0,1.0,UTILES,False,Estándar Minorista
VTA-0000599,2,2,4.0,4.0,0.0,0.0,2.0,1.0,UTILES,False,Estándar Minorista
VTA-0000600,115,1,9.2,0.0,9.2,0.0,0.08,0.0,FOTOCOPIADORA,False,Estándar Minorista
VTA-0000601,183,2,18.0,0.0,18.0,0.0,0.0984,0.0,FOTOCOPIADORA,True,Mayorista / Compra Atípica
VTA-0000602,1,1,2.5,2.5,0.0,0.0,2.5,1.0,UTILES,False,Estándar Minorista
VTA-0000603,9,3,2.0,2.0,0.0,0.0,0.2222,1.0,UTILES,False,Estándar Minorista
VTA-0000604,5,2,1.6,1.6,0.0,0.0,0.32,1.0,UTILES,False,Estándar Minorista
VTA-0000605,1,1,1.0,1.0,0.0,0.0,1.0,1.0,UTILES,False,Estándar Minorista
VTA-0000606,1,1,1.5,1.5,0.0,0.0,1.5,1.0,UTILES,False,Estándar Minorista
VTA-0000607,6,2,0.8999999999999999,0.8999999999999999,0.0,0.0,0.15,1.0,UTILES,False,Estándar Minorista
VTA-0000608,1,1,1.0,1.0,0.0,0.0,1.0,1.0,UTILES,False,Estándar Minorista
VTA-0000609,1,1,1.0,1.0,0.0,0.0,1.0,1.0,UTILES,False,Estándar Minorista
VTA-0000610,1,1,6.5,6.5,0.0,0.0,6.5,1.0,UTILES,False,Estándar Minorista
VTA-0000611,18,9,18.0,18.0,0.0,0.0,1.0,1.0,UTILES,True,Mayorista / Compra Atípica
VTA-0000612,34,1,2.7,0.0,2.7,0.0,0.0794,0.0,FOTOCOPIADORA,False,Estándar Minorista
VTA-0000613,52,1,4.2,0.0,4.2,0.0,0.0808,0.0,FOTOCOPIADORA,False,Estándar Minorista
VTA-0000614,1,1,1.0,1.0,0.0,0.0,1.0,1.0,UTILES,False,Estándar Minorista
VTA-0000615,88,1,7.0,0.0,7.0,0.0,0.0795,0.0,FOTOCOPIADORA,False,Estándar Minorista
VTA-0000616,115,1,9.2,0.0,9.2,0.0,0.08,0.0,FOTOCOPIADORA,False,Estándar Minorista
VTA-0000617,1,1,2.5,2.5,0.0,0.0,2.5,1.0,UTILES,False,Estándar Minorista
VTA-0000618,12,1,1.0,0.0,1.0,0.0,0.0833,0.0,FOTOCOPIADORA,False,Estándar Minorista
VTA-0000619,6,1,6.0,0.0,6.0,0.0,1.0,0.0,FOTOCOPIADORA,False,Estándar Minorista
VTA-0000620,1,1,0.1,0.1,0.0,0.0,0.1,1.0,UTILES,False,Estándar Minorista
VTA-0000621,1,1,0.5,0.5,0.0,0.0,0.5,1.0,UTILES,False,Estándar Minorista
VTA-0000622,3,3,4.5,4.5,0.0,0.0,1.5,1.0,UTILES,False,Estándar Minorista
VTA-0000623,1,1,2.0,2.0,0.0,0.0,2.0,1.0,UTILES,False,Estándar Minorista
VTA-0000624,1,1,1.5,1.5,0.0,0.0,1.5,1.0,UTILES,False,Estándar Minorista
VTA-0000625,1,1,1.0,1.0,0.0,0.0,1.0,1.0,UTILES,False,Estándar Minorista
VTA-0000626,7,5,10.5,10.5,0.0,0.0,1.5,1.0,UTILES,True,Mayorista / Compra Atípica
VTA-0000627,1,1,1.0,1.0,0.0,0.0,1.0,1.0,UTILES,False,Estándar Minorista
VTA-0000628,58,1,4.6,0.0,4.6,0.0,0.0793,0.0,FOTOCOPIADORA,False,Estándar Minorista
VTA-0000629,109,1,8.7,0.0,8.7,0.0,0.0798,0.0,FOTOCOPIADORA,False,Estándar Minorista
VTA-0000630,3,3,2.5,2.5,0.0,0.0,0.8333,1.0,UTILES,False,Estándar Minorista
VTA-0000631,1,1,2.0,2.0,0.0,0.0,2.0,1.0,UTILES,False,Estándar Minorista
VTA-0000632,24,3,6.0,6.0,0.0,0.0,0.25,1.0,UTILES,False,Estándar Minorista
VTA-0000633,1,1,5.5,5.5,0.0,0.0,5.5,1.0,UTILES,False,Estándar Minorista
VTA-0000634,8,5,12.5,12.5,0.0,0.0,1.5625,1.0,UTILES,True,Mayorista / Compra Atípica
VTA-0000635,1,1,1.0,1.0,0.0,0.0,1.0,1.0,UTILES,False,Estándar Minorista
VTA-0000636,40,1,3.2,0.0,3.2,0.0,0.08,0.0,FOTOCOPIADORA,False,Estándar Minorista
VTA-0000637,36,1,2.9,0.0,2.9,0.0,0.0806,0.0,FOTOCOPIADORA,False,Estándar Minorista
VTA-0000638,1,1,6.5,6.5,0.0,0.0,6.5,1.0,UTILES,False,Estándar Minorista
VTA-0000639,31,16,7.5,7.5,0.0,0.0,0.2419,1.0,UTILES,False,Estándar Minorista
VTA-0000640,1,1,1.0,0.0,1.0,0.0,1.0,0.0,FOTOCOPIADORA,False,Estándar Minorista
VTA-0000641,1,1,1.0,1.0,0.0,0.0,1.0,1.0,UTILES,False,Estándar Minorista
VTA-0000642,2,1,1.0,1.0,0.0,0.0,0.5,1.0,UTILES,False,Estándar Minorista
VTA-0000643,1,1,2.5,2.5,0.0,0.0,2.5,1.0,UTILES,False,Estándar Minorista
VTA-0000644,1,1,2.5,2.5,0.0,0.0,2.5,1.0,UTILES,False,Estándar Minorista
VTA-0000645,4,4,4.0,4.0,0.0,0.0,1.0,1.0,UTILES,False,Estándar Minorista
VTA-0000646,1,1,6.0,6.0,0.0,0.0,6.0,1.0,UTILES,False,Estándar Minorista
VTA-0000647,7,4,13.0,13.0,0.0,0.0,1.8571,1.0,UTILES,True,Mayorista / Compra Atípica
VTA-0000648,15,1,1.5,1.5,0.0,0.0,0.1,1.0,UTILES,False,Estándar Minorista
VTA-0000649,5,3,1.0,1.0,0.0,0.0,0.2,1.0,UTILES,False,Estándar Minorista
VTA-0000650,1,1,4.0,4.0,0.0,0.0,4.0,1.0,UTILES,False,Estándar Minorista
VTA-0000651,1,1,1.0,1.0,0.0,0.0,1.0,1.0,UTILES,False,Estándar Minorista
VTA-0000652,1,1,3.0,3.0,0.0,0.0,3.0,1.0,UTILES,False,Estándar Minorista
VTA-0000653,1,1,6.5,6.5,0.0,0.0,6.5,1.0,UTILES,False,Estándar Minorista
VTA-0000654,1,1,6.5,6.5,0.0,0.0,6.5,1.0,UTILES,False,Estándar Minorista
VTA-0000655,2,1,1.0,1.0,0.0,0.0,0.5,1.0,UTILES,False,Estándar Minorista
VTA-0000656,3,1,0.6,0.6,0.0,0.0,0.2,1.0,UTILES,False,Estándar Minorista
VTA-0000657,1,1,4.0,4.0,0.0,0.0,4.0,1.0,UTILES,False,Estándar Minorista
VTA-0000658,2,1,2.0,2.0,0.0,0.0,1.0,1.0,UTILES,False,Estándar Minorista
VTA-0000659,6,4,9.5,9.5,0.0,0.0,1.5833,1.0,UTILES,False,Estándar Minorista
VTA-0000660,1,1,3.0,3.0,0.0,0.0,3.0,1.0,UTILES,False,Estándar Minorista
VTA-0000661,49,1,3.9,0.0,3.9,0.0,0.0796,0.0,FOTOCOPIADORA,False,Estándar Minorista
VTA-0000662,2,1,2.0,2.0,0.0,0.0,1.0,1.0,UTILES,False,Estándar Minorista
VTA-0000663,1,1,2.0,2.0,0.0,0.0,2.0,1.0,UTILES,False,Estándar Minorista
VTA-0000664,1,1,1.5,1.5,0.0,0.0,1.5,1.0,UTILES,False,Estándar Minorista
VTA-0000665,1,1,1.5,1.5,0.0,0.0,1.5,1.0,UTILES,False,Estándar Minorista
VTA-0000666,1,1,2.0,2.0,0.0,0.0,2.0,1.0,UTILES,False,Estándar Minorista
VTA-0000667,1,1,1.0,1.0,0.0,0.0,1.0,1.0,UTILES,False,Estándar Minorista
VTA-0000668,1,1,1.5,1.5,0.0,0.0,1.5,1.0,UTILES,False,Estándar Minorista
VTA-0000669,24,1,1.9,0.0,1.9,0.0,0.0792,0.0,FOTOCOPIADORA,False,Estándar Minorista
VTA-0000670,1,1,1.0,1.0,0.0,0.0,1.0,1.0,UTILES,False,Estándar Minorista
VTA-0000671,1,1,1.5,1.5,0.0,0.0,1.5,1.0,UTILES,False,Estándar Minorista
VTA-0000672,9,1,0.7,0.0,0.7,0.0,0.0778,0.0,FOTOCOPIADORA,False,Estándar Minorista
VTA-0000673,5,1,0.5,0.0,0.5,0.0,0.1,0.0,FOTOCOPIADORA,False,Estándar Minorista
VTA-0000674,1,1,1.5,1.5,0.0,0.0,1.5,1.0,UTILES,False,Estándar Minorista
VTA-0000675,230,1,18.4,0.0,18.4,0.0,0.08,0.0,FOTOCOPIADORA,True,Mayorista / Compra Atípica
VTA-0000676,25,1,25.0,0.0,25.0,0.0,1.0,0.0,FOTOCOPIADORA,True,Mayorista / Compra Atípica
VTA-0000677,4,1,8.0,0.0,8.0,0.0,2.0,0.0,FOTOCOPIADORA,False,Estándar Minorista
VTA-0000678,205,2,18.3,0.0,18.3,0.0,0.0893,0.0,FOTOCOPIADORA,True,Mayorista / Compra Atípica
VTA-0000679,13,11,21.3,21.3,0.0,0.0,1.6385,1.0,UTILES,True,Mayorista / Compra Atípica
VTA-0000680,1,1,3.0,3.0,0.0,0.0,3.0,1.0,UTILES,False,Estándar Minorista
VTA-0000681,1,1,3.0,3.0,0.0,0.0,3.0,1.0,UTILES,False,Estándar Minorista
VTA-0000682,3,3,4.5,4.5,0.0,0.0,1.5,1.0,UTILES,False,Estándar Minorista
VTA-0000683,4,4,6.8,6.8,0.0,0.0,1.7,1.0,UTILES,False,Estándar Minorista
VTA-0000684,2,1,0.2,0.0,0.2,0.0,0.1,0.0,FOTOCOPIADORA,False,Estándar Minorista
VTA-0000685,80,1,6.4,0.0,6.4,0.0,0.08,0.0,FOTOCOPIADORA,False,Estándar Minorista
VTA-0000686,1,1,1.5,1.5,0.0,0.0,1.5,1.0,UTILES,False,Estándar Minorista
VTA-0000687,34,1,2.7,0.0,2.7,0.0,0.0794,0.0,FOTOCOPIADORA,False,Estándar Minorista
VTA-0000688,3,2,0.7,0.7,0.0,0.0,0.2333,1.0,UTILES,False,Estándar Minorista
VTA-0000689,1,1,3.0,3.0,0.0,0.0,3.0,1.0,UTILES,False,Estándar Minorista
VTA-0000690,1,1,3.0,3.0,0.0,0.0,3.0,1.0,UTILES,False,Estándar Minorista
VTA-0000691,1,1,3.0,3.0,0.0,0.0,3.0,1.0,UTILES,False,Estándar Minorista
VTA-0000692,4,3,8.7,8.7,0.0,0.0,2.175,1.0,UTILES,False,Estándar Minorista
VTA-0000693,3,3,4.0,4.0,0.0,0.0,1.3333,1.0,UTILES,False,Estándar Minorista
VTA-0000694,1,1,1.0,0.0,1.0,0.0,1.0,0.0,FOTOCOPIADORA,False,Estándar Minorista
VTA-0000695,56,1,4.5,0.0,4.5,0.0,0.0804,0.0,FOTOCOPIADORA,False,Estándar Minorista
VTA-0000696,54,1,4.3,0.0,4.3,0.0,0.0796,0.0,FOTOCOPIADORA,False,Estándar Minorista
VTA-0000697,8,1,8.0,0.0,8.0,0.0,1.0,0.0,FOTOCOPIADORA,False,Estándar Minorista
VTA-0000698,3,2,2.5,0.0,2.5,0.0,0.8333,0.0,FOTOCOPIADORA,False,Estándar Minorista
VTA-0000699,12,2,6.6,0.0,6.6,0.0,0.55,0.0,FOTOCOPIADORA,False,Estándar Minorista
VTA-0000700,3,2,3.0,3.0,0.0,0.0,1.0,1.0,UTILES,False,Estándar Minorista
VTA-0000701,1,1,7.0,7.0,0.0,0.0,7.0,1.0,UTILES,False,Estándar Minorista
VTA-0000702,1,1,3.0,3.0,0.0,0.0,3.0,1.0,UTILES,False,Estándar Minorista
VTA-0000703,1,1,1.5,1.5,0.0,0.0,1.5,1.0,UTILES,False,Estándar Minorista
VTA-0000704,1,1,2.0,2.0,0.0,0.0,2.0,1.0,UTILES,False,Estándar Minorista
VTA-0000705,3,3,4.5,4.5,0.0,0.0,1.5,1.0,UTILES,False,Estándar Minorista
VTA-0000706,2,2,5.5,5.5,0.0,0.0,2.75,1.0,UTILES,False,Estándar Minorista
VTA-0000707,7,5,6.8,6.8,0.0,0.0,0.9714,1.0,UTILES,False,Estándar Minorista
VTA-0000708,3,3,4.5,4.5,0.0,0.0,1.5,1.0,UTILES,False,Estándar Minorista
VTA-0000709,54,1,4.3,0.0,4.3,0.0,0.0796,0.0,FOTOCOPIADORA,False,Estándar Minorista
VTA-0000710,32,1,2.6,0.0,2.6,0.0,0.0812,0.0,FOTOCOPIADORA,False,Estándar Minorista
VTA-0000711,1,1,7.5,7.5,0.0,0.0,7.5,1.0,UTILES,False,Estándar Minorista
VTA-0000712,35,1,17.5,0.0,17.5,0.0,0.5,0.0,FOTOCOPIADORA,True,Mayorista / Compra Atípica
VTA-0000713,1,1,0.5,0.0,0.5,0.0,0.5,0.0,FOTOCOPIADORA,False,Estándar Minorista
VTA-0000714,1,1,1.0,1.0,0.0,0.0,1.0,1.0,UTILES,False,Estándar Minorista
VTA-0000715,6,2,1.0,1.0,0.0,0.0,0.1667,1.0,UTILES,False,Estándar Minorista
VTA-0000716,1,1,0.5,0.5,0.0,0.0,0.5,1.0,UTILES,False,Estándar Minorista
VTA-0000717,1,1,4.0,4.0,0.0,0.0,4.0,1.0,UTILES,False,Estándar Minorista
VTA-0000718,3,2,3.0,3.0,0.0,0.0,1.0,1.0,UTILES,False,Estándar Minorista
VTA-0000719,2,1,0.2,0.0,0.2,0.0,0.1,0.0,FOTOCOPIADORA,False,Estándar Minorista
VTA-0000720,44,1,3.5,0.0,3.5,0.0,0.0795,0.0,FOTOCOPIADORA,False,Estándar Minorista
VTA-0000721,38,1,3.0,0.0,3.0,0.0,0.0789,0.0,FOTOCOPIADORA,False,Estándar Minorista
VTA-0000722,2,1,2.0,0.0,2.0,0.0,1.0,0.0,FOTOCOPIADORA,False,Estándar Minorista
VTA-0000723,3,1,0.3,0.0,0.3,0.0,0.1,0.0,FOTOCOPIADORA,False,Estándar Minorista
VTA-0000724,1,1,1.5,1.5,0.0,0.0,1.5,1.0,UTILES,False,Estándar Minorista
VTA-0000725,1,1,7.0,7.0,0.0,0.0,7.0,1.0,UTILES,False,Estándar Minorista
VTA-0000726,1,1,2.0,0.0,2.0,0.0,2.0,0.0,FOTOCOPIADORA,False,Estándar Minorista
VTA-0000727,8,2,15.0,0.0,15.0,0.0,1.875,0.0,FOTOCOPIADORA,True,Mayorista / Compra Atípica
VTA-0000728,1,1,4.0,4.0,0.0,0.0,4.0,1.0,UTILES,False,Estándar Minorista
VTA-0000729,1,1,0.5,0.5,0.0,0.0,0.5,1.0,UTILES,False,Estándar Minorista
VTA-0000730,1,1,2.0,2.0,0.0,0.0,2.0,1.0,UTILES,False,Estándar Minorista
VTA-0000731,1,1,4.0,4.0,0.0,0.0,4.0,1.0,UTILES,False,Estándar Minorista
VTA-0000732,13,1,1.3,0.0,1.3,0.0,0.1,0.0,FOTOCOPIADORA,False,Estándar Minorista
VTA-0000733,1,1,4.0,4.0,0.0,0.0,4.0,1.0,UTILES,False,Estándar Minorista
VTA-0000734,2,2,15.0,15.0,0.0,0.0,7.5,1.0,UTILES,True,Mayorista / Compra Atípica
VTA-0000735,1,1,3.0,3.0,0.0,0.0,3.0,1.0,UTILES,False,Estándar Minorista
VTA-0000736,1,1,3.0,3.0,0.0,0.0,3.0,1.0,UTILES,False,Estándar Minorista
VTA-0000737,1,1,3.0,3.0,0.0,0.0,3.0,1.0,UTILES,False,Estándar Minorista
VTA-0000738,1,1,3.0,3.0,0.0,0.0,3.0,1.0,UTILES,False,Estándar Minorista
VTA-0000739,1,1,2.0,0.0,2.0,0.0,2.0,0.0,FOTOCOPIADORA,False,Estándar Minorista
VTA-0000740,210,1,16.8,0.0,16.8,0.0,0.08,0.0,FOTOCOPIADORA,True,Mayorista / Compra Atípica
VTA-0000741,2,2,1.6,1.6,0.0,0.0,0.8,1.0,UTILES,False,Estándar Minorista
VTA-0000742,1,1,0.6,0.6,0.0,0.0,0.6,1.0,UTILES,False,Estándar Minorista
VTA-0000743,1,1,3.0,3.0,0.0,0.0,3.0,1.0,UTILES,False,Estándar Minorista
VTA-0000744,1,1,6.5,6.5,0.0,0.0,6.5,1.0,UTILES,False,Estándar Minorista
VTA-0000745,88,1,7.0,0.0,7.0,0.0,0.0795,0.0,FOTOCOPIADORA,False,Estándar Minorista
VTA-0000746,1,1,0.8,0.8,0.0,0.0,0.8,1.0,UTILES,False,Estándar Minorista
VTA-0000747,1,1,3.0,3.0,0.0,0.0,3.0,1.0,UTILES,False,Estándar Minorista
VTA-0000748,70,1,5.6,0.0,5.6,0.0,0.08,0.0,FOTOCOPIADORA,False,Estándar Minorista
VTA-0000749,1,1,1.5,1.5,0.0,0.0,1.5,1.0,UTILES,False,Estándar Minorista
VTA-0000750,1,1,2.0,2.0,0.0,0.0,2.0,1.0,UTILES,False,Estándar Minorista
VTA-0000751,7,2,4.5,4.5,0.0,0.0,0.6429,1.0,UTILES,False,Estándar Minorista
VTA-0000752,1,1,3.0,3.0,0.0,0.0,3.0,1.0,UTILES,False,Estándar Minorista
VTA-0000753,1,1,3.0,3.0,0.0,0.0,3.0,1.0,UTILES,False,Estándar Minorista
VTA-0000754,1,1,3.0,3.0,0.0,0.0,3.0,1.0,UTILES,False,Estándar Minorista
VTA-0000755,1,1,1.0,1.0,0.0,0.0,1.0,1.0,UTILES,False,Estándar Minorista
VTA-0000756,1,1,4.0,4.0,0.0,0.0,4.0,1.0,UTILES,False,Estándar Minorista
VTA-0000757,2,2,8.5,8.5,0.0,0.0,4.25,1.0,UTILES,False,Estándar Minorista
VTA-0000758,1,1,3.5,3.5,0.0,0.0,3.5,1.0,UTILES,False,Estándar Minorista
VTA-0000759,1,1,1.5,1.5,0.0,0.0,1.5,1.0,UTILES,False,Estándar Minorista
VTA-0000760,4,3,4.9,4.9,0.0,0.0,1.225,1.0,UTILES,False,Estándar Minorista
VTA-0000761,12,1,2.4,2.4,0.0,0.0,0.2,1.0,UTILES,False,Estándar Minorista
VTA-0000762,5,2,2.8,2.8,0.0,0.0,0.56,1.0,UTILES,False,Estándar Minorista
VTA-0000763,20,1,1.6,0.0,1.6,0.0,0.08,0.0,FOTOCOPIADORA,False,Estándar Minorista
VTA-0000764,3,1,6.0,6.0,0.0,0.0,2.0,1.0,UTILES,False,Estándar Minorista
VTA-0000765,5,1,10.0,10.0,0.0,0.0,2.0,1.0,UTILES,False,Estándar Minorista
VTA-0000766,49,1,3.9,0.0,3.9,0.0,0.0796,0.0,FOTOCOPIADORA,False,Estándar Minorista
VTA-0000767,28,1,2.2,0.0,2.2,0.0,0.0786,0.0,FOTOCOPIADORA,False,Estándar Minorista
VTA-0000768,2,1,2.0,0.0,2.0,0.0,1.0,0.0,FOTOCOPIADORA,False,Estándar Minorista
VTA-0000769,10,1,1.0,0.0,1.0,0.0,0.1,0.0,FOTOCOPIADORA,False,Estándar Minorista
VTA-0000770,1,1,0.5,0.0,0.5,0.0,0.5,0.0,FOTOCOPIADORA,False,Estándar Minorista
VTA-0000771,2,1,2.4,2.4,0.0,0.0,1.2,1.0,UTILES,False,Estándar Minorista
VTA-0000772,1,1,6.0,6.0,0.0,0.0,6.0,1.0,UTILES,False,Estándar Minorista
VTA-0000773,1,1,0.6,0.6,0.0,0.0,0.6,1.0,UTILES,False,Estándar Minorista
VTA-0000774,1,1,5.0,5.0,0.0,0.0,5.0,1.0,UTILES,False,Estándar Minorista
VTA-0000775,1,1,1.2,1.2,0.0,0.0,1.2,1.0,UTILES,False,Estándar Minorista
VTA-0000776,1,1,1.0,1.0,0.0,0.0,1.0,1.0,UTILES,False,Estándar Minorista
VTA-0000777,4,1,0.8,0.8,0.0,0.0,0.2,1.0,UTILES,False,Estándar Minorista
VTA-0000778,1,1,1.2,1.2,0.0,0.0,1.2,1.0,UTILES,False,Estándar Minorista
VTA-0000779,2,1,2.4,2.4,0.0,0.0,1.2,1.0,UTILES,False,Estándar Minorista
VTA-0000780,1,1,5.0,5.0,0.0,0.0,5.0,1.0,UTILES,False,Estándar Minorista
VTA-0000781,70,1,5.6,0.0,5.6,0.0,0.08,0.0,FOTOCOPIADORA,False,Estándar Minorista
VTA-0000782,2,1,4.0,4.0,0.0,0.0,2.0,1.0,UTILES,False,Estándar Minorista
VTA-0000783,1,1,0.5,0.0,0.5,0.0,0.5,0.0,FOTOCOPIADORA,False,Estándar Minorista
VTA-0000784,1,1,1.2,1.2,0.0,0.0,1.2,1.0,UTILES,False,Estándar Minorista
VTA-0000785,3,2,8.5,8.5,0.0,0.0,2.8333,1.0,UTILES,False,Estándar Minorista
VTA-0000786,1,1,0.1,0.0,0.1,0.0,0.1,0.0,FOTOCOPIADORA,False,Estándar Minorista
VTA-0000787,1,1,1.5,1.5,0.0,0.0,1.5,1.0,UTILES,False,Estándar Minorista
VTA-0000788,2,1,8.0,8.0,0.0,0.0,4.0,1.0,UTILES,False,Estándar Minorista
VTA-0000789,3,2,3.2,3.2,0.0,0.0,1.0667,1.0,UTILES,False,Estándar Minorista
VTA-0000790,1,1,0.5,0.5,0.0,0.0,0.5,1.0,UTILES,False,Estándar Minorista
VTA-0000791,3,2,1.4,1.4,0.0,0.0,0.4667,1.0,UTILES,False,Estándar Minorista
VTA-0000792,1,1,0.5,0.5,0.0,0.0,0.5,1.0,UTILES,False,Estándar Minorista
VTA-0000793,3,2,0.7,0.7,0.0,0.0,0.2333,1.0,UTILES,False,Estándar Minorista
VTA-0000794,2,1,0.2,0.0,0.2,0.0,0.1,0.0,FOTOCOPIADORA,False,Estándar Minorista
VTA-0000795,2,2,4.0,0.0,4.0,0.0,2.0,0.0,FOTOCOPIADORA,False,Estándar Minorista
VTA-0000796,4,3,2.7,2.7,0.0,0.0,0.675,1.0,UTILES,False,Estándar Minorista
VTA-0000797,1,1,1.0,0.0,1.0,0.0,1.0,0.0,FOTOCOPIADORA,False,Estándar Minorista
VTA-0000798,2,1,0.2,0.0,0.2,0.0,0.1,0.0,FOTOCOPIADORA,False,Estándar Minorista
VTA-0000799,2,1,4.0,0.0,4.0,0.0,2.0,0.0,FOTOCOPIADORA,False,Estándar Minorista
VTA-0000800,1,1,5.5,5.5,0.0,0.0,5.5,1.0,UTILES,False,Estándar Minorista
VTA-0000801,308,1,24.6,0.0,24.6,0.0,0.0799,0.0,FOTOCOPIADORA,True,Mayorista / Compra Atípica
VTA-0000802,1,1,6.0,6.0,0.0,0.0,6.0,1.0,UTILES,False,Estándar Minorista
VTA-0000803,1,1,3.0,3.0,0.0,0.0,3.0,1.0,UTILES,False,Estándar Minorista
VTA-0000804,2,2,2.0,2.0,0.0,0.0,1.0,1.0,UTILES,False,Estándar Minorista
VTA-0000805,2,1,2.0,0.0,2.0,0.0,1.0,0.0,FOTOCOPIADORA,False,Estándar Minorista
VTA-0000806,2,1,10.0,10.0,0.0,0.0,5.0,1.0,UTILES,False,Estándar Minorista
VTA-0000807,20,1,1.6,0.0,1.6,0.0,0.08,0.0,FOTOCOPIADORA,False,Estándar Minorista
VTA-0000808,91,1,7.3,0.0,7.3,0.0,0.0802,0.0,FOTOCOPIADORA,False,Estándar Minorista
VTA-0000809,8,1,4.0,0.0,4.0,0.0,0.5,0.0,FOTOCOPIADORA,False,Estándar Minorista
VTA-0000810,3,1,1.5,0.0,1.5,0.0,0.5,0.0,FOTOCOPIADORA,False,Estándar Minorista
VTA-0000811,2,1,4.0,4.0,0.0,0.0,2.0,1.0,UTILES,False,Estándar Minorista
VTA-0000812,111,1,8.9,0.0,8.9,0.0,0.0802,0.0,FOTOCOPIADORA,False,Estándar Minorista
VTA-0000813,62,1,5.0,0.0,5.0,0.0,0.0806,0.0,FOTOCOPIADORA,False,Estándar Minorista
VTA-0000814,1,1,5.5,5.5,0.0,0.0,5.5,1.0,UTILES,False,Estándar Minorista
VTA-0000815,1,1,5.0,5.0,0.0,0.0,5.0,1.0,UTILES,False,Estándar Minorista
VTA-0000816,1,1,5.0,5.0,0.0,0.0,5.0,1.0,UTILES,False,Estándar Minorista
VTA-0000817,2,1,5.0,5.0,0.0,0.0,2.5,1.0,UTILES,False,Estándar Minorista
VTA-0000818,65,1,5.2,0.0,5.2,0.0,0.08,0.0,FOTOCOPIADORA,False,Estándar Minorista
VTA-0000819,57,1,4.6,0.0,4.6,0.0,0.0807,0.0,FOTOCOPIADORA,False,Estándar Minorista
VTA-0000820,1,1,7.0,7.0,0.0,0.0,7.0,1.0,UTILES,False,Estándar Minorista
VTA-0000821,1,1,1.5,1.5,0.0,0.0,1.5,1.0,UTILES,False,Estándar Minorista
VTA-0000822,10,1,1.0,1.0,0.0,0.0,0.1,1.0,UTILES,False,Estándar Minorista
VTA-0000823,4,1,8.0,0.0,8.0,0.0,2.0,0.0,FOTOCOPIADORA,False,Estándar Minorista
VTA-0000824,1,1,6.5,6.5,0.0,0.0,6.5,1.0,UTILES,False,Estándar Minorista
VTA-0000825,5,3,0.8,0.8,0.0,0.0,0.16,1.0,UTILES,False,Estándar Minorista
VTA-0000826,3,2,3.0,3.0,0.0,0.0,1.0,1.0,UTILES,False,Estándar Minorista
VTA-0000827,1,1,1.0,1.0,0.0,0.0,1.0,1.0,UTILES,False,Estándar Minorista
VTA-0000828,34,1,2.7,0.0,2.7,0.0,0.0794,0.0,FOTOCOPIADORA,False,Estándar Minorista
VTA-0000829,2,1,1.0,0.0,1.0,0.0,0.5,0.0,FOTOCOPIADORA,False,Estándar Minorista
VTA-0000830,2,1,3.0,3.0,0.0,0.0,1.5,1.0,UTILES,False,Estándar Minorista
VTA-0000831,1,1,8.0,8.0,0.0,0.0,8.0,1.0,UTILES,False,Estándar Minorista
VTA-0000832,1,1,2.5,2.5,0.0,0.0,2.5,1.0,UTILES,False,Estándar Minorista
VTA-0000833,1,1,3.0,3.0,0.0,0.0,3.0,1.0,UTILES,False,Estándar Minorista
VTA-0000834,34,1,2.7,0.0,2.7,0.0,0.0794,0.0,FOTOCOPIADORA,False,Estándar Minorista
VTA-0000835,1,1,3.0,3.0,0.0,0.0,3.0,1.0,UTILES,False,Estándar Minorista
VTA-0000836,3,2,8.0,8.0,0.0,0.0,2.6667,1.0,UTILES,False,Estándar Minorista
VTA-0000837,1,1,3.0,3.0,0.0,0.0,3.0,1.0,UTILES,False,Estándar Minorista
VTA-0000838,1,1,2.5,2.5,0.0,0.0,2.5,1.0,UTILES,False,Estándar Minorista
VTA-0000839,1,1,3.0,3.0,0.0,0.0,3.0,1.0,UTILES,False,Estándar Minorista
VTA-0000840,1,1,3.0,3.0,0.0,0.0,3.0,1.0,UTILES,False,Estándar Minorista
VTA-0000841,1,1,3.0,3.0,0.0,0.0,3.0,1.0,UTILES,False,Estándar Minorista
VTA-0000842,1,1,3.0,3.0,0.0,0.0,3.0,1.0,UTILES,False,Estándar Minorista
VTA-0000843,1,1,5.0,5.0,0.0,0.0,5.0,1.0,UTILES,False,Estándar Minorista
VTA-0000844,2,1,6.0,6.0,0.0,0.0,3.0,1.0,UTILES,False,Estándar Minorista
VTA-0000845,1,1,3.0,3.0,0.0,0.0,3.0,1.0,UTILES,False,Estándar Minorista
VTA-0000846,1,1,3.0,3.0,0.0,0.0,3.0,1.0,UTILES,False,Estándar Minorista
VTA-0000847,2,2,6.0,6.0,0.0,0.0,3.0,1.0,UTILES,False,Estándar Minorista
VTA-0000848,1,1,3.0,3.0,0.0,0.0,3.0,1.0,UTILES,False,Estándar Minorista
VTA-0000849,1,1,3.0,3.0,0.0,0.0,3.0,1.0,UTILES,False,Estándar Minorista
VTA-0000850,180,1,14.4,0.0,14.4,0.0,0.08,0.0,FOTOCOPIADORA,True,Mayorista / Compra Atípica
VTA-0000851,10,1,1.0,0.0,1.0,0.0,0.1,0.0,FOTOCOPIADORA,False,Estándar Minorista
VTA-0000852,7,1,3.5,0.0,3.5,0.0,0.5,0.0,FOTOCOPIADORA,False,Estándar Minorista
VTA-0000853,40,1,3.2,0.0,3.2,0.0,0.08,0.0,FOTOCOPIADORA,False,Estándar Minorista
VTA-0000854,1,1,0.6,0.6,0.0,0.0,0.6,1.0,UTILES,False,Estándar Minorista
VTA-0000855,6,1,1.5,1.5,0.0,0.0,0.25,1.0,UTILES,False,Estándar Minorista
VTA-0000856,8,1,4.0,4.0,0.0,0.0,0.5,1.0,UTILES,False,Estándar Minorista
VTA-0000857,1,1,2.0,2.0,0.0,0.0,2.0,1.0,UTILES,False,Estándar Minorista
VTA-0000858,1,1,1.0,1.0,0.0,0.0,1.0,1.0,UTILES,False,Estándar Minorista
VTA-0000859,1,1,1.0,1.0,0.0,0.0,1.0,1.0,UTILES,False,Estándar Minorista
VTA-0000860,8,1,2.0,2.0,0.0,0.0,0.25,1.0,UTILES,False,Estándar Minorista
VTA-0000861,2,2,4.0,4.0,0.0,0.0,2.0,1.0,UTILES,False,Estándar Minorista
VTA-0000862,1,1,0.5,0.5,0.0,0.0,0.5,1.0,UTILES,False,Estándar Minorista
VTA-0000863,1,1,0.5,0.5,0.0,0.0,0.5,1.0,UTILES,False,Estándar Minorista
VTA-0000864,1,1,0.5,0.5,0.0,0.0,0.5,1.0,UTILES,False,Estándar Minorista
VTA-0000865,1,1,0.5,0.5,0.0,0.0,0.5,1.0,UTILES,False,Estándar Minorista
VTA-0000866,2,1,1.0,1.0,0.0,0.0,0.5,1.0,UTILES,False,Estándar Minorista
VTA-0000867,1,1,0.5,0.5,0.0,0.0,0.5,1.0,UTILES,False,Estándar Minorista
VTA-0000868,2,1,1.0,1.0,0.0,0.0,0.5,1.0,UTILES,False,Estándar Minorista
VTA-0000869,1,1,0.5,0.5,0.0,0.0,0.5,1.0,UTILES,False,Estándar Minorista
VTA-0000870,2,1,2.0,2.0,0.0,0.0,1.0,1.0,UTILES,False,Estándar Minorista
VTA-0000871,24,1,1.9,0.0,1.9,0.0,0.0792,0.0,FOTOCOPIADORA,False,Estándar Minorista
VTA-0000872,39,1,3.1,0.0,3.1,0.0,0.0795,0.0,FOTOCOPIADORA,False,Estándar Minorista
VTA-0000873,1,1,0.5,0.5,0.0,0.0,0.5,1.0,UTILES,False,Estándar Minorista
VTA-0000874,1,1,5.5,5.5,0.0,0.0,5.5,1.0,UTILES,False,Estándar Minorista
VTA-0000875,1,1,0.5,0.5,0.0,0.0,0.5,1.0,UTILES,False,Estándar Minorista
VTA-0000876,1,1,0.5,0.5,0.0,0.0,0.5,1.0,UTILES,False,Estándar Minorista
VTA-0000877,1,1,8.0,8.0,0.0,0.0,8.0,1.0,UTILES,False,Estándar Minorista
VTA-0000878,1,1,0.5,0.5,0.0,0.0,0.5,1.0,UTILES,False,Estándar Minorista
VTA-0000879,1,1,8.0,8.0,0.0,0.0,8.0,1.0,UTILES,False,Estándar Minorista
VTA-0000880,1,1,0.5,0.5,0.0,0.0,0.5,1.0,UTILES,False,Estándar Minorista
VTA-0000881,1,1,3.0,3.0,0.0,0.0,3.0,1.0,UTILES,False,Estándar Minorista
VTA-0000882,2,1,2.0,2.0,0.0,0.0,1.0,1.0,UTILES,False,Estándar Minorista
VTA-0000883,1,1,3.0,3.0,0.0,0.0,3.0,1.0,UTILES,False,Estándar Minorista
VTA-0000884,1,1,1.0,1.0,0.0,0.0,1.0,1.0,UTILES,False,Estándar Minorista
VTA-0000885,1,1,1.0,1.0,0.0,0.0,1.0,1.0,UTILES,False,Estándar Minorista
VTA-0000886,2,1,1.0,1.0,0.0,0.0,0.5,1.0,UTILES,False,Estándar Minorista
VTA-0000887,1,1,1.0,1.0,0.0,0.0,1.0,1.0,UTILES,False,Estándar Minorista
VTA-0000888,2,1,0.4,0.4,0.0,0.0,0.2,1.0,UTILES,False,Estándar Minorista
VTA-0000889,1,1,1.0,0.0,1.0,0.0,1.0,0.0,FOTOCOPIADORA,False,Estándar Minorista
VTA-0000890,2,1,1.0,1.0,0.0,0.0,0.5,1.0,UTILES,False,Estándar Minorista
VTA-0000891,7,2,12.5,0.0,12.5,0.0,1.7857,0.0,FOTOCOPIADORA,True,Mayorista / Compra Atípica
VTA-0000892,36,1,2.9,0.0,2.9,0.0,0.0806,0.0,FOTOCOPIADORA,False,Estándar Minorista
VTA-0000893,2,1,2.0,2.0,0.0,0.0,1.0,1.0,UTILES,False,Estándar Minorista
VTA-0000894,2,1,1.0,1.0,0.0,0.0,0.5,1.0,UTILES,False,Estándar Minorista
VTA-0000895,40,1,3.2,0.0,3.2,0.0,0.08,0.0,FOTOCOPIADORA,False,Estándar Minorista
VTA-0000896,10,1,1.0,0.0,1.0,0.0,0.1,0.0,FOTOCOPIADORA,False,Estándar Minorista
VTA-0000897,5,1,0.5,0.0,0.5,0.0,0.1,0.0,FOTOCOPIADORA,False,Estándar Minorista
VTA-0000898,24,1,2.4,0.0,2.4,0.0,0.1,0.0,FOTOCOPIADORA,False,Estándar Minorista
VTA-0000899,1,1,0.5,0.5,0.0,0.0,0.5,1.0,UTILES,False,Estándar Minorista
VTA-0000900,2,2,2.5,2.5,0.0,0.0,1.25,1.0,UTILES,False,Estándar Minorista
VTA-0000901,1,1,0.5,0.5,0.0,0.0,0.5,1.0,UTILES,False,Estándar Minorista
VTA-0000902,6,1,3.0,0.0,3.0,0.0,0.5,0.0,FOTOCOPIADORA,False,Estándar Minorista
VTA-0000903,5,1,2.5,2.5,0.0,0.0,0.5,1.0,UTILES,False,Estándar Minorista
VTA-0000904,1,1,1.0,1.0,0.0,0.0,1.0,1.0,UTILES,False,Estándar Minorista
VTA-0000905,62,1,5.0,0.0,5.0,0.0,0.0806,0.0,FOTOCOPIADORA,False,Estándar Minorista
VTA-0000906,3,3,3.5,3.5,0.0,0.0,1.1667,1.0,UTILES,False,Estándar Minorista
VTA-0000907,36,1,2.9,0.0,2.9,0.0,0.0806,0.0,FOTOCOPIADORA,False,Estándar Minorista
VTA-0000908,60,1,4.8,0.0,4.8,0.0,0.08,0.0,FOTOCOPIADORA,False,Estándar Minorista
VTA-0000909,10,1,1.0,0.0,1.0,0.0,0.1,0.0,FOTOCOPIADORA,False,Estándar Minorista
VTA-0000910,16,1,16.0,0.0,16.0,0.0,1.0,0.0,FOTOCOPIADORA,True,Mayorista / Compra Atípica
VTA-0000911,1,1,1.5,1.5,0.0,0.0,1.5,1.0,UTILES,False,Estándar Minorista
VTA-0000912,1,1,0.5,0.5,0.0,0.0,0.5,1.0,UTILES,False,Estándar Minorista
VTA-0000913,4,3,1.5,1.5,0.0,0.0,0.375,1.0,UTILES,False,Estándar Minorista
VTA-0000914,1,1,2.0,2.0,0.0,0.0,2.0,1.0,UTILES,False,Estándar Minorista
VTA-0000915,2,1,0.4,0.4,0.0,0.0,0.2,1.0,UTILES,False,Estándar Minorista
VTA-0000916,1,1,2.0,2.0,0.0,0.0,2.0,1.0,UTILES,False,Estándar Minorista
VTA-0000917,1,1,2.5,2.5,0.0,0.0,2.5,1.0,UTILES,False,Estándar Minorista
VTA-0000918,40,1,3.2,0.0,3.2,0.0,0.08,0.0,FOTOCOPIADORA,False,Estándar Minorista
VTA-0000919,60,1,4.8,0.0,4.8,0.0,0.08,0.0,FOTOCOPIADORA,False,Estándar Minorista
VTA-0000920,1,1,1.0,1.0,0.0,0.0,1.0,1.0,UTILES,False,Estándar Minorista
VTA-0000921,1,1,2.0,2.0,0.0,0.0,2.0,1.0,UTILES,False,Estándar Minorista
VTA-0000922,1,1,3.0,3.0,0.0,0.0,3.0,1.0,UTILES,False,Estándar Minorista
VTA-0000923,1,1,3.0,3.0,0.0,0.0,3.0,1.0,UTILES,False,Estándar Minorista
VTA-0000924,2,1,0.4,0.4,0.0,0.0,0.2,1.0,UTILES,False,Estándar Minorista
VTA-0000925,1,1,0.5,0.5,0.0,0.0,0.5,1.0,UTILES,False,Estándar Minorista
VTA-0000926,1,1,8.0,8.0,0.0,0.0,8.0,1.0,UTILES,False,Estándar Minorista
VTA-0000927,1,1,2.5,2.5,0.0,0.0,2.5,1.0,UTILES,False,Estándar Minorista
VTA-0000928,55,1,4.4,0.0,4.4,0.0,0.08,0.0,FOTOCOPIADORA,False,Estándar Minorista
VTA-0000929,34,1,2.7,0.0,2.7,0.0,0.0794,0.0,FOTOCOPIADORA,False,Estándar Minorista
VTA-0000930,60,1,4.8,0.0,4.8,0.0,0.08,0.0,FOTOCOPIADORA,False,Estándar Minorista
VTA-0000931,1,1,8.0,8.0,0.0,0.0,8.0,1.0,UTILES,False,Estándar Minorista
VTA-0000932,2,2,3.5,3.5,0.0,0.0,1.75,1.0,UTILES,False,Estándar Minorista
VTA-0000933,1,1,1.0,1.0,0.0,0.0,1.0,1.0,UTILES,False,Estándar Minorista
VTA-0000934,1,1,0.2,0.2,0.0,0.0,0.2,1.0,UTILES,False,Estándar Minorista
VTA-0000935,50,1,4.0,0.0,4.0,0.0,0.08,0.0,FOTOCOPIADORA,False,Estándar Minorista
VTA-0000936,47,1,3.8,0.0,3.8,0.0,0.0809,0.0,FOTOCOPIADORA,False,Estándar Minorista
VTA-0000937,34,3,21.8,0.0,21.8,0.0,0.6412,0.0,FOTOCOPIADORA,True,Mayorista / Compra Atípica
VTA-0000938,18,1,1.8,0.0,1.8,0.0,0.1,0.0,FOTOCOPIADORA,False,Estándar Minorista
VTA-0000939,240,1,19.2,0.0,19.2,0.0,0.08,0.0,FOTOCOPIADORA,True,Mayorista / Compra Atípica
