ID;Fecha;Metodo_Pago;ID_Cliente;Total
VTA-0000001;15/03/26;YAPE;1;9.4
VTA-0000002;15/03/26;EFECTIVO;1;1.2
VTA-0000003;15/03/26;EFECTIVO;1;10
VTA-0000004;15/03/26;EFECTIVO;1;19.6
VTA-0000005;16/03/26;YAPE;1;1.8
VTA-0000006;16/03/26;EFECTIVO;1;1.5
VTA-0000007;16/03/26;EFECTIVO;1;1
VTA-0000008;16/03/26;EFECTIVO;1;0.6
VTA-0000009;16/03/26;EFECTIVO;1;1.6
VTA-0000010;16/03/26;EFECTIVO;1;2.3
VTA-0000011;16/03/26;EFECTIVO;1;11
VTA-0000012;16/03/26;YAPE;1;10.5
VTA-0000013;17/03/26;YAPE;1;1.1
VTA-0000014;17/03/26;EFECTIVO;1;1
VTA-0000015;17/03/26;EFECTIVO;1;2.4
VTA-0000016;17/03/26;EFECTIVO;1;1
VTA-0000017;17/03/26;EFECTIVO;1;1.5
VTA-0000018;17/03/26;EFECTIVO;1;0.1
VTA-0000019;17/03/26;EFECTIVO;1;0.8
VTA-0000020;17/03/26;EFECTIVO;1;0.3
VTA-0000021;17/03/26;YAPE;1;5.7
VTA-0000022;17/03/26;EFECTIVO;1;2
VTA-0000023;17/03/26;EFECTIVO;1;3
VTA-0000024;17/03/26;EFECTIVO;1;1
VTA-0000025;17/03/26;YAPE;1;0.8
VTA-0000026;17/03/26;EFECTIVO;1;6.5
VTA-0000027;17/03/26;EFECTIVO;1;30.7
VTA-0000028;17/03/26;EFECTIVO;1;3
VTA-0000029;18/03/26;EFECTIVO;1;2.5
VTA-0000030;18/03/26;EFECTIVO;1;1.8
VTA-0000031;18/03/26;YAPE;1;1.5
VTA-0000032;18/03/26;EFECTIVO;1;0.8
VTA-0000033;18/03/26;EFECTIVO;1;1.5
VTA-0000034;18/03/26;EFECTIVO;1;4
VTA-0000035;18/03/26;EFECTIVO;1;0.3
VTA-0000036;18/03/26;EFECTIVO;1;0.4
VTA-0000037;18/03/26;EFECTIVO;1;5
VTA-0000038;18/03/26;EFECTIVO;1;5.8
VTA-0000039;18/03/26;YAPE;1;0.6
VTA-0000040;18/03/26;EFECTIVO;1;2.5
VTA-0000041;18/03/26;EFECTIVO;1;0.6
VTA-0000042;18/03/26;EFECTIVO;1;14.5
VTA-0000043;18/03/26;YAPE;1;5.5
VTA-0000044;18/03/26;EFECTIVO;1;8
VTA-0000045;18/03/26;YAPE;1;8
VTA-0000046;18/03/26;EFECTIVO;1;171.2
VTA-0000047;19/03/26;EFECTIVO;1;5
VTA-0000048;19/03/26;EFECTIVO;1;2
VTA-0000049;19/03/26;EFECTIVO;1;9
VTA-0000050;19/03/26;EFECTIVO;1;2.5
VTA-0000051;19/03/26;EFECTIVO;1;3
VTA-0000052;19/03/26;YAPE;1;9
VTA-0000053;19/03/26;YAPE;1;3
VTA-0000054;19/03/26;EFECTIVO;1;3.2
VTA-0000055;19/03/26;EFECTIVO;1;0.4
VTA-0000056;19/03/26;EFECTIVO;1;9
VTA-0000057;19/03/26;EFECTIVO;1;3
VTA-0000058;19/03/26;EFECTIVO;1;2.5
VTA-0000059;19/03/26;YAPE;1;12
VTA-0000060;19/03/26;EFECTIVO;1;4
VTA-0000061;19/03/26;YAPE;1;22
VTA-0000062;20/03/26;EFECTIVO;1;4
VTA-0000063;20/03/26;EFECTIVO;1;2
VTA-0000064;20/03/26;EFECTIVO;1;1.5
VTA-0000065;20/03/26;EFECTIVO;1;6.8
VTA-0000066;20/03/26;EFECTIVO;1;1
VTA-0000067;20/03/26;YAPE;1;2
VTA-0000068;20/03/26;YAPE;1;6.5
VTA-0000069;20/03/26;YAPE;1;1.5
VTA-0000070;20/03/26;EFECTIVO;1;6.5
VTA-0000071;20/03/26;EFECTIVO;1;1
VTA-0000072;22/03/26;EFECTIVO;1;1.6
VTA-0000073;22/03/26;EFECTIVO;1;21
VTA-0000074;3/23/2026 12:40:39;EFECTIVO;1;2.8
VTA-0000075;3/23/2026 12:42:29;YAPE;1;1
VTA-0000076;3/23/2026 12:55:30;EFECTIVO;1;5
VTA-0000077;3/23/2026 12:58:41;EFECTIVO;1;4.2
VTA-0000078;3/23/2026 13:01:27;EFECTIVO;1;8
VTA-0000079;3/23/2026 13:01:59;YAPE;1;3
VTA-0000080;3/23/2026 13:02:23;YAPE;1;1
VTA-0000081;3/23/2026 13:06:22;YAPE;1;5.2
VTA-0000082;3/23/2026 13:07:02;YAPE;1;10.5
VTA-0000083;3/23/2026 13:10:37;EFECTIVO;1;1
VTA-0000084;3/23/2026 13:13:27;EFECTIVO;1;3.5
VTA-0000085;3/23/2026 13:16:00;EFECTIVO;1;1
VTA-0000086;3/23/2026 13:17:38;EFECTIVO;1;1
VTA-0000087;3/23/2026 13:17:38;YAPE;1;2.5
VTA-0000088;3/23/2026 13:17:38;YAPE;1;9
VTA-0000089;3/24/2026 13:11:39;YAPE;1;3.1
VTA-0000090;3/24/2026 13:12:05;EFECTIVO;1;5
VTA-0000091;3/24/2026 13:12:19;EFECTIVO;1;5
VTA-0000092;3/24/2026 13:14:30;EFECTIVO;1;4.5
VTA-0000093;3/24/2026 13:15:57;EFECTIVO;1;2.5
VTA-0000094;3/24/2026 13:17:41;EFECTIVO;1;4
VTA-0000095;3/24/2026 13:18:55;EFECTIVO;1;3.2
VTA-0000096;3/24/2026 13:19:37;YAPE;1;2.1
VTA-0000097;3/24/2026 13:20:39;EFECTIVO;1;2
VTA-0000098;3/24/2026 20:21:04;EFECTIVO;1;8.1
VTA-0000099;3/24/2026 20:23:57;EFECTIVO;1;0.5
VTA-0000100;3/25/2026 1:15:28;EFECTIVO;1;4
VTA-0000101;3/25/2026 1:15:28;EFECTIVO;1;1
VTA-0000102;3/25/2026 1:15:28;EFECTIVO;1;0.5
VTA-0000103;3/25/2026 1:15:28;EFECTIVO;1;3
VTA-0000104;3/25/2026 1:15:28;EFECTIVO;1;4.2
VTA-0000105;3/25/2026 1:15:28;EFECTIVO;1;4.1
VTA-0000106;3/25/2026 1:15:28;EFECTIVO;1;1.9
VTA-0000107;3/25/2026 1:15:28;EFECTIVO;1;1
VTA-0000108;3/25/2026 1:15:28;EFECTIVO;1;1
VTA-0000109;3/25/2026 1:15:28;EFECTIVO;1;10.5
VTA-0000110;3/25/2026 1:15:28;EFECTIVO;1;20.1
VTA-0000111;3/26/2026 13:27:00;EFECTIVO;1;2
VTA-0000112;3/26/2026 13:27:24;EFECTIVO;1;0.5
VTA-0000113;3/26/2026 13:27:46;EFECTIVO;1;2
VTA-0000114;3/26/2026 13:32:51;YAPE;1;1.2
VTA-0000115;3/26/2026 13:33:10;YAPE;1;1
VTA-0000116;3/26/2026 13:33:42;EFECTIVO;1;0.6
VTA-0000117;3/26/2026 13:34:16;EFECTIVO;1;1
VTA-0000118;3/26/2026 13:36:20;EFECTIVO;1;2
VTA-0000119;3/26/2026 13:37:17;EFECTIVO;1;0.5
VTA-0000120;3/26/2026 13:37:42;YAPE;1;8
VTA-0000121;3/26/2026 13:38:16;EFECTIVO;1;3.3
VTA-0000122;3/26/2026 13:40:00;EFECTIVO;1;1
VTA-0000123;3/26/2026 13:41:49;EFECTIVO;1;1
VTA-0000124;3/26/2026 13:42:00;EFECTIVO;1;1
VTA-0000125;3/26/2026 13:42:26;EFECTIVO;1;14
VTA-0000126;3/26/2026 13:43:40;EFECTIVO;1;32.2
VTA-0000127;3/26/2026 13:50:41;YAPE;1;108.9
VTA-0000128;3/26/2026 13:51:02;EFECTIVO;1;2
VTA-0000129;27/3/2026 15:44:05;EFECTIVO;1;1.5
VTA-0000130;27/3/2026 15:44:56;EFECTIVO;1;1.3
VTA-0000131;27/3/2026 15:45:52;EFECTIVO;1;1.4
VTA-0000132;27/3/2026 15:46:17;EFECTIVO;1;0.4
VTA-0000133;27/3/2026 15:46:40;YAPE;1;0.5
VTA-0000134;27/3/2026 15:46:56;YAPE;1;0.5
VTA-0000135;27/3/2026 15:47:30;EFECTIVO;1;2
VTA-0000136;27/3/2026 15:48:19;EFECTIVO;1;6.5
VTA-0000137;27/3/2026 15:48:39;EFECTIVO;1;4
VTA-0000138;3/28/2026 15:50:20;EFECTIVO;1;1
VTA-0000139;3/30/2026 10:03:38;EFECTIVO;1;4.2
VTA-0000140;3/30/2026 10:04:48;EFECTIVO;1;3.8
VTA-0000141;3/30/2026 15:30:23;EFECTIVO;1;8
VTA-0000142;3/30/2026 15:41:52;YAPE;1;1.5
VTA-0000143;3/30/2026 15:42:36;EFECTIVO;1;1
VTA-0000144;3/30/2026 15:43:16;EFECTIVO;1;1.5
VTA-0000145;3/30/2026 15:43:47;EFECTIVO;1;1
VTA-0000146;3/30/2026 15:45:11;EFECTIVO;1;1
VTA-0000147;31/3/2026 13:46:28;YAPE;1;4.2
VTA-0000148;31/3/2026 13:46:28;YAPE;1;0.5
VTA-0000149;31/3/2026 13:46:28;EFECTIVO;1;0.1
VTA-0000150;31/3/2026 13:46:28;YAPE;1;1
VTA-0000151;31/3/2026 13:46:28;YAPE;1;1
VTA-0000152;31/3/2026 13:46:28;EFECTIVO;1;1
VTA-0000153;31/3/2026 13:46:28;EFECTIVO;1;1.5
VTA-0000154;31/3/2026 13:46:28;EFECTIVO;1;0.8
VTA-0000155;31/3/2026 13:46:28;YAPE;1;5
VTA-0000156;31/3/2026 13:46:28;EFECTIVO;1;2.1
VTA-0000157;1/4/2026 13:57:53;EFECTIVO;1;9
VTA-0000158;1/4/2026 13:59:12;EFECTIVO;1;1.1
VTA-0000159;1/4/2026 14:00:21;EFECTIVO;1;6.3
VTA-0000160;1/4/2026 14:00:41;EFECTIVO;1;8
VTA-0000161;1/4/2026 14:02:32;YAPE;1;3.2
VTA-0000162;1/4/2026 14:14:36;YAPE;1;10.5
VTA-0000163;4/3/2026 14:44:15;EFECTIVO;1;8
VTA-0000164;4/6/2026 9:43:17;YAPE;1;18.4
VTA-0000165;4/6/2026 9:44:01;YAPE;1;54
VTA-0000166;4/6/2026 9:45:31;EFECTIVO;1;5.5
VTA-0000167;4/6/2026 9:47:12;YAPE;1;1.5
VTA-0000168;4/6/2026 9:47:47;EFECTIVO;1;4
VTA-0000169;4/6/2026 9:48:29;EFECTIVO;1;0.4
VTA-0000170;4/6/2026 9:49:19;EFECTIVO;1;0.3
VTA-0000171;4/6/2026 9:51:21;YAPE;1;1
VTA-0000172;4/6/2026 9:55:02;EFECTIVO;1;3.1
VTA-0000173;4/6/2026 9:56:17;YAPE;1;6.5
VTA-0000174;4/6/2026 9:56:51;EFECTIVO;1;1
VTA-0000175;4/6/2026 9:59:29;YAPE;1;1.4
VTA-0000176;4/6/2026 12:04:08;EFECTIVO;1;5.1
VTA-0000177;4/6/2026 23:07:00;EFECTIVO;1;1.2
VTA-0000178;4/6/2026 23:07:50;YAPE;1;10.5
VTA-0000179;4/6/2026 23:11:16;EFECTIVO;1;8.8
VTA-0000180;4/6/2026 23:13:48;YAPE;1;22
VTA-0000181;4/6/2026 23:14:29;YAPE;1;2
VTA-0000182;4/7/2026 15:33:50;YAPE;1;6.5
VTA-0000183;4/7/2026 15:34:47;EFECTIVO;1;1
VTA-0000184;4/7/2026 15:37:28;YAPE;1;3.4
VTA-0000185;7/4/2026 15:38:45;EFECTIVO;1;1
VTA-0000186;7/4/2026 15:39:43;YAPE;1;3.2
VTA-0000187;7/4/2026 15:40:11;EFECTIVO;1;1
VTA-0000188;7/4/2026 15:41:18;YAPE;1;0.5
VTA-0000189;7/4/2026 15:42:19;EFECTIVO;1;3.6
VTA-0000190;7/4/2026 15:42:52;EFECTIVO;1;3.2
VTA-0000191;7/4/2026 15:44:16;EFECTIVO;1;2
VTA-0000192;7/4/2026 15:53:08;YAPE;1;0.2
VTA-0000193;7/4/2026 15:54:11;EFECTIVO;1;0.5
VTA-0000194;7/4/2026 15:54:34;EFECTIVO;1;0.5
VTA-0000195;7/4/2026 17:35:28;EFECTIVO;1;10
VTA-0000196;7/4/2026 17:39:29;EFECTIVO;1;1.5
VTA-0000197;8/4/2026 17:44:37;EFECTIVO;1;3.5
VTA-0000198;8/4/2026 17:48:07;EFECTIVO;1;1
VTA-0000199;8/4/2026 17:55:57;YAPE;1;1.1
VTA-0000200;8/4/2026 17:56:49;YAPE;1;1
VTA-0000201;8/4/2026 17:58:00;EFECTIVO;1;0.7
VTA-0000202;8/4/2026 17:58:51;EFECTIVO;1;5.4
VTA-0000203;8/4/2026 17:59:20;EFECTIVO;1;1.4
VTA-0000204;8/4/2026 18:06:11;YAPE;1;30
VTA-0000205;9/4/2026 18:09:31;YAPE;1;1.5
VTA-0000206;9/4/2026 18:10:22;EFECTIVO;1;1
VTA-0000207;9/4/2026 18:12:41;EFECTIVO;1;1.2
VTA-0000208;9/4/2026 18:13:53;EFECTIVO;1;0.5
VTA-0000209;9/4/2026 18:15:05;EFECTIVO;1;0.3
VTA-0000210;9/4/2026 18:30:41;EFECTIVO;1;1.2
VTA-0000211;9/4/2026 18:31:42;EFECTIVO;1;0.8
VTA-0000212;9/4/2026 18:32:11;EFECTIVO;1;0.3
VTA-0000213;9/4/2026 18:32:45;YAPE;1;1.8
VTA-0000214;9/4/2026 18:34:50;EFECTIVO;1;1.4
VTA-0000215;9/4/2026 18:35:26;EFECTIVO;1;0.5
VTA-0000216;9/4/2026 18:35:51;EFECTIVO;1;5.2
VTA-0000217;9/4/2026 18:36:37;EFECTIVO;1;2.8
VTA-0000218;9/4/2026 18:39:27;EFECTIVO;1;4.5
VTA-0000219;9/4/2026 18:41:10;EFECTIVO;1;1
VTA-0000220;10/4/2026 18:42:42;EFECTIVO;1;1
VTA-0000221;10/4/2026 18:43:43;EFECTIVO;1;1.5
VTA-0000222;10/4/2026 18:45:32;EFECTIVO;1;1
VTA-0000223;10/4/2026 18:46:01;EFECTIVO;1;1
VTA-0000224;10/4/2026 18:46:43;EFECTIVO;1;1
VTA-0000225;10/4/2026 18:47:07;EFECTIVO;1;1
VTA-0000226;10/4/2026 18:47:36;YAPE;1;1
VTA-0000227;10/4/2026 18:48:17;EFECTIVO;1;1.5
VTA-0000228;10/4/2026 18:50:59;EFECTIVO;1;1
VTA-0000229;10/4/2026 18:53:38;YAPE;1;6
VTA-0000230;10/4/2026 18:54:35;EFECTIVO;1;1
VTA-0000231;10/4/2026 18:55:00;EFECTIVO;1;0.7
VTA-0000232;10/4/2026 18:55:22;EFECTIVO;1;1
VTA-0000233;12/4/2026 11:34:46;EFECTIVO;1;2
VTA-0000234;12/4/2026 11:38:48;YAPE;1;0.7
VTA-0000235;4/12/2026 11:39:34;YAPE;1;12
VTA-0000236;4/12/2026 11:40:05;YAPE;1;4
VTA-0000237;4/13/2026 11:40:29;EFECTIVO;1;2
VTA-0000238;4/13/2026 11:40:51;EFECTIVO;1;1
VTA-0000239;4/13/2026 11:41:19;EFECTIVO;1;2
VTA-0000240;4/13/2026 11:42:26;EFECTIVO;1;2
VTA-0000241;4/13/2026 11:43:11;YAPE;1;1
VTA-0000242;4/13/2026 11:44:10;EFECTIVO;1;2
VTA-0000243;4/13/2026 11:44:39;EFECTIVO;1;1
VTA-0000244;4/13/2026 11:44:55;EFECTIVO;1;5
VTA-0000245;4/13/2026 11:47:09;EFECTIVO;1;2.7
VTA-0000246;4/13/2026 11:50:43;EFECTIVO;1;6.7
VTA-0000247;4/13/2026 11:52:11;YAPE;1;39.5
VTA-0000248;4/13/2026 11:52:56;YAPE;1;7
VTA-0000249;4/13/2026 11:53:14;EFECTIVO;1;1
VTA-0000250;4/13/2026 14:53:07;EFECTIVO;1;1
VTA-0000251;4/13/2026 14:53:46;EFECTIVO;1;2
VTA-0000252;4/13/2026 21:04:10;YAPE;1;4
VTA-0000253;4/13/2026 21:06:56;YAPE;1;25
VTA-0000254;14/4/2026 14:44:00;EFECTIVO;1;6.5
VTA-0000255;14/4/2026 14:45:14;EFECTIVO;1;2.5
VTA-0000256;14/4/2026 14:46:04;YAPE;1;6
VTA-0000257;14/4/2026 14:46:31;EFECTIVO;1;6.6
VTA-0000258;14/4/2026 14:46:58;EFECTIVO;1;6.2
VTA-0000259;14/4/2026 14:48:29;EFECTIVO;1;3.7
VTA-0000260;14/4/2026 14:48:53;EFECTIVO;1;0.5
VTA-0000261;14/4/2026 14:49:30;YAPE;1;5
VTA-0000262;14/4/2026 14:50:09;YAPE;1;2
VTA-0000263;14/4/2026 14:51:16;YAPE;1;7
VTA-0000264;14/4/2026 14:52:42;YAPE;1;1.2
VTA-0000265;14/4/2026 14:53:12;EFECTIVO;1;1.2
VTA-0000266;14/4/2026 14:54:40;EFECTIVO;1;2
VTA-0000267;15/4/2026 16:19:31;EFECTIVO;1;1
VTA-0000268;15/4/2026 16:21:38;EFECTIVO;1;5
VTA-0000269;15/4/2026 16:23:12;EFECTIVO;1;1.5
VTA-0000270;15/4/2026 16:23:38;EFECTIVO;1;5.5
VTA-0000271;15/4/2026 16:27:46;EFECTIVO;1;2
VTA-0000272;15/4/2026 16:41:16;YAPE;1;9.9
VTA-0000273;15/4/2026 16:42:01;YAPE;1;5
VTA-0000274;16/4/2026 16:42:31;EFECTIVO;1;3.6
VTA-0000275;16/4/2026 16:43:08;EFECTIVO;1;7.2
VTA-0000276;17/4/2026 16:44:01;EFECTIVO;1;6.5
VTA-0000277;17/4/2026 16:45:28;YAPE;1;3.5
VTA-0000278;17/4/2026 16:46:03;YAPE;1;8
VTA-0000279;17/4/2026 16:46:49;EFECTIVO;1;1.7
VTA-0000280;17/4/2026 16:47:24;EFECTIVO;1;1.3
VTA-0000281;17/4/2026 16:47:59;YAPE;1;3
VTA-0000282;17/4/2026 16:48:31;EFECTIVO;1;3
VTA-0000283;17/4/2026 16:53:44;EFECTIVO;1;1.5
VTA-0000284;4/18/2026 16:54:12;EFECTIVO;1;0.2
VTA-0000285;4/18/2026 16:56:25;YAPE;1;10
VTA-0000286;4/18/2026 16:57:06;YAPE;1;12
VTA-0000287;4/18/2026 16:57:18;YAPE;1;12
VTA-0000288;4/18/2026 16:58:25;YAPE;1;4
VTA-0000289;4/18/2026 16:59:54;YAPE;1;4
VTA-0000290;4/18/2026 17:00:14;YAPE;1;4
VTA-0000291;4/18/2026 17:00:25;YAPE;1;2
VTA-0000292;4/18/2026 17:00:55;YAPE;1;2
VTA-0000293;4/18/2026 17:02:04;YAPE;1;6.5
VTA-0000294;4/18/2026 17:04:01;YAPE;1;4
VTA-0000295;4/18/2026 17:04:33;YAPE;1;16
VTA-0000296;4/18/2026 17:04:43;YAPE;1;4
VTA-0000297;4/18/2026 17:05:20;YAPE;1;5
VTA-0000298;4/18/2026 17:05:45;YAPE;1;1
VTA-0000299;4/18/2026 17:08:01;YAPE;1;2.6
VTA-0000300;4/18/2026 17:08:31;YAPE;1;1.2
VTA-0000301;4/18/2026 17:08:47;YAPE;1;1
VTA-0000302;4/18/2026 17:09:05;YAPE;1;15
VTA-0000303;4/18/2026 17:09:28;YAPE;1;2
VTA-0000304;4/18/2026 17:09:45;YAPE;1;3
VTA-0000305;4/18/2026 17:11:21;YAPE;1;7
VTA-0000306;4/18/2026 19:29:43;EFECTIVO;1;188.2
VTA-0000307;4/20/2026 14:53:56;EFECTIVO;1;1
VTA-0000308;4/20/2026 14:54:46;EFECTIVO;1;1
VTA-0000309;4/20/2026 14:55:44;YAPE;1;1
VTA-0000310;4/20/2026 14:56:03;EFECTIVO;1;1
VTA-0000311;4/20/2026 14:56:27;EFECTIVO;1;7
VTA-0000312;4/20/2026 14:57:11;EFECTIVO;1;1
VTA-0000313;4/20/2026 14:57:37;EFECTIVO;1;1
VTA-0000314;4/20/2026 14:58:04;EFECTIVO;1;1
VTA-0000315;4/20/2026 14:58:28;YAPE;1;3
VTA-0000316;4/20/2026 14:58:55;EFECTIVO;1;2
VTA-0000317;4/20/2026 14:59:28;EFECTIVO;1;9.3
VTA-0000318;4/20/2026 15:00:09;EFECTIVO;1;1.5
VTA-0000319;4/20/2026 15:00:34;EFECTIVO;1;1
VTA-0000320;4/20/2026 15:01:12;EFECTIVO;1;12
VTA-0000321;4/20/2026 16:15:12;YAPE;1;4
VTA-0000322;4/20/2026 16:15:32;YAPE;1;1
VTA-0000323;4/20/2026 21:22:12;EFECTIVO;1;1.6
VTA-0000324;21/4/2026;EFECTIVO;1;1
VTA-0000325;21/4/2026;YAPE;1;1
VTA-0000326;21/4/2026;EFECTIVO;1;7
VTA-0000327;21/4/2026;EFECTIVO;1;1.5
VTA-0000328;21/4/2026;EFECTIVO;1;1
VTA-0000329;21/4/2026;YAPE;1;3.9
VTA-0000330;21/4/2026;YAPE;1;0.1
VTA-0000331;21/4/2026;YAPE;1;0.1
VTA-0000332;21/4/2026;YAPE;1;1.2
VTA-0000333;21/4/2026;EFECTIVO;1;5
VTA-0000334;21/4/2026;EFECTIVO;1;6.3
VTA-0000335;21/4/2026;EFECTIVO;1;2.8
VTA-0000336;21/4/2026;EFECTIVO;1;0.4
VTA-0000337;21/4/2026;EFECTIVO;1;4
VTA-0000338;21/4/2026;YAPE;1;3.5
VTA-0000339;21/4/2026;EFECTIVO;1;1
VTA-0000340;21/4/2026;YAPE;1;2
VTA-0000341;21/4/2026;EFECTIVO;1;4.2
VTA-0000342;21/4/2026;EFECTIVO;1;1
VTA-0000343;22/4/2026;YAPE;1;2.5
VTA-0000344;22/4/2026;EFECTIVO;1;2
VTA-0000345;22/4/2026;EFECTIVO;1;2
VTA-0000346;22/4/2026;YAPE;1;3
VTA-0000347;22/4/2026;EFECTIVO;1;4
VTA-0000348;22/4/2026;EFECTIVO;1;4
VTA-0000349;22/4/2026;EFECTIVO;1;3
VTA-0000350;22/4/2026;EFECTIVO;1;4
VTA-0000351;22/4/2026;EFECTIVO;1;1
VTA-0000352;22/4/2026;YAPE;1;9.3
VTA-0000353;22/4/2026;EFECTIVO;1;8.5
VTA-0000354;22/4/2026;EFECTIVO;1;2
VTA-0000355;22/4/2026;EFECTIVO;1;1.5
VTA-0000356;22/4/2026;EFECTIVO;1;2
VTA-0000357;22/4/2026;EFECTIVO;1;2.9
VTA-0000358;22/4/2026;YAPE;1;1
VTA-0000359;22/4/2026;YAPE;1;1
VTA-0000360;22/4/2026;EFECTIVO;1;2
VTA-0000361;22/4/2026;YAPE;1;2
VTA-0000362;23/4/2026;YAPE;1;3
VTA-0000363;23/4/2026;YAPE;1;1.2
VTA-0000364;23/4/2026;YAPE;1;1.5
VTA-0000365;23/4/2026;EFECTIVO;1;0.6
VTA-0000366;23/4/2026;EFECTIVO;1;4.8
VTA-0000367;23/4/2026;EFECTIVO;1;69
VTA-0000368;23/4/2026;YAPE;1;2.4
VTA-0000369;23/4/2026;EFECTIVO;1;1
VTA-0000370;23/4/2026;EFECTIVO;1;2
VTA-0000371;23/4/2026;EFECTIVO;1;1
VTA-0000372;23/4/2026;YAPE;1;3
VTA-0000373;23/4/2026;EFECTIVO;1;3
VTA-0000374;23/4/2026;EFECTIVO;1;96
VTA-0000375;4/24/2026 22:52:10;EFECTIVO;1;1
VTA-0000376;4/24/2026 22:52:47;EFECTIVO;1;2
VTA-0000377;4/24/2026 22:53:18;YAPE;1;2
VTA-0000378;4/24/2026 22:53:35;YAPE;1;1
VTA-0000379;4/24/2026 22:53:46;YAPE;1;1
VTA-0000380;4/24/2026 22:54:10;EFECTIVO;1;2
VTA-0000381;27/4/2026;YAPE;1;0.6
VTA-0000382;27/4/2026;EFECTIVO;1;2.5
VTA-0000383;27/4/2026;EFECTIVO;1;2.2
VTA-0000384;27/4/2026;EFECTIVO;1;4.7
VTA-0000385;27/4/2026;YAPE;1;20
VTA-0000386;27/4/2026;EFECTIVO;1;0.6
VTA-0000387;28/4/2026;EFECTIVO;1;3
VTA-0000388;28/4/2026;YAPE;1;5.3
VTA-0000389;28/4/2026;YAPE;1;1.5
VTA-0000390;28/4/2026;EFECTIVO;1;3
VTA-0000391;28/4/2026;EFECTIVO;1;3
VTA-0000392;28/4/2026;EFECTIVO;1;3.3
VTA-0000393;28/4/2026;EFECTIVO;1;1
VTA-0000394;28/4/2026;EFECTIVO;1;2
VTA-0000395;28/4/2026;EFECTIVO;1;2
VTA-0000396;29/4/2026;YAPE;1;2
VTA-0000397;29/4/2026;YAPE;1;2
VTA-0000398;29/4/2026;EFECTIVO;1;4.4
VTA-0000399;29/4/2026;EFECTIVO;1;1
VTA-0000400;29/4/2026;EFECTIVO;1;3.8
VTA-0000401;29/4/2026;EFECTIVO;1;1.5
VTA-0000402;29/4/2026;EFECTIVO;1;2.5
VTA-0000403;29/4/2026;EFECTIVO;1;1
VTA-0000404;30/4/2026;YAPE;1;5
VTA-0000405;30/4/2026;YAPE;1;0.1
VTA-0000406;30/4/2026;EFECTIVO;1;1
VTA-0000407;30/4/2026;EFECTIVO;1;3.4
VTA-0000408;30/4/2026;EFECTIVO;1;1.5
VTA-0000409;01/05/2026;YAPE;1;17.9
VTA-0000410;01/05/2026;YAPE;1;75.5
VTA-0000411;5/4/2026 8:12:13;EFECTIVO;1;4
VTA-0000412;5/4/2026 8:12:40;EFECTIVO;1;3
VTA-0000413;5/4/2026 8:13:18;EFECTIVO;1;3
VTA-0000414;5/4/2026 8:13:36;EFECTIVO;1;3
VTA-0000415;5/4/2026 8:14:32;EFECTIVO;1;2
VTA-0000416;5/4/2026 8:17:07;YAPE;1;1
VTA-0000417;5/4/2026 8:17:43;YAPE;1;3
VTA-0000418;5/4/2026 8:44:20;YAPE;1;6.5
VTA-0000419;5/4/2026 8:45:14;YAPE;1;4.6
VTA-0000420;5/4/2026 15:29:36;EFECTIVO;1;7.3
VTA-0000421;5/4/2026 15:30:08;EFECTIVO;1;4
VTA-0000422;5/4/2026 15:31:08;YAPE;1;6
VTA-0000423;5/4/2026 15:33:34;EFECTIVO;1;1
VTA-0000424;5/4/2026 15:37:48;EFECTIVO;1;0.5
VTA-0000425;5/4/2026 15:42:02;EFECTIVO;1;2
VTA-0000426;5/5/2026;YAPE;1;3
VTA-0000427;5/5/2026;EFECTIVO;1;1.2
VTA-0000428;5/5/2026;EFECTIVO;1;4
VTA-0000429;5/5/2026;EFECTIVO;1;2
VTA-0000430;5/5/2026;EFECTIVO;1;3
VTA-0000431;5/5/2026;EFECTIVO;1;1
VTA-0000432;5/5/2026;EFECTIVO;1;1
VTA-0000433;5/5/2026;EFECTIVO;1;6
VTA-0000434;5/5/2026;EFECTIVO;1;22.5
VTA-0000435;5/5/2026;EFECTIVO;1;0.5
VTA-0000436;5/5/2026;YAPE;1;1.5
VTA-0000437;5/5/2026;YAPE;1;2
VTA-0000438;5/5/2026;EFECTIVO;1;4.1
VTA-0000439;5/5/2026;EFECTIVO;1;6.3
VTA-0000440;5/5/2026;YAPE;1;9
VTA-0000441;5/5/2026;EFECTIVO;1;2.2
VTA-0000442;5/5/2026;EFECTIVO;1;1.2
VTA-0000443;5/5/2026;EFECTIVO;1;1
VTA-0000444;6/5/2026;EFECTIVO;1;0.5
VTA-0000445;6/5/2026;YAPE;1;3
VTA-0000446;6/5/2026;YAPE;1;4.5
VTA-0000447;6/5/2026;EFECTIVO;1;0.5
VTA-0000448;6/5/2026;EFECTIVO;1;3
VTA-0000449;6/5/2026;EFECTIVO;1;0.5
VTA-0000450;6/5/2026;EFECTIVO;1;2
VTA-0000451;6/5/2026;EFECTIVO;1;1.4
VTA-0000452;6/5/2026;YAPE;1;4
VTA-0000453;6/5/2026;EFECTIVO;1;6
VTA-0000454;6/5/2026;EFECTIVO;1;2
VTA-0000455;6/5/2026;EFECTIVO;1;3.2
VTA-0000456;6/5/2026;YAPE;1;8
VTA-0000457;6/5/2026;YAPE;1;2
VTA-0000458;6/5/2026;EFECTIVO;1;4
VTA-0000459;7/5/2026;EFECTIVO;1;1
VTA-0000460;7/5/2026;YAPE;1;0.2
VTA-0000461;7/5/2026;EFECTIVO;1;6
VTA-0000462;7/5/2026;YAPE;1;1
VTA-0000463;7/5/2026;YAPE;1;1
VTA-0000464;7/5/2026;EFECTIVO;1;1.8
VTA-0000465;7/5/2026;EFECTIVO;1;3.2
VTA-0000466;7/5/2026;EFECTIVO;1;1
VTA-0000467;8/5/2026;YAPE;1;8
VTA-0000468;8/5/2026;EFECTIVO;1;2
VTA-0000469;8/5/2026;EFECTIVO;1;4
VTA-0000470;8/5/2026;YAPE;1;2.5
VTA-0000471;8/5/2026;YAPE;1;2
VTA-0000472;11/5/2026;EFECTIVO;1;2
VTA-0000473;11/5/2026;EFECTIVO;1;2
VTA-0000474;11/5/2026;EFECTIVO;1;1
VTA-0000475;11/5/2026;EFECTIVO;1;0.5
VTA-0000476;11/5/2026;EFECTIVO;1;3
VTA-0000477;11/5/2026;EFECTIVO;1;3
VTA-0000478;11/5/2026;EFECTIVO;1;2
VTA-0000479;11/5/2026;YAPE;1;7.3
VTA-0000480;11/5/2026;EFECTIVO;1;1.2
VTA-0000481;11/5/2026;EFECTIVO;1;1
VTA-0000482;5/12/2026 11:29:39;EFECTIVO;1;6.5
VTA-0000483;5/12/2026 11:30:54;EFECTIVO;1;3
VTA-0000484;5/12/2026 11:31:45;EFECTIVO;1;3
VTA-0000485;5/12/2026 11:32:03;EFECTIVO;1;0.6
VTA-0000486;5/12/2026 11:34:00;EFECTIVO;1;3
VTA-0000487;5/12/2026 11:34:27;EFECTIVO;1;4.3
VTA-0000488;5/12/2026 11:34:48;EFECTIVO;1;2.5
VTA-0000489;5/12/2026 11:35:21;YAPE;1;2
VTA-0000490;5/12/2026 11:35:21;EFECTIVO;1;4
VTA-0000491;5/13/2026 7:59:05;YAPE;1;1.5
VTA-0000492;5/13/2026 8:00:00;EFECTIVO;1;3
VTA-0000493;5/13/2026 8:10:17;EFECTIVO;1;8.6
VTA-0000494;5/13/2026 8:10:44;EFECTIVO;1;4
VTA-0000495;5/13/2026 8:10:57;EFECTIVO;1;3
VTA-0000496;5/13/2026 8:13:06;YAPE;1;8
VTA-0000497;5/13/2026 8:14:17;YAPE;1;2.5
VTA-0000498;5/13/2026 8:14:55;EFECTIVO;1;2.5
VTA-0000499;5/13/2026 8:15:33;EFECTIVO;1;5
VTA-0000500;5/13/2026 8:16:11;YAPE;1;3.6
VTA-0000501;5/13/2026 8:16:49;EFECTIVO;1;2.4
VTA-0000502;5/13/2026 8:17:27;YAPE;1;12.5
VTA-0000503;14/5/2026;EFECTIVO;1;5
VTA-0000504;14/5/2026;YAPE;1;4
VTA-0000505;14/5/2026;YAPE;1;3
VTA-0000506;14/5/2026;EFECTIVO;1;2.8
VTA-0000507;5/15/2026 11:00:40;YAPE;1;9
VTA-0000508;5/15/2026 11:01:22;EFECTIVO;1;5.2
VTA-0000509;5/15/2026 11:01:49;EFECTIVO;1;1.8
VTA-0000510;5/15/2026 11:02:07;YAPE;1;1.6
VTA-0000511;5/15/2026 11:03:28;EFECTIVO;1;1.6
VTA-0000512;5/15/2026 11:00:40;EFECTIVO;1;9
VTA-0000513;5/15/2026 11:00:40;YAPE;1;1.5
VTA-0000514;5/15/2026 11:00:40;YAPE;1;0.5
VTA-0000515;5/18/2026 10:27:01;EFECTIVO;1;1
VTA-0000516;5/18/2026 10:27:50;EFECTIVO;1;3
VTA-0000517;5/18/2026 10:29:35;YAPE;1;12.5
VTA-0000518;5/18/2026 10:30:06;YAPE;1;0.1
VTA-0000519;5/18/2026 10:30:52;YAPE;1;6
VTA-0000520;5/18/2026 10:31:17;EFECTIVO;1;9
VTA-0000521;5/18/2026 10:37:37;EFECTIVO;1;2
VTA-0000522;5/18/2026 10:38:31;YAPE;1;2
VTA-0000523;5/18/2026 10:27:01;YAPE;1;6
VTA-0000524;5/18/2026 10:27:01;EFECTIVO;1;3
VTA-0000525;5/18/2026 10:27:01;YAPE;1;4
VTA-0000526;5/18/2026 10:27:01;YAPE;1;1
VTA-0000527;5/18/2026 10:27:01;EFECTIVO;1;0.1
VTA-0000528;5/18/2026 10:27:01;EFECTIVO;1;1
VTA-0000529;5/18/2026 10:27:01;EFECTIVO;1;0.1
VTA-0000530;19/5/2026;EFECTIVO;1;3
VTA-0000531;19/5/2026;EFECTIVO;1;1
VTA-0000532;19/5/2026;YAPE;1;0.1
VTA-0000533;19/5/2026;EFECTIVO;1;1
VTA-0000534;19/5/2026;EFECTIVO;1;1
VTA-0000535;19/5/2026;EFECTIVO;1;1
VTA-0000536;19/5/2026;YAPE;1;2.5
VTA-0000537;19/5/2026;YAPE;1;3
VTA-0000538;19/5/2026;EFECTIVO;1;1.5
VTA-0000539;19/5/2026;EFECTIVO;1;5
VTA-0000540;22/5/2026;EFECTIVO;1;8
VTA-0000541;22/5/2026;EFECTIVO;1;7
VTA-0000542;22/5/2026;YAPE;1;1
VTA-0000543;22/5/2026;EFECTIVO;1;2
VTA-0000544;22/5/2026;EFECTIVO;1;0.7
VTA-0000545;22/5/2026;YAPE;1;25
VTA-0000546;22/5/2026;YAPE;1;5
VTA-0000547;20/5/2026;YAPE;1;1
VTA-0000548;20/5/2026;EFECTIVO;1;5
VTA-0000549;20/5/2026;EFECTIVO;1;1
VTA-0000550;20/5/2026;EFECTIVO;1;1
VTA-0000551;20/5/2026;EFECTIVO;1;2.5
VTA-0000552;20/5/2026;EFECTIVO;1;1
VTA-0000553;20/5/2026;EFECTIVO;1;1
VTA-0000554;20/5/2026;YAPE;1;2
VTA-0000555;20/5/2026;YAPE;1;7
VTA-0000556;20/5/2026;EFECTIVO;1;1
VTA-0000557;21/5/2026;EFECTIVO;1;2
VTA-0000558;21/5/2026;EFECTIVO;1;8
VTA-0000559;21/5/2026;EFECTIVO;1;1
VTA-0000560;21/5/2026;EFECTIVO;1;1.5
VTA-0000561;25/5/2026;EFECTIVO;1;1
VTA-0000562;25/5/2026;EFECTIVO;1;0.5
VTA-0000563;25/5/2026;EFECTIVO;1;1
VTA-0000564;25/5/2026;EFECTIVO;1;1
VTA-0000565;25/5/2026;YAPE;1;3
VTA-0000566;25/5/2026;YAPE;1;6
VTA-0000567;25/5/2026;YAPE;1;3
VTA-0000568;25/5/2026;EFECTIVO;1;3
VTA-0000569;25/5/2026;EFECTIVO;1;6.5
VTA-0000570;26/5/26;EFECTIVO;1;7
VTA-0000571;26/5/26;EFECTIVO;1;2.5
VTA-0000572;26/5/26;EFECTIVO;1;9
VTA-0000573;26/5/26;EFECTIVO;1;7.5
VTA-0000574;26/5/26;YAPE;1;1
VTA-0000575;26/5/26;EFECTIVO;1;4.6
VTA-0000576;26/5/26;EFECTIVO;1;1
VTA-0000577;26/5/26;EFECTIVO;1;3.1
VTA-0000578;26/5/26;EFECTIVO;1;0.5
VTA-0000579;26/5/26;EFECTIVO;1;0.5
VTA-0000580;26/5/26;YAPE;1;5
VTA-0000581;27/5/26;EFECTIVO;1;1
VTA-0000582;27/5/26;YAPE;1;1
VTA-0000583;27/5/26;YAPE;1;5
VTA-0000584;27/5/26;EFECTIVO;1;2
VTA-0000585;27/5/26;EFECTIVO;1;9
VTA-0000586;27/5/26;EFECTIVO;1;1
VTA-0000587;28/5/26;YAPE;1;3
VTA-0000588;28/5/26;EFECTIVO;1;3
VTA-0000589;28/5/26;YAPE;1;3.5
VTA-0000590;28/5/26;YAPE;1;3
VTA-0000591;28/5/26;YAPE;1;5
VTA-0000592;28/5/26;EFECTIVO;1;6.7
VTA-0000593;28/5/26;EFECTIVO;1;4.3
VTA-0000594;28/5/26;YAPE;1;1.6
VTA-0000595;28/5/26;EFECTIVO;1;2.1
VTA-0000596;28/5/26;EFECTIVO;1;1
VTA-0000597;28/5/26;YAPE;1;3
VTA-0000598;6/1/2026 17:49:15;EFECTIVO;1;3
VTA-0000599;6/1/2026 17:50:42;YAPE;1;4
VTA-0000600;6/1/2026 17:51:34;YAPE;1;9.2
VTA-0000601;6/1/2026 17:53:07;EFECTIVO;1;18
VTA-0000602;6/1/2026 18:03:11;YAPE;1;2.5
VTA-0000603;6/2/2026 0:21:33;EFECTIVO;1;2
VTA-0000604;6/2/2026 0:23:03;YAPE;1;1.6
VTA-0000605;6/2/2026 0:23:26;EFECTIVO;1;1
VTA-0000606;6/2/2026 0:23:53;YAPE;1;1.5
VTA-0000607;6/2/2026 0:24:40;YAPE;1;0.9
VTA-0000608;6/2/2026 0:24:59;EFECTIVO;1;1
VTA-0000609;6/2/2026 0:25:16;EFECTIVO;1;1
VTA-0000610;6/2/2026 0:25:34;EFECTIVO;1;6.5
VTA-0000611;6/2/2026 0:32:14;EFECTIVO;1;18
VTA-0000612;6/2/2026 0:33:14;EFECTIVO;1;2.7
VTA-0000613;6/2/2026 0:33:51;YAPE;1;4.2
VTA-0000614;6/2/2026 0:34:23;YAPE;1;1
VTA-0000615;6/2/2026 0:35:17;YAPE;1;7
VTA-0000616;6/2/2026 0:35:46;YAPE;1;9.2
VTA-0000617;6/2/2026 0:37:17;YAPE;1;2.5
VTA-0000618;6/2/2026 0:37:48;EFECTIVO;1;1
VTA-0000619;6/2/2026 0:38:14;EFECTIVO;1;6
VTA-0000620;6/2/2026 0:49:47;EFECTIVO;1;0.1
VTA-0000621;6/7/2026 17:12:37;EFECTIVO;1;0.5
VTA-0000622;6/7/2026 18:41:15;YAPE;1;4.5
VTA-0000623;6/7/2026 18:41:50;YAPE;1;2
VTA-0000624;6/7/2026 18:42:15;YAPE;1;1.5
VTA-0000625;6/7/2026 18:42:52;EFECTIVO;1;1
VTA-0000626;6/7/2026 18:45:26;EFECTIVO;1;10.5
VTA-0000627;6/7/2026 18:46:30;YAPE;1;1
VTA-0000628;6/7/2026 18:47:02;EFECTIVO;1;4.6
VTA-0000629;6/7/2026 18:47:35;EFECTIVO;1;8.7
VTA-0000630;6/7/2026 18:51:41;EFECTIVO;1;2.5
VTA-0000631;6/7/2026 18:53:35;EFECTIVO;1;2
VTA-0000632;6/7/2026 18:55:10;YAPE;1;6
VTA-0000633;6/7/2026 18:56:14;YAPE;1;5.5
VTA-0000634;6/7/2026 18:58:33;EFECTIVO;1;12.5
VTA-0000635;6/7/2026 19:04:06;EFECTIVO;1;1
VTA-0000636;6/7/2026 19:04:45;EFECTIVO;1;3.2
VTA-0000637;6/7/2026 19:05:14;YAPE;1;2.9
VTA-0000638;6/7/2026 19:05:58;YAPE;1;6.5
VTA-0000639;6/7/2026 19:11:25;EFECTIVO;1;7.5
VTA-0000640;6/7/2026 19:13:42;EFECTIVO;1;1
VTA-0000641;6/7/2026 19:13:58;EFECTIVO;1;1
VTA-0000642;6/7/2026 19:14:55;EFECTIVO;1;1
VTA-0000643;6/7/2026 19:15:34;EFECTIVO;1;2.5
VTA-0000644;6/7/2026 19:15:53;YAPE;1;2.5
VTA-0000645;6/7/2026 19:16:58;EFECTIVO;1;4
VTA-0000646;6/7/2026 19:17:37;EFECTIVO;1;6
VTA-0000647;6/7/2026 19:22:47;YAPE;1;13
VTA-0000648;6/7/2026 19:23:58;EFECTIVO;1;1.5
VTA-0000649;6/7/2026 19:25:57;EFECTIVO;1;1
VTA-0000650;6/7/2026 19:26:26;YAPE;1;4
VTA-0000651;6/7/2026 19:27:20;EFECTIVO;1;1
VTA-0000652;6/7/2026 19:27:46;EFECTIVO;1;3
VTA-0000653;6/7/2026 19:28:16;EFECTIVO;1;6.5
VTA-0000654;6/7/2026 19:33:20;EFECTIVO;1;6.5
VTA-0000655;6/7/2026 19:34:14;EFECTIVO;1;1
VTA-0000656;6/7/2026 19:34:41;EFECTIVO;1;0.6
VTA-0000657;6/7/2026 19:35:08;YAPE;1;4
VTA-0000658;6/7/2026 19:35:43;EFECTIVO;1;2
VTA-0000659;6/7/2026 19:37:26;EFECTIVO;1;9.5
VTA-0000660;6/7/2026 19:44:46;YAPE;1;3
VTA-0000661;6/7/2026 19:45:15;EFECTIVO;1;3.9
VTA-0000662;6/7/2026 19:46:19;EFECTIVO;1;2
VTA-0000663;6/7/2026 19:46:52;YAPE;1;2
VTA-0000664;6/7/2026 19:48:40;EFECTIVO;1;1.5
VTA-0000665;6/7/2026 19:50:10;EFECTIVO;1;1.5
VTA-0000666;6/7/2026 19:54:51;EFECTIVO;1;2
VTA-0000667;6/7/2026 19:57:35;EFECTIVO;1;1
VTA-0000668;6/7/2026 19:58:03;YAPE;1;1.5
VTA-0000669;6/7/2026 19:58:40;EFECTIVO;1;1.9
VTA-0000670;6/7/2026 19:59:04;YAPE;1;1
VTA-0000671;6/7/2026 19:59:57;EFECTIVO;1;1.5
VTA-0000672;6/7/2026 20:00:37;EFECTIVO;1;0.7
VTA-0000673;6/7/2026 20:01:05;EFECTIVO;1;0.5
VTA-0000674;6/7/2026 20:01:27;EFECTIVO;1;1.5
VTA-0000675;6/7/2026 20:03:03;YAPE;1;18.4
VTA-0000676;6/7/2026 20:08:06;YAPE;1;25
VTA-0000677;6/7/2026 20:08:40;YAPE;1;8
VTA-0000678;6/7/2026 20:16:23;YAPE;1;18.3
VTA-0000679;6/7/2026 20:24:39;YAPE;1;21.3
VTA-0000680;6/12/2026 23:07:57;EFECTIVO;1;3
VTA-0000681;6/12/2026 23:09:32;EFECTIVO;1;3
VTA-0000682;6/12/2026 23:23:25;YAPE;1;4.5
VTA-0000683;6/12/2026 23:27:47;EFECTIVO;1;6.8
VTA-0000684;6/12/2026 23:28:10;EFECTIVO;1;0.2
VTA-0000685;6/12/2026 23:29:22;EFECTIVO;1;6.4
VTA-0000686;6/12/2026 23:32:35;EFECTIVO;1;1.5
VTA-0000687;6/12/2026 23:34:16;EFECTIVO;1;2.7
VTA-0000688;6/12/2026 23:35:18;YAPE;1;0.7
VTA-0000689;6/12/2026 23:35:55;EFECTIVO;1;3
VTA-0000690;6/12/2026 23:36:17;YAPE;1;3
VTA-0000691;6/12/2026 23:37:16;YAPE;1;3
VTA-0000692;6/12/2026 23:39:47;EFECTIVO;1;8.7
VTA-0000693;6/12/2026 23:40:42;EFECTIVO;1;4
VTA-0000694;6/12/2026 23:43:17;EFECTIVO;1;1
VTA-0000695;6/12/2026 23:44:38;EFECTIVO;1;4.5
VTA-0000696;6/12/2026 23:44:59;EFECTIVO;1;4.3
VTA-0000697;6/12/2026 23:49:44;EFECTIVO;1;8
VTA-0000698;6/12/2026 23:50:24;YAPE;1;2.5
VTA-0000699;6/12/2026 23:51:54;EFECTIVO;1;6.6
VTA-0000700;6/12/2026 23:52:34;EFECTIVO;1;3
VTA-0000701;6/12/2026 23:53:27;YAPE;1;7
VTA-0000702;6/13/2026 23:53:46;EFECTIVO;1;3
VTA-0000703;6/13/2026 23:54:57;YAPE;1;1.5
VTA-0000704;6/13/2026 23:55:32;YAPE;1;2
VTA-0000705;6/13/2026 23:56:49;EFECTIVO;1;4.5
VTA-0000706;6/13/2026 23:57:22;EFECTIVO;1;5.5
VTA-0000707;6/14/2026 0:00:00;YAPE;1;6.8
VTA-0000708;6/14/2026 0:04:01;EFECTIVO;1;4.5
VTA-0000709;6/14/2026 0:05:54;YAPE;1;4.3
VTA-0000710;6/14/2026 0:07:02;EFECTIVO;1;2.6
VTA-0000711;6/14/2026 0:07:29;EFECTIVO;1;7.5
VTA-0000712;6/14/2026 0:08:36;EFECTIVO;1;17.5
VTA-0000713;6/14/2026 0:09:36;EFECTIVO;1;0.5
VTA-0000714;6/14/2026 0:09:56;EFECTIVO;1;1
VTA-0000715;6/14/2026 0:10:26;YAPE;1;1
VTA-0000716;6/14/2026 0:10:53;YAPE;1;0.5
VTA-0000717;6/14/2026 0:11:59;EFECTIVO;1;4
VTA-0000718;6/14/2026 0:12:41;EFECTIVO;1;3
VTA-0000719;6/14/2026 0:13:01;EFECTIVO;1;0.2
VTA-0000720;6/14/2026 0:13:26;EFECTIVO;1;3.5
VTA-0000721;6/14/2026 0:14:04;EFECTIVO;1;3
VTA-0000722;6/14/2026 0:14:31;EFECTIVO;1;2
VTA-0000723;6/14/2026 0:14:41;EFECTIVO;1;0.3
VTA-0000724;6/14/2026 0:15:20;EFECTIVO;1;1.5
VTA-0000725;6/14/2026 0:16:04;EFECTIVO;1;7
VTA-0000726;6/14/2026 0:16:25;EFECTIVO;1;2
VTA-0000727;6/14/2026 0:17:46;YAPE;1;15
VTA-0000728;6/14/2026 0:19:24;YAPE;1;4
VTA-0000729;6/14/2026 0:19:38;EFECTIVO;1;0.5
VTA-0000730;6/14/2026 0:19:59;EFECTIVO;1;2
VTA-0000731;6/14/2026 0:20:21;YAPE;1;4
VTA-0000732;6/14/2026 0:20:42;EFECTIVO;1;1.3
VTA-0000733;6/14/2026 0:21:14;EFECTIVO;1;4
VTA-0000734;6/14/2026 0:23:23;EFECTIVO;1;15
VTA-0000735;6/14/2026 21:18:51;YAPE;1;3
VTA-0000736;6/14/2026 21:21:46;YAPE;1;3
VTA-0000737;6/14/2026 21:22:10;YAPE;1;3
VTA-0000738;6/14/2026 21:22:35;YAPE;1;3
VTA-0000739;6/14/2026 21:23:58;EFECTIVO;1;2
VTA-0000740;6/14/2026 21:24:35;YAPE;1;16.8
VTA-0000741;6/15/2026 10:14:05;EFECTIVO;1;1.6
VTA-0000742;6/15/2026 10:14:34;EFECTIVO;1;0.6
VTA-0000743;6/15/2026 10:14:54;YAPE;1;3
VTA-0000744;6/15/2026 10:16:28;YAPE;1;6.5
VTA-0000745;6/15/2026 10:19:57;EFECTIVO;1;7
VTA-0000746;6/15/2026 10:20:25;EFECTIVO;1;0.8
VTA-0000747;6/15/2026 10:20:50;EFECTIVO;1;3
VTA-0000748;6/15/2026 10:21:20;EFECTIVO;1;5.6
VTA-0000749;6/15/2026 10:24:38;EFECTIVO;1;1.5
VTA-0000750;6/15/2026 10:25:47;EFECTIVO;1;2
VTA-0000751;6/15/2026 10:27:23;EFECTIVO;1;4.5
VTA-0000752;16/6/26;YAPE;1;3
VTA-0000753;16/6/26;EFECTIVO;1;3
VTA-0000754;16/6/26;EFECTIVO;1;3
VTA-0000755;16/6/26;YAPE;1;1
VTA-0000756;16/6/26;YAPE;1;4
VTA-0000757;17/6/2026;YAPE;1;8.5
VTA-0000758;17/6/2026;YAPE;1;3.5
VTA-0000759;17/6/2026;EFECTIVO;1;1.5
VTA-0000760;17/6/2026;EFECTIVO;1;4.9
VTA-0000761;17/6/2026;EFECTIVO;1;2.4
VTA-0000762;17/6/2026;EFECTIVO;1;2.8
VTA-0000763;17/6/2026;EFECTIVO;1;1.6
VTA-0000764;17/6/2026;EFECTIVO;1;6
VTA-0000765;17/6/2026;YAPE;1;10
VTA-0000766;17/6/2026;EFECTIVO;1;3.9
VTA-0000767;17/6/2026;EFECTIVO;1;2.2
VTA-0000768;17/6/2026;EFECTIVO;1;2
VTA-0000769;17/6/2026;EFECTIVO;1;1
VTA-0000770;17/6/2026;EFECTIVO;1;0.5
VTA-0000771;17/6/2026;YAPE;1;2.4
VTA-0000772;17/6/2026;EFECTIVO;1;6
VTA-0000773;17/6/2026;EFECTIVO;1;0.6
VTA-0000774;18/6/2026;EFECTIVO;1;5
VTA-0000775;18/6/2026;YAPE;1;1.2
VTA-0000776;18/6/2026;EFECTIVO;1;1
VTA-0000777;18/6/2026;EFECTIVO;1;0.8
VTA-0000778;18/6/2026;EFECTIVO;1;1.2
VTA-0000779;18/6/2026;YAPE;1;2.4
VTA-0000780;18/6/2026;EFECTIVO;1;5
VTA-0000781;18/6/2026;EFECTIVO;1;5.6
VTA-0000782;18/6/2026;EFECTIVO;1;4
VTA-0000783;18/6/2026;EFECTIVO;1;0.5
VTA-0000784;18/6/2026;EFECTIVO;1;1.2
VTA-0000785;18/6/2026;YAPE;1;8.5
VTA-0000786;18/6/2026;EFECTIVO;1;0.1
VTA-0000787;18/6/2026;EFECTIVO;1;1.5
VTA-0000788;18/6/2026;EFECTIVO;1;8
VTA-0000789;19/6/2026;YAPE;1;3.2
VTA-0000790;19/6/2026;YAPE;1;0.5
VTA-0000791;19/6/2026;EFECTIVO;1;1.4
VTA-0000792;19/6/2026;YAPE;1;0.5
VTA-0000793;19/6/2026;EFECTIVO;1;0.7
VTA-0000794;19/6/2026;EFECTIVO;1;0.2
VTA-0000795;19/6/2026;EFECTIVO;1;4
VTA-0000796;20/6/2026;EFECTIVO;1;2.7
VTA-0000797;20/6/2026;EFECTIVO;1;1
VTA-0000798;20/6/2026;EFECTIVO;1;0.2
VTA-0000799;20/6/2026;YAPE;1;4
VTA-0000800;20/6/2026;YAPE;1;5.5
VTA-0000801;20/6/2026;YAPE;1;24.6
VTA-0000802;21/6/2026;EFECTIVO;1;6
VTA-0000803;21/6/2026;EFECTIVO;1;3
VTA-0000804;21/6/2026;EFECTIVO;1;2
VTA-0000805;21/6/2026;YAPE;1;2
VTA-0000806;21/6/2026;EFECTIVO;1;10
VTA-0000807;21/6/2026;YAPE;1;1.6
VTA-0000808;21/6/2026;EFECTIVO;1;7.3
VTA-0000809;21/6/2026;YAPE;1;4
VTA-0000810;21/6/2026;YAPE;1;1.5
VTA-0000811;21/6/2026;EFECTIVO;1;4
VTA-0000812;21/6/2026;EFECTIVO;1;8.9
VTA-0000813;21/6/2026;YAPE;1;5
VTA-0000814;23/6/2026;YAPE;1;5.5
VTA-0000815;23/6/2026;EFECTIVO;1;5
VTA-0000816;23/6/2026;EFECTIVO;1;5
VTA-0000817;23/6/2026;YAPE;1;5
VTA-0000818;23/6/2026;EFECTIVO;1;5.2
VTA-0000819;23/6/2026;EFECTIVO;1;4.6
VTA-0000820;23/6/2026;YAPE;1;7
VTA-0000821;23/6/2026;EFECTIVO;1;1.5
VTA-0000822;23/6/2026;EFECTIVO;1;1
VTA-0000823;24/6/2026;EFECTIVO;1;8
VTA-0000824;24/6/2026;YAPE;1;6.5
VTA-0000825;24/6/2026;EFECTIVO;1;0.8
VTA-0000826;24/6/2026;YAPE;1;3
VTA-0000827;24/6/2026;EFECTIVO;1;1
VTA-0000828;24/6/2026;EFECTIVO;1;2.7
VTA-0000829;24/6/2026;YAPE;1;1
VTA-0000830;25/6/2026;EFECTIVO;1;3
VTA-0000831;25/6/2026;YAPE;1;8
VTA-0000832;25/6/2026;YAPE;1;2.5
VTA-0000833;25/6/2026;EFECTIVO;1;3
VTA-0000834;25/6/2026;EFECTIVO;1;2.7
VTA-0000835;27/6/26;EFECTIVO;1;3
VTA-0000836;27/6/26;EFECTIVO;1;8
VTA-0000837;27/6/26;EFECTIVO;1;3
VTA-0000838;27/6/26;EFECTIVO;1;2.5
VTA-0000839;27/6/26;EFECTIVO;1;3
VTA-0000840;27/6/26;EFECTIVO;1;3
VTA-0000841;27/6/26;YAPE;1;3
VTA-0000842;27/6/26;YAPE;1;3
VTA-0000843;27/6/26;YAPE;1;5
VTA-0000844;27/6/26;YAPE;1;6
VTA-0000845;27/6/26;EFECTIVO;1;3
VTA-0000846;27/6/26;YAPE;1;3
VTA-0000847;27/6/26;YAPE;1;6
VTA-0000848;27/6/26;YAPE;1;3
VTA-0000849;27/6/26;EFECTIVO;1;3
VTA-0000850;28/6/2026;EFECTIVO;1;14.4
VTA-0000851;28/6/2026;EFECTIVO;1;1
VTA-0000852;30/6/2026;YAPE;1;3.5
VTA-0000853;30/6/2026;EFECTIVO;1;3.2
VTA-0000854;30/6/2026;EFECTIVO;1;0.6
VTA-0000855;7/1/2026 13:11:10;EFECTIVO;1;1.5
VTA-0000856;7/1/2026 13:11:10;EFECTIVO;1;4
VTA-0000857;7/1/2026 13:11:10;EFECTIVO;1;2
VTA-0000858;7/1/2026 13:11:10;EFECTIVO;1;1
VTA-0000859;7/1/2026 13:11:10;EFECTIVO;1;1
VTA-0000860;7/1/2026 13:11:10;EFECTIVO;1;2
VTA-0000861;7/1/2026 13:11:10;YAPE;1;4
VTA-0000862;7/1/2026 13:11:10;EFECTIVO;1;0.5
VTA-0000863;7/1/2026 13:11:10;YAPE;1;0.5
VTA-0000864;7/1/2026 13:11:10;EFECTIVO;1;0.5
VTA-0000865;7/1/2026 13:11:10;EFECTIVO;1;0.5
VTA-0000866;7/1/2026 13:11:10;EFECTIVO;1;1
VTA-0000867;7/1/2026 13:11:10;YAPE;1;0.5
VTA-0000868;7/1/2026 13:11:10;EFECTIVO;1;1
VTA-0000869;7/1/2026 13:11:10;EFECTIVO;1;0.5
VTA-0000870;7/1/2026 13:11:10;EFECTIVO;1;2
VTA-0000871;7/1/2026 13:11:10;EFECTIVO;1;1.9
VTA-0000872;7/1/2026 13:11:10;EFECTIVO;1;3.1
VTA-0000873;7/1/2026 13:11:10;EFECTIVO;1;0.5
VTA-0000874;7/1/2026 13:11:10;YAPE;1;5.5
VTA-0000875;7/1/2026 13:11:10;YAPE;1;0.5
VTA-0000876;7/2/2026 13:11:10;EFECTIVO;1;0.5
VTA-0000877;7/2/2026 13:11:10;YAPE;1;8
VTA-0000878;7/2/2026 13:11:10;EFECTIVO;1;0.5
VTA-0000879;7/2/2026 13:11:10;YAPE;1;8
VTA-0000880;7/2/2026 13:11:10;YAPE;1;0.5
VTA-0000881;7/2/2026 13:11:10;EFECTIVO;1;3
VTA-0000882;7/2/2026 13:11:10;EFECTIVO;1;2
VTA-0000883;7/2/2026 13:11:10;EFECTIVO;1;3
VTA-0000884;7/3/2026 13:11:10;EFECTIVO;1;1
VTA-0000885;7/3/2026 13:11:10;EFECTIVO;1;1
VTA-0000886;7/3/2026 13:11:10;EFECTIVO;1;1
VTA-0000887;7/3/2026 13:11:10;EFECTIVO;1;1
VTA-0000888;7/3/2026 13:11:10;EFECTIVO;1;0.4
VTA-0000889;7/3/2026 13:11:10;EFECTIVO;1;1
VTA-0000890;7/3/2026 13:11:10;YAPE;1;1
VTA-0000891;7/3/2026 13:11:10;YAPE;1;12.5
VTA-0000892;7/3/2026 13:11:10;EFECTIVO;1;2.9
VTA-0000893;7/3/2026 13:11:10;EFECTIVO;1;2
VTA-0000894;7/3/2026 13:11:10;YAPE;1;1
VTA-0000895;7/3/2026 13:11:10;EFECTIVO;1;3.2
VTA-0000896;7/3/2026 13:11:10;EFECTIVO;1;1
VTA-0000897;7/3/2026 13:11:10;EFECTIVO;1;0.5
VTA-0000898;7/3/2026 13:11:10;YAPE;1;2.4
VTA-0000899;7/7/2026;EFECTIVO;1;0.5
VTA-0000900;7/7/2026;EFECTIVO;1;2.5
VTA-0000901;7/7/2026;EFECTIVO;1;0.5
VTA-0000902;7/7/2026;YAPE;1;3
VTA-0000903;7/7/2026;YAPE;1;2.5
VTA-0000904;7/7/2026;EFECTIVO;1;1
VTA-0000905;7/7/2026;EFECTIVO;1;5
VTA-0000906;7/7/2026;EFECTIVO;1;3.5
VTA-0000907;7/7/2026;EFECTIVO;1;2.9
VTA-0000908;7/7/2026;EFECTIVO;1;4.8
VTA-0000909;7/7/2026;EFECTIVO;1;1
VTA-0000910;7/7/2026;YAPE;1;16
VTA-0000911;8/7/2026;EFECTIVO;1;1.5
VTA-0000912;8/7/2026;EFECTIVO;1;0.5
VTA-0000913;8/7/2026;EFECTIVO;1;1.5
VTA-0000914;8/7/2026;EFECTIVO;1;2
VTA-0000915;8/7/2026;EFECTIVO;1;0.4
VTA-0000916;8/7/2026;EFECTIVO;1;2
VTA-0000917;8/7/2026;EFECTIVO;1;2.5
VTA-0000918;8/7/2026;EFECTIVO;1;3.2
VTA-0000919;8/7/2026;EFECTIVO;1;4.8
VTA-0000920;8/7/2026;YAPE;1;1
VTA-0000921;9/7/2026;EFECTIVO;1;2
VTA-0000922;9/7/2026;EFECTIVO;1;3
VTA-0000923;9/7/2026;EFECTIVO;1;3
VTA-0000924;9/7/2026;EFECTIVO;1;0.4
VTA-0000925;9/7/2026;EFECTIVO;1;0.5
VTA-0000926;9/7/2026;EFECTIVO;1;8
VTA-0000927;9/7/2026;YAPE;1;2.5
VTA-0000928;9/7/2026;EFECTIVO;1;4.4
VTA-0000929;9/7/2026;EFECTIVO;1;2.7
VTA-0000930;9/7/2026;EFECTIVO;1;4.8
VTA-0000931;9/7/2026;YAPE;1;8
VTA-0000932;10/7/2026;EFECTIVO;1;3.5
VTA-0000933;10/7/2026;EFECTIVO;1;1
VTA-0000934;10/7/2026;EFECTIVO;1;0.2
VTA-0000935;10/7/2026;EFECTIVO;1;4
VTA-0000936;10/7/2026;EFECTIVO;1;3.8
VTA-0000937;10/7/2026;EFECTIVO;1;21.8
VTA-0000938;10/7/2026;EFECTIVO;1;1.8
VTA-0000939;12/7/2026;EFECTIVO;1;19.2
