ID,Descripcion,Categoria,Departamento,Unidad,Costo_Unitario,Ubicacion,Proveedor,Fecha Ingreso,Estado,Precio_Venta,Stock_Minimo,Stock_Actual,Alerta_Kardex_Negativo
7891360679189,CAJA DE COLORES FABERCASTELL,COLORES,UTILES,CAJA,0.0,-,TAILOY,14/03/2026 15:29:12,ACTIVO,8.0,5,8,False
7750082073838,INDELEBLE DELGADO ARTESCO ,INDELEBLE,UTILES,UNIDAD,1.21,,TAILOY,15/03/2026 11:32:25,ACTIVO,3.5,5,10,False
7754111667029,INDELEBLE DELGADO FABERCASTELL,INDELEBLE,UTILES,UNIDAD,1.96,-,TAILOY,15/03/2026 11:33:26,ACTIVO,4.0,5,18,False
7751690115224,CINTA MASKING TAPE SHURTAPE 1X15,CINTAS EMBALAJE,UTILES,UNIDAD,1.06,-,TAILOY,15/03/2026 11:36:54,ACTIVO,2.0,5,9,False
2050000117152,CINTA EMBALAJE ECONOMICA YIMI,CINTAS EMBALAJE,UTILES,UNIDAD,0.42,-,TAILOY,15/03/2026 11:38:59,ACTIVO,1.5,5,21,False
3013016870601,CAJA DE COLORES JUMBO OVE,COLORES,UTILES,CAJA,8.15,,TAILOY,15/03/2026 11:41:16,ACTIVO,13.0,5,6,False
7750082002623,PLASTILINA JUMBO ARTESCO,PLASTILINAS,UTILES,CAJA,2.77,,TAILOY,15/03/2026 12:33:44,ACTIVO,5.5,5,4,False
7754807771382,CRAYONES JUMBO VINIFAN,CRAYOLAS,UTILES,CAJA,3.06,,TAILOY,15/03/2026 11:43:26,ACTIVO,5.5,5,12,False
3013017831342,PLASTILINA JUMBO OVE,PLASTILINAS,UTILES,CAJA,2.13,,TAILOY,15/03/2026 12:31:10,ACTIVO,5.0,5,12,False
7754807033831,FOLDER A4 DOBLE TAPA AZUL VINIFAN,FOLDER,UTILES,UNIDAD,4.42,,TAILOY,15/03/2026 11:46:09,ACTIVO,6.5,1,5,False
7754807033916,FOLDER A4 DOBLE TAPA AZULINO  VINIFAN,FOLDER,UTILES,UNIDAD,4.42,-,TAILOY,15/03/2026 11:47:20,ACTIVO,6.5,1,6,False
7750049008453,SKETCH BOOK SURCO,SKETCHBOOK,UTILES,UNIDAD,4.04,,TAILOY,15/03/2026 11:47:54,ACTIVO,6.0,5,8,False
DFF-0000000002,SKETCH BOOK ECONÓMICO,SKETCHBOOK,UTILES,UNIDAD,0.0,-,-,15/03/2026 11:55:14,ACTIVO,5.5,5,15,False
7754807790925,TAJADOR VINIFAN DOBLE PUNTA,TAJADOR,UTILES,UNIDAD,1.01,,TAILOY,15/03/2026 11:56:09,ACTIVO,2.5,5,19,False
7754807679008,TAJADOR PLASTICO VINIFAN ESCUDO,TAJADOR,UTILES,UNIDAD,1.33,,TAILOY,15/03/2026 11:57:24,ACTIVO,2.5,5,8,False
7754807120111,PLASTIFORRO VINIFAN REUSABLE,PLASTIFORRO,UTILES,UNIDAD,0.93,,TAILOY,15/03/2026 11:58:01,ACTIVO,2.0,5,30,False
7754807021968,PLASTIFORRO VINIFAN ECONOMICO,PLASTIFORRO,UTILES,UNIDAD,0.61,,TAILOY,15/03/2026 12:01:37,ACTIVO,1.5,5,30,False
7754807080279,MICA A4 VINIFAN,MICA,UTILES,UNIDAD,0.41,-,TAILOY,15/03/2026 12:05:22,ACTIVO,1.0,5,87,False
7750082416178,MICA A4 ARTESCO,MICA,UTILES,UNIDAD,0.4,-,TAILOY,15/03/2026 12:07:00,ACTIVO,1.0,5,54,False
7750082062610,BORRADOR ARTESCO BROCHA,BORRADOR,UTILES,UNIDAD,1.85,,TAILOY,15/03/2026 12:07:38,ACTIVO,3.0,5,20,False
7750082003422,LAPIZ 2B ARTESCO,LAPIZ,UTILES,UNIDAD,0.28,,TAILOY,15/03/2026 12:11:28,ACTIVO,1.0,10,161,False
7754111019477,LAPIZ FABERCASTELL 2B,LAPIZ,UTILES,UNIDAD,0.0,,TAILOY,15/03/2026 12:19:27,ACTIVO,1.0,10,77,False
7750082003606,CHEQUEO ROJO ARTESCO,LAPIZ,UTILES,UNIDAD,0.38,,TAILOY,15/03/2026 12:22:37,ACTIVO,1.0,10,321,False
3013017826171,LAPIZ JUMBO OVE,LAPIZ,UTILES,UNIDAD,0.71,,TAILOY,15/03/2026 12:24:49,ACTIVO,1.5,5,34,False
7754221003816,LAPIZ  JUMBO VIKINGO,LAPIZ,UTILES,UNIDAD,0.0,,TAILOY,15/03/2026 12:25:47,ACTIVO,2.0,5,9,False
7750082001237,LAPIZ JUMBO ARTESCO ,LAPIZ,UTILES,UNIDAD,0.0,,TAILOY,15/03/2026 12:26:59,ACTIVO,2.0,5,14,False
2050000122231,CHEQUEO JUMBO OVE,LAPIZ,UTILES,UNIDAD,0.73,,TAILOY,15/03/2026 12:28:35,ACTIVO,1.5,5,71,False
37850822925012,CHEQUEO JUMBO STANDFORD,LAPIZ,UTILES,UNIDAD,0.0,,TAILOY,15/03/2026 12:29:33,ACTIVO,2.0,5,6,False
7754807720137,SILICONA LIQUIDA PEQUEÑA VINIFAN 30 ML,SILICONAS,UTILES,UNIDAD,0.93,,TAILOY,15/03/2026 12:34:17,ACTIVO,2.0,5,7,False
7754807720144,SILICONA LIQUIDA MEDIANA VINIFAN 100 ML,SILICONAS,UTILES,UNIDAD,2.05,-,TAILOY,15/03/2026 12:34:49,ACTIVO,4.0,5,1,False
7754807720151,SILICONA LIQUIDA GRANDE VINIFAN 250 ML,SILICONAS,UTILES,UNIDAD,3.49,,TAILOY,15/03/2026 12:36:00,ACTIVO,7.0,5,11,False
7750082006133,SILICONA LIQUIDA PEQUEÑA ARTESCO 30ML,SILICONAS,UTILES,UNIDAD,1.03,-,-,15/03/2026 12:36:43,ACTIVO,2.0,5,26,False
7750082006157,SILICONA LIQUIDA GRANDE ARTESCO 250ML,SILICONAS,UTILES,UNIDAD,3.75,-,TAILOY,15/03/2026 12:37:51,ACTIVO,8.0,5,15,False
7750082003392,GOMA LIQUIDA ARTESCO PEQUEÑO,GOMAS,UTILES,UNIDAD,1.46,-,TAILOY,15/03/2026 12:41:52,ACTIVO,2.5,5,11,False
7750082003736,GOMA LÍQUIDA ARTESCO MEDIANA,GOMAS,UTILES,UNIDAD,1.45,,TAILOY,15/03/2026 12:38:37,ACTIVO,2.5,5,7,False
7750082003408,GOMA LÍQUIDA ARTESCO GRANDE,GOMAS,UTILES,UNIDAD,1.89,,TAILOY,15/03/2026 12:39:08,ACTIVO,4.5,5,13,False
7754807791182,LIMPIATIPOS VINIFAN,LIMPIATIPOS,UTILES,UNIDAD,1.37,,TAILOY,15/03/2026 13:04:42,ACTIVO,3.0,5,11,False
7750082003712,LIMPIATIPOS ARTESCO,LIMPIATIPOS,UTILES,UNIDAD,0.0,,,15/03/2026 13:04:15,ACTIVO,3.0,5,4,False
2050000398735,LAPICERO OVE ECONOMICO ROJO,LAPICEROS,UTILES,UNIDAD,0.27,,TAILOY,15/03/2026 12:48:52,ACTIVO,1.0,10,91,False
2050000398674,LAPICERO OVE ECONOMICO AZUL,LAPICEROS,UTILES,UNIDAD,0.27,,TAILOY,15/03/2026 12:56:29,ACTIVO,1.0,10,27,False
2050000398704,LAPICERO OVE ECONOMICO NEGRO,LAPICEROS,UTILES,UNIDAD,0.27,,TAILOY,15/03/2026 12:54:23,ACTIVO,1.0,10,77,False
7754111532037,LAPICERO FABERCASTELL ECONOMICO NEGRO TRILUX 032,LAPICEROS,UTILES,UNIDAD,0.37,,TAILOY,15/03/2026 12:59:22,ACTIVO,1.0,10,98,False
7754111532013,LAPICERO FABERCASTEL TRULUX 032 ECONOMICO AZUL,LAPICEROS,UTILES,UNIDAD,0.37,-,TAILOY,15/03/2026 12:57:49,ACTIVO,1.0,10,182,False
7750082208865,CORRECTOR ARTESCO,CORRECTORES,UTILES,UNIDAD,1.0,,TAILOY,15/03/2026 13:00:11,ACTIVO,3.0,5,12,False
7754807762618,RESALTADOR VINIFAN ECONOMICO,RESALTADORES,UTILES,UNIDAD,0.66,,TAILOY,15/03/2026 13:05:23,ACTIVO,1.0,5,20,False
4902505084584,LAPICERO PUNTA FINA PILOT AZUL,LAPICEROS,UTILES,UNIDAD,2.49,,TAILOY,15/03/2026 13:01:22,ACTIVO,3.5,5,17,False
4902505084560,LAPICERO PUNTA FINA PILOT NEGRO,LAPICEROS,UTILES,UNIDAD,2.08,,TAILOY,15/03/2026 13:02:16,ACTIVO,3.5,5,14,False
7754807762717,CAJA DE COLORES VINIFAN,COLORES,UTILES,CAJA,4.67,,TAILOY,15/03/2026 13:03:12,ACTIVO,7.0,5,9,False
7750082007581,PLUMONES DELGADOS ARTESCO,PLUMONES,UTILES,PAQUETE,3.91,-,TAILOY,15/03/2026 13:07:27,ACTIVO,8.0,5,13,False
7754807771580,CAJA DE TEMPERAS VINIFAN,TEMPERAS,UTILES,CAJA,5.54,-,TAILOY,15/03/2026 13:08:08,ACTIVO,8.0,1,2,False
3013017958285,TIJERAS ECONOMICAS YIMI,TIJERAS,UTILES,UNIDAD,0.55,-,TAILOY,15/03/2026 13:08:42,ACTIVO,1.5,5,48,False
7754807771344,SET DE PLUMONES GRUESOS VINIFAN,PLUMONES,UTILES,PAQUETE,5.3,,TAILOY,15/03/2026 13:13:05,ACTIVO,9.0,1,4,False
7750082010000,SET DE PLUMONES GUESOS ARTESCO,PLUMONES,UTILES,PAQUETE,0.0,,,15/03/2026 13:13:53,ACTIVO,9.0,1,1,False
7754111002905,PLUMONES DELGADOS FABERCASTELL,PLUMONES,UTILES,PAQUETE,3.95,-,-,15/03/2026 13:14:20,ACTIVO,8.0,1,14,False
7754111018333,PLUMON PIZARRA AZUL FABERCASTELL,PLUMONES,UTILES,UNIDAD,1.08,,TAILOY,15/03/2026 13:17:09,ACTIVO,2.5,5,14,False
7754111024273,GOMA EN BARRA GRANDE FABERCASTELL,GOMAS,UTILES,UNIDAD,2.51,,TAILOY,15/03/2026 13:09:18,ACTIVO,5.0,5,11,False
7754111024259,GOMA EN BARRA MEDIANA FABERCASTELL,GOMAS,UTILES,UNIDAD,1.5,-,TAILOY,15/03/2026 13:09:36,ACTIVO,3.0,5,14,False
7754111032285,PLUMON PIZARRA NEGRO FABERCASTELL,PLUMONES,UTILES,UNIDAD,1.08,-,TAILOY,15/03/2026 13:16:57,ACTIVO,2.5,5,23,False
7754111032162,PLUMON PIZARRA ROJO FABERCASTELL,PLUMONES,UTILES,UNIDAD,1.08,,TAILOY,15/03/2026 13:16:22,ACTIVO,2.5,5,28,False
7754111016094,PLUMON PIZARRA VERDE FABERCASTELL,PLUMONES,UTILES,UNIDAD,0.0,-,-,15/03/2026 13:16:40,INACTIVO,2.5,1,1,False
7754111663038,INDELEBLE GRUESO FABERCASTELL,INDELEBLE,UTILES,CAJA,2.26,,TAILOY,15/03/2026 13:20:20,ACTIVO,4.0,5,16,False
7754111028332,TIJERA FABERCASTELL,TIJERAS,UTILES,UNIDAD,0.0,,,15/03/2026 13:21:16,ACTIVO,2.5,5,23,False
7750822006218,TIJERA ZURDO STANDFORD,TIJERAS,UTILES,UNIDAD,0.0,,,15/03/2026 13:22:18,ACTIVO,2.5,1,3,False
7754111801409,TIJERA ZURDO FABERCASTELL,TIJERAS,UTILES,UNIDAD,0.0,,,15/03/2026 13:22:52,ACTIVO,2.5,1,1,False
7750082002135,LAPIZ TECNICO ARTESCO,LAPIZ,UTILES,UNIDAD,0.0,,,15/03/2026 16:35:27,ACTIVO,1.5,5,31,False
7750840404744,LAPIZ CARBONCILLO LAYCONSA,LAPIZ,UTILES,UNIDAD,0.0,,,15/03/2026 16:38:12,ACTIVO,3.0,5,6,False
7750082001862,RESALTADOR ARTESCO,LAPIZ,UTILES,UNIDAD,0.0,,,15/03/2026 16:39:06,ACTIVO,1.5,5,1,False
DFF-0000000001,LAPIZ DUAL GRAFITO CHEQUEO BESKO,LAPIZ,UTILES,UNIDAD,0.0,-,-,15/03/2026 16:45:22,ACTIVO,1.0,5,59,False
7750082002098,LAPIZ BICOLOR ARTESCO,LAPIZ,UTILES,UNIDAD,0.0,,,15/03/2026 16:49:14,ACTIVO,1.0,5,2,False
7755354016070,CUADERNO ALPHA 1X1 A4,CUADERNO,UTILES,UNIDAD,0.0,,,15/03/2026 16:50:16,ACTIVO,6.5,5,20,False
7750822012844,CUADERNO STANDFORD TRIPLE RENGLON SOMBREADO A4 SIN STICKER,CUADERNO,UTILES,UNIDAD,4.49,-,TAILOY,15/03/2026 16:52:52,ACTIVO,6.5,5,16,False
7750822012370,CUADERNO STANDFORD CUADRICULADO A4 SIN STICKER,CUADERNO,UTILES,UNIDAD,4.69,-,-,15/03/2026 16:57:55,ACTIVO,6.5,5,7,False
7750822985223,CUADERNO STANDFORD TRIPLEMAX A4 SIN STICKER,CUADERNO,UTILES,UNIDAD,5.09,-,TAILOY,15/03/2026 17:03:06,ACTIVO,6.5,5,24,False
7751690300484,CINTA EMBALAJE GRUESA SHURTAPE,CINTAS EMBALAJE,UTILES,UNIDAD,2.95,,TAILOY,15/03/2026 17:16:31,ACTIVO,5.0,5,10,False
7750082763272,TIJERA ARTESCO ,TIJERAS,UTILES,UNIDAD,0.0,,TAILOY,15/03/2026 17:18:10,ACTIVO,2.5,5,12,False
2050000594175,CINTA EMBALAJE YIMI,CINTAS EMBALAJE,UTILES,UNIDAD,0.0,,TAILOY,15/03/2026 17:18:51,ACTIVO,4.0,5,3,False
7750082001572,BORRADOR PEQUEÑO BLANCO ARTESCO ,BORRADORES,UTILES,UNIDAD,0.0,,TAILOY,15/03/2026 17:23:02,ACTIVO,1.0,5,80,False
9555684605634,BORRADOR PEQUEÑO BLANCO FABERCASTELL,BORRADORES,UTILES,UNIDAD,0.0,,TAILOY,15/03/2026 17:25:47,ACTIVO,1.0,5,47,False
9555684605603,BORRADOR GRANDE BLANCO FABERCASTELL,BORRADORES,UTILES,UNIDAD,0.0,,TAILOY,15/03/2026 17:28:27,ACTIVO,1.5,5,21,False
9555684605573,BORRADOR GRANDE NEGRO FABERCASTELL,BORRADORES,UTILES,UNIDAD,0.0,,TAILOY,15/03/2026 17:28:36,ACTIVO,1.5,5,9,False
7750082051232,TAJADOR DOBLE ARTESCO TAMBOR,TAJADORES,UTILES,UNIDAD,0.0,,TAILOY,15/03/2026 17:31:48,ACTIVO,2.5,5,21,False
7750082051225,TAJADOR ARTESCO TAMBOR,TAJADORES,UTILES,UNIDAD,0.0,,TAILOY,15/03/2026 17:32:44,ACTIVO,2.0,5,9,False
7750082399877,TRANSPORTADOR ARTESCO 9CM,REGLAS,UTILES,UNIDAD,0.0,,TAILOY,15/03/2026 17:33:57,ACTIVO,1.0,5,33,False
7750049005032,CUADERNO SURCO A4 1X1,CUADERNO,UTILES,UNIDAD,0.0,Estante 2 Zona B,TAILOY,15/03/2026 17:39:45,ACTIVO,5.0,5,22,False
606110145794,CUADERNO SHARK A4 2X2,CUADERNO,UTILES,UNIDAD,0.0,Estante 2 Zona B,TAILOY,15/03/2026 17:46:17,ACTIVO,4.5,5,18,False
7750049005056,CUADERNO SURCO DECROLY,CUADERNO,UTILES,UNIDAD,0.0,Estante 2 Zona B,TAILOY,15/03/2026 17:59:32,ACTIVO,5.0,5,45,False
7755873142779,CUADERNO SHARK DECROLY,CUADERNO,UTILES,UNIDAD,0.0,Estante 2 Zona B,TAILOY,15/03/2026 18:03:03,ACTIVO,4.5,5,7,False
7750049011194,CUADERNO SURCO CUADRICULADO A5,CUADERNO,UTILES,UNIDAD,0.0,Estante 2 Zona B,TAILOY,15/03/2026 18:24:31,ACTIVO,2.5,5,29,False
DFF-0000000003,CUADERNO SURCO RAYADO A5 50 HOJAS,CUADERNO,UTILES,UNIDAD,0.0,Estante 2 Zona B,TAILOY,,ACTIVO,2.0,5,4,False
DFF-0000000004,CUADERNO ATLAS RAYADO A5 80 HOJAS,CUADERNO,UTILES,UNIDAD,0.0,Estante 2 Zona B,TAILOY,15/03/2026 18:27:09,ACTIVO,2.5,5,17,False
7754807771252,CAJA DE COLORES PEQUEÑOS VINIFAN,COLORES,UTILES,CAJA,0.0,-,TAILOY,15/03/2026 18:29:55,ACTIVO,3.0,5,7,False
7751426000923,CAJA DE LAPICES DE COLOR PEQUEÑOS DAVID,COLORES,UTILES,CAJA,0.0,,TAILOY,15/03/2026 18:30:00,ACTIVO,3.0,5,4,False
7754111019484,CRAYOLA JUMBO FABERCASTELL,CRAYOLA,UTILES,CAJA,0.0,,TAILOY,15/03/2026 18:31:01,ACTIVO,5.5,5,10,False
7750822004047,CAJA DE COLORES JUMBO STANDFORD,COLORES,UTILES,CAJA,0.0,,TAILOY,15/03/2026 18:32:47,ACTIVO,17.0,5,5,False
7754221008712,CAJA DE COLORES JUMBO VIKINGO,COLORES,UTILES,CAJA,0.0,,TAILOY,15/03/2026 18:32:52,ACTIVO,16.0,5,4,False
7754111011662,CRAYOLA OLEO PASTEL FABERCASTELL,CRAYOLA,UTILES,CAJA,0.0,,TAILOY,15/03/2026 18:34:53,ACTIVO,12.0,5,5,False
7750082007093,CAJA DE CRAYOLAS JUMBO ARTESCO,CRAYOLA,UTILES,CAJA,0.0,,TAILOY,15/03/2026 18:35:48,ACTIVO,7.0,5,10,False
7750082007536,GOMA EN BARRA MEDIANO ARTESCO,GOMAS,UTILES,UNIDAD,0.0,,TAILOY,15/03/2026 18:35:49,ACTIVO,3.0,5,4,False
7754111131070,CAJA DE TEMPERAS FABERCASTELL,TEMPERAS,UTILES,CAJA,5.46,-,TAILOY,15/03/2026 18:48:00,ACTIVO,9.0,5,6,False
7751426000084,CAJA DE TEMPERAS DAVID,TEMPERAS,UTILES,CAJA,0.0,-,TAILOY,15/03/2026 18:48:13,INACTIVO,8.0,5,1,False
7750082864320,CAJA DE TEMPERAS ARTESCO,TEMPERAS,UTILES,CAJA,0.0,-,TAILOY,15/03/2026 18:48:23,ACTIVO,9.0,5,6,False
4902505322723,LAPICERO FRIXION  BL-FR7-L 0.7,LAPICERO,UTILES,UNIDAD,0.0,,TAILOY,16/03/2026 9:59:30,ACTIVO,7.5,5,2,False
7754111532020,LAPICERO FABER CASTELL TRILUX 032 ECONOMICO ROJO,LAPICERO,UTILES,UNIDAD,0.0,-,TAILOY,16/03/2026 10:09:06,ACTIVO,1.0,5,68,False
4902505142789,LAPICERO FABER CASTELL 07 BPS-GP-F,LAPICERO,UTILES,UNIDAD,0.0,,TAILOY,16/03/2026 10:14:06,ACTIVO,3.0,5,15,False
7754111026499,LAPICERO FABER CASTELL TINTA GEL 064,LAPICERO,UTILES,UNIDAD,0.0,,TAILOY,16/03/2026 10:17:13,ACTIVO,3.0,5,10,False
7754111015226,LAPICERO FABER CASTELL TRILUX FUN-M CON DISEÑO,LAPICERO,UTILES,UNIDAD,0.0,,TAILOY,16/03/2026 10:18:37,ACTIVO,1.0,5,22,False
7754111000703,LAPICERO FABER CASTELL DE COLORES ECONOMICO,LAPICERO,UTILES,UNIDAD,0.0,,TAILOY,16/03/2026 10:19:42,ACTIVO,1.0,5,30,False
7754111654104,PLUMON INDELEBLE GRUESO AZUL FABER CASTELL WINNER 54,PLUMONES,UTILES,UNIDAD,0.0,,TAILOY,16/03/2026 10:25:43,ACTIVO,3.0,5,0,False
7754111652100,PLUMON INDELEBLE GRUESO AZUL FABER CASTELL WINNER 52,PLUMONES,UTILES,UNIDAD,0.0,,TAILOY,16/03/2026 10:27:25,ACTIVO,3.0,5,3,False
7754111654401,PLUMON INDELEBLE GURESO VERDE FABER CASTELL WINNER 54,PLUMONES,UTILES,UNIDAD,0.0,,TAILOY,16/03/2026 10:28:20,ACTIVO,3.0,5,10,False
7754111652209,PLUMON INDELEBLE GRUESO ROJO FABER CASTELL WINNER 52,PLUMONES,UTILES,UNIDAD,0.0,,TAILOY,16/03/2026 10:29:25,ACTIVO,3.0,5,6,False
7754111654203,PLUMON INDELEBLE GRUESO ROJO FABER CASTELL WINNER 54,PLUMONES,UTILES,UNIDAD,0.0,,TAILOY,16/03/2026 10:32:35,ACTIVO,3.0,5,4,False
8802946006113,GOMA ESCARCHADA,GOMAS,UTILES,UNIDAD,0.0,,TAILOY,16/03/2026 10:40:07,ACTIVO,1.0,5,39,False
7750082023857,MINAS ARTESCO 2B,MINAS,UTILES,UNIDAD,0.0,,TAILOY,16/03/2026 10:44:27,ACTIVO,2.5,5,13,False
6941287410257,MINAS ECONOMICAS JUMBO,UNIDAD,UTILES,UNIDAD,0.0,,MINA DE ORO,16/03/2026 10:52:17,ACTIVO,1.5,5,4,False
7502277851819,PORTAMINAS JUMBO P925 SABONIS,UNIDAD,UTILES,UNIDAD,0.0,,MINA DE ORO,16/03/2026 10:53:28,ACTIVO,2.5,5,4,False
DFF-0000000005,PUNZON DE MADERA,PUNZON,UTILES,UNIDAD,0.0,,MINA DE ORO,16/03/2026 10:57:46,ACTIVO,1.0,5,39,False
7754807020015,VINIFAN OFICIO,VINIFAN,UTILES,UNIDAD,0.0,-,TAILOY,16/03/2026 11:03:40,ACTIVO,12.0,5,1,False
7754807020022,VINIFAN A4,VINIFAN,UTILES,UNIDAD,0.0,,TAILOY,16/03/2026 11:04:58,ACTIVO,6.0,5,13,False
7754111015783,PLUMON AZUL GRUESO DE PAPEL FABER CASTELL WINNER 47,PLUMONES,UTILES,UNIDAD,1.06,-,TAILOY,16/03/2026 11:12:10,ACTIVO,2.0,5,19,False
7754111856133,PLUMON VERDE GRUESO DE PAPEL FABER CASTELL WINNER 56,PLUMONES,UTILES,UNIDAD,0.0,,TAILOY,16/03/2026 11:13:19,ACTIVO,2.0,5,5,False
7754111856157,PLUMON ANARANJADO GRUESO DE PAPEL FABER CASTELL WINNER 56,PLUMONES,UTILES,UNIDAD,0.0,,TAILOY,16/03/2026 11:14:25,ACTIVO,2.0,5,6,False
7750082207394,REGLA DE 20 CM ARTESCO,REGLAS,UTILES,UNIDAD,0.0,-,TAILOY,16/03/2026 11:15:03,ACTIVO,1.0,5,40,False
7750082207424,REGLA DE 30 CM ARTESCO,REGLAS,UTILES,UNIDAD,0.0,,TAILOY,16/03/2026 11:17:52,ACTIVO,1.5,5,47,False
02224015,MICA A4 INTIFAN,MICAS,UTILES,UNIDAD,0.0,,,16/03/2026 11:20:22,,2.0,5,45,False
7750082001619,TINTA AZUL PARA TAMPON ARTESCO 1 OZ,TINTAS,UTILES,UNIDAD,0.0,,TAILOY,16/03/2026 11:32:44,ACTIVO,3.0,5,3,False
7750082001633,TINTA ROJA PARA TAMPON ARTESCO 1 OZ,TINTAS,UTILES,UNIDAD,0.0,,TAILOY,16/03/2026 11:35:14,ACTIVO,3.0,5,4,False
7750082001152,TAMPON GRANDE AZUL PARA SELLOS ARTESCO,TAMPONES,UTILES,UNIDAD,0.0,,TAILOY,16/03/2026 11:36:32,ACTIVO,5.0,5,7,False
7750082006966,MINI TAMPON NEGRO  PARA SELLOS ARTESCO,TAMPONES,UTILES,UNIDAD,0.0,-,TAILOY,16/03/2026 11:37:15,ACTIVO,4.0,5,4,False
7750082006959,MINI TAMPON AZUL PARA SELLOS ARTESCO,TAMPONES,UTILES,UNIDAD,0.0,-,TAILOY,16/03/2026 11:38:17,ACTIVO,4.0,5,4,False
3013017039236,SILICONA EN BARRA GRUESA OVE,SILICONAS,UTILES,UNIDAD,0.0,,TAILOY,16/03/2026 11:39:53,ACTIVO,1.0,5,36,False
3013017070918,SILICONA EN BARRA DELGADA,SILICONAS,UTILES,UNIDAD,0.0,,TAILOY,16/03/2026 11:41:08,ACTIVO,0.5,5,103,False
6953889008206,CALCULADORA HL-820LV CHICA ECONOMICA,CALCULADORAS,UTILES,UNIDAD,0.0,,LA COCHERA,16/03/2026 11:43:19,ACTIVO,5.0,5,2,False
6970767611204,CALCULADORA HL-815L MEDIANA ECONOMICA,CALCULADORAS,UTILES,UNIDAD,0.0,,LA COCHERA,16/03/2026 11:44:07,ACTIVO,9.0,5,1,False
7750082037328,REGLA CIRCULAR ARTESCO,REGLAS,UTILES,UNIDAD,0.0,,TAILOY,16/03/2026 11:46:30,ACTIVO,1.0,5,15,False
7750082005570,CAJA DE CHINCHE DORADO ARTESCO,CHINCHES,UTILES,CAJA,0.0,-,TAILOY,16/03/2026 11:48:32,ACTIVO,2.0,5,5,False
7750082416109,CAJA DE 1000 GRAPAS ARTESCO 26/6,GRAPAS,UTILES,CAJA,0.0,-,TAILOY,16/03/2026 11:50:36,ACTIVO,2.5,5,20,False
7750082416093,CAJA DE 5000 GRAPAS ARTESCO 26/6,GRAPAS,UTILES,CAJA,0.0,,TAILOY,16/03/2026 11:51:32,ACTIVO,4.0,5,10,False
6947860582304,PERFORADOR ECONOMICO,PERFORADORES,UTILES,UNIDAD,0.0,,,16/03/2026 11:53:40,ACTIVO,5.0,5,2,False
8033065516850,CHINCHETE ECONOMICO,CHINCHES,UTILES,CAJA,0.0,,,16/03/2026 11:56:20,ACTIVO,0.25,5,6,False
DFF-0000000006,ESCUADRA ECONOMICA DE COLORES 30 CM,REGLAS,UTILES,UNIDAD,0.0,,,16/03/2026 12:03:59,ACTIVO,3.0,5,1,False
7750082013674,ESCUADRA 30 CM ARTESCO,REGLAS,UTILES,UNIDAD,0.0,,TAILOY,16/03/2026 12:04:59,ACTIVO,3.5,5,11,False
7750082023765,ESCUADRA 20 CM ARTESCO,REGLAS,UTILES,UNIDAD,0.0,,TAILOY,16/03/2026 12:05:43,ACTIVO,3.0,5,11,False
7750822007147,REGLA 30 CM STANDFORD FLEXIBLE,REGLAS,UTILES,UNIDAD,0.0,,,16/03/2026 12:06:52,ACTIVO,2.0,5,6,False
DFF-0000000007,REGLA MULTIUSOS ECONOMICA,REGLAS,UTILES,UNIDAD,0.0,,,16/03/2026 12:07:54,ACTIVO,1.0,5,10,False
DFF-0000000008,REGLA RECTANGULAR CON CIRCULO DE COLORES ECONOMICA,REGLAS,UTILES,UNIDAD,0.0,,,16/03/2026 12:09:53,ACTIVO,1.0,5,11,False
DFF-0000000009,REGLA RECTANGULAR CON LETRAS,REGLAS,UTILES,UNIDAD,0.0,-,-,16/03/2026 12:10:42,ACTIVO,1.0,5,20,False
7750082214699,FASTER GUSANITO ARTESCO,FASTERS,UTILES,UNIDAD,0.0,,TAILOY,16/03/2026 12:13:49,ACTIVO,1.5,5,11,False
7754111015707,PLUMON ROJO GRUESO DE PAPEL FABER CASTELL WINNER 47,PLUMONES,UTILES,UNIDAD,1.06,-,TAILOY,16/03/2026 12:15:48,ACTIVO,2.0,5,15,False
7754111015882,PLUMON NEGRO GRUESO DE PAPEL FABER CASTELL WINNER 47,PLUMONES,UTILES,UNIDAD,1.06,-,TAILOY,16/03/2026 12:16:27,ACTIVO,2.0,5,11,False
4902505343551,recarga de plumón de pizarra rojo ,PLUMONES,UTILES,UNIDAD,0.0,,PEGAFAN,16/03/2026 12:27:15,ACTIVO,3.0,5,5,False
9082905343575,RECARGA DE PLUMON DE PIZARRA VERDE ,PLUMONES,UTILES,UNIDAD,0.0,,PEGAFAN,16/03/2026 12:28:31,ACTIVO,3.0,5,5,False
4902505343568,RECARGA DE PLUMON DE PIZARRA AZUL,PLUMONES,UTILES,UNIDAD,0.0,-,PEGAFAN,16/03/2026 12:29:18,ACTIVO,3.0,5,4,False
4902505343544,RECARGA DE PLUMON DE PIZARRA NEGRO,PLUMONES,UTILES,UNIDAD,0.0,,PEGAFAN,16/03/2026 12:30:05,ACTIVO,3.0,5,4,False
PAPE-TRI-REG,PAPELOTE TRIPLE RENGLON,PAPELERÍA,UTILES,UNIDAD,0.0,-,TAILOY,21/03/2026 0:57:03,ACTIVO,0.6,5,90,False
HOJA-COLORES,HOJA DE COLORES,PAPELERÍA,UTILES,UNIDAD,0.0,-,-,21/03/2026 0:58:13,ACTIVO,0.2,5,0,True
DFF-0000000010,CARTUILINA CON DISEÑO,PAPELERIA,UTILES,UNIDAD,0.0,ESTANTE 3 - ZONA E,TAILOY,21/03/2026 17:16:25,ACTIVO,2.0,5,73,False
DFF-0000000011,CARTULINA CORRUGADA METALICA PLATEADA,PAPELERIA,UTILES,UNIDAD,1.2,ESTANTE 3 - ZONA F,TAILOY,21/03/2026 17:18:02,ACTIVO,2.5,5,7,False
DFF-0000000012,CARTULINA CORRUGADA METALICA ROJA,PAPELERIA,UTILES,UNIDAD,1.2,ESTANTE 3 - ZONA F,TAILOY,21/03/2026 17:19:01,ACTIVO,2.5,5,36,False
DFF-0000000013,CARTULINA CORRUGADA ESCARCHADA ROJA,PAPELERIA,UTILES,UNIDAD,0.0,ESTANTE 3 - ZONA G,TAILOY,21/03/2026 17:20:11,ACTIVO,2.5,5,1,False
DFF-0000000014,CARTULINA CORRUGADA ESCARCHADA FUCSIA,PAPELERIA,UTILES,UNIDAD,0.0,ESTANTE 3 - ZONA F,TAILOY,21/03/2026 17:20:55,ACTIVO,2.5,5,1,False
DFF-0000000015,PAPEL DE REGALO BIODEGRADABLE,PAPELERIA,UTILES,UNIDAD,0.0,ESTANTE 3 - ZONA F,TAILOY,21/03/2026 17:21:41,ACTIVO,1.0,5,42,False
DFF-0000000016,CARTULINA CORRUGADA CON DISEÑO,PAPELERIA,UTILES,UNIDAD,0.0,ESTANTE 3 - ZONA F,TAILOY,21/03/2026 17:22:35,ACTIVO,2.5,5,30,False
DFF-0000000017,LAMINAS EN CARTULINA,PAPELERIA,UTILES,UNIDAD,0.0,ESTANTE 3 - ZONA F,TAILOY,21/03/2026 17:23:05,ACTIVO,2.0,5,141,False
7750805001377,CARTULINA DUPLEX 100X70CM,PAPELERIA,UTILES,UNIDAD,0.0,ESTANTE 3 - ZONA F,TAILOY,21/03/2026 17:59:19,ACTIVO,2.0,5,88,False
DFF-0000000018,PAPEL DE SEDA COLOR MORADO,PAPELERIA,UTILES,UNIDAD,0.0,ESTANTE 3 - ZONA F,TAILOY,21/03/2026 18:31:19,ACTIVO,0.2,5,99,False
DFF-0000000019,PAPEL DE SEDA COLOR ROJO,PAPELERIA,UTILES,UNIDAD,0.0,ESTANTE 3 - ZONA F,TAILOY,21/03/2026 18:32:55,ACTIVO,0.2,5,117,False
DFF-0000000020,PAPEL DE SEDA BLANCO,PAPELERIA,UTILES,UNIDAD,0.0,ESTANTE 3 - ZONA F,TAILOY,21/03/2026 18:35:09,ACTIVO,0.2,5,100,False
DFF-0000000021,PAPEL DE SEDA COLOR AMARILLO,PAPELERIA,UTILES,UNIDAD,0.0,ESTANTE 3 - ZONA F,TAILOY,21/03/2026 18:35:53,ACTIVO,0.2,5,167,False
DFF-0000000022,PAPEL DE SEDA COLOR ANARANJADO,PAPELERIA,UTILES,UNIDAD,0.0,ESTANTE 3 - ZONA F,TAILOY,21/03/2026 18:37:32,ACTIVO,0.2,5,12,False
DFF-0000000023,PAPEL DE SEDA COLOR CELESTE,PAPELERIA,UTILES,UNIDAD,0.0,ESTANTE 3 - ZONA F,TAILOY,21/03/2026 18:38:56,ACTIVO,0.2,5,8,False
DFF-0000000024,PAPEL DE SEDE COLOR AZUL,PAPELERIA,UTILES,UNIDAD,0.0,ESTANTE 3 - ZONA F,TAILOY,21/03/2026 18:39:43,ACTIVO,0.2,5,13,False
DFF-0000000025,PAPEL DE SEDE COLOR MELON,PAPELERIA,UTILES,UNIDAD,0.0,ESTANTE 3 - ZONA F,TAILOY,21/03/2026 18:40:42,ACTIVO,0.2,5,6,False
DFF-0000000026,PAPEL DE SEDE COLOR ROSADO,PAPELERIA,UTILES,UNIDAD,0.0,ESTANTE 3 - ZONA F,TAILOY,21/03/2026 18:41:14,ACTIVO,0.2,5,26,False
DFF-0000000027,PAPEL LUSTRE CON DISEÑO DE ANIMALES GRANDES,PAPELERIA,UTILES,UNIDAD,0.0,ESTANTE 3 - ZONA F,TAILOY,21/03/2026 18:43:01,ACTIVO,0.5,5,483,False
DFF-0000000028,PAPEL LUSTRE CON DISEÑO MATRIMONIO,PAPELERIA,UTILES,UNIDAD,0.0,ESTANTE 3 - ZONA E,TAILOY,21/03/2026 18:46:01,ACTIVO,1.0,5,45,False
DFF-0000000033,PAPEL LUSTRE CON DISEÑO MASCULINO,PAPELERIA,UTILES,UNIDAD,0.0,ESTANTE 3 - ZONA E,TAILOY,21/03/2026 18:49:40,ACTIVO,1.0,5,78,False
DFF-0000000029,PAPEL LUSTRE CON DISEÑO NORMAL,PAPELERIA,UTILES,UNIDAD,0.0,ESTANTE 3 - ZONA E,TAILOY,21/03/2026 18:50:48,ACTIVO,1.0,5,35,False
DFF-0000000035,PAPEL LUSTRE CON DISEÑO DE NAVIDAD,PAPELERIA,UTILES,UNIDAD,0.0,ESTANTE 3 -  ZONA E,TAILOY,21/03/2026 18:51:51,ACTIVO,1.0,5,106,False
DFF-0000000031,PAPEL LUSTRE CON DISEÑO FEMENINO,PAPELERIA,UTILES,UNIDAD,0.0,ESTANTE 3 -  ZONA E,TAILOY,21/03/2026 18:53:12,ACTIVO,1.0,5,96,False
DFF-COP-A4BN,FOTOCOPIA A4 A BLANCO Y NEGRO,COPIAS,FOTOCOPIADORA,SERVICIO,0.0,-,-,22/03/2026 2:18:34,ACTIVO,0.1,2,0,False
DFF-COP-A4CL,FOTOCOPIA A4 A COLOR,COPIA,FOTOCOPIADORA,SERVICIO,0.0,-,-,22/03/2026 2:44:44,ACTIVO,0.5,2,0,False
DFF-COP-DNIBN,FOTOCOPIA DNI BLANCO Y NEGRO,COPIA,FOTOCOPIADORA,SERVICIO,0.0,-,-,22/03/2026 2:45:21,ACTIVO,0.2,2,0,False
DFF-COP-DNICL,FOTOCOPIA DNI A COLOR,COPIA,FOTOCOPIADORA,SERVICIO,0.0,-,-,22/03/2026 2:46:08,ACTIVO,0.5,2,0,False
DFF-IMP-A4BN,IMPRESION A4 BLANCO Y NEGRO,IMPRESION,FOTOCOPIADORA,SERVICIO,0.0,-,-,22/03/2026 2:46:34,ACTIVO,0.5,2,0,False
DFF-IMP-A4CL,IMPRESION A4 A COLOR,IMPRESION,FOTOCOPIADORA,SERVICIO,0.0,-,-,22/03/2026 2:47:02,ACTIVO,1.0,2,0,False
DFF-IMP-FOTOCL,IMPRESION PAPEL FOTO A COLOR,IMPRESION,FOTOCOPIADORA,SERVICIO,0.0,-,-,22/03/2026 2:49:03,ACTIVO,2.0,2,0,False
DFF-PRODUCTO-ESTANDAR,PRODUCTO NN,-,UTILES,SERVICIO,0.0,-,-,22/03/2026 12:46:14,ACTIVO,0.0,5,0,False
3013010065560,PAPEL CREPE AMARILLO,PAPELERIA,UTILES,UNIDAD,0.0,-,TAILOY,22/03/2026 12:53:02,ACTIVO,1.0,5,13,False
3013010065676,PAPEL CREPE AZULINO,PAPELERIA,UTILES,UNIDAD,0.24,-,TAILOY,22/03/2026 12:59:03,ACTIVO,1.0,5,43,False
DFF-0000000030,CARTULINA BLANCA,PAPELERIA,UTILES,UNIDAD,0.0,ESTANTE 3 - ZONA D,TAILOY,22/03/2026 13:15:09,ACTIVO,1.0,5,107,False
DFF-0000000034,CARTULINA PLASTIFICADA NEGRA,PAPELERIA,UTILES,UNIDAD,0.59,ESTANTE 3 - ZONA E,TAILOY,22/03/2026 14:11:25,ACTIVO,1.2,5,32,False
DFF-0000000032,CARTULINA PLASTIFICADA DORADA,PAPELERIA,UTILES,UNIDAD,0.59,ESTANTE 3 - ZONA E,TAILOY,22/03/2026 14:12:10,ACTIVO,1.2,5,7,False
DFF-0000000036,CARTULINA PLASTIFICADA VERDE PERICO,PAPELERIA,UTILES,UNIDAD,0.59,ESTANTE 3 - ZONA E,TAILOY,22/03/2026 14:13:03,ACTIVO,1.2,5,18,False
DFF-0000000039,CARTULINA PLASTIFICADA LILA,PAPELERIA,UTILES,UNIDAD,0.59,ESTANTE 3 - ZONA E,TAILOY,22/03/2026 14:13:51,ACTIVO,1.2,5,20,False
DFF-0000000040,CARTULINA PLASTIFICADA MORADA,PAPELERIA,UTILES,UNIDAD,0.59,ESTANTE 3 - ZONA E,TAILOY,22/03/2026 14:14:21,ACTIVO,1.2,5,13,False
DFF-0000000038,CARTULINA PLASTIFICADA AZULINO,PAPELERIA,UTILES,UNIDAD,0.59,ESTANTE 3 - ZONA E,TAILOY,22/03/2026 14:14:53,ACTIVO,1.2,5,26,False
DFF-0000000037,CARTULINA PLASTIFICADA MARRON,PAPELERIA,UTILES,UNIDAD,0.59,ESTANTE 3 - ZONA E,TAILOY,22/03/2026 14:15:24,ACTIVO,1.2,5,10,False
DFF-0000000041,CARTULINA PLASTIFICADA FUCSIA,PAPELERIA,UTILES,UNIDAD,0.59,ESTANTE 3 - ZONA E,TAILOY,22/03/2026 14:15:49,ACTIVO,1.2,5,25,False
DFF-0000000042,CARTULINA PLASTIFICADA BLANCA,PAPELERIA,UTILES,UNIDAD,0.59,ESTANTE 3 - ZONA E,TAILOY,22/03/2026 14:16:18,ACTIVO,1.2,5,20,False
DFF-0000000043,CARTULINA PLASTIFICADA ANARANJADO,PAPELERIA,UTILES,UNIDAD,0.59,ESTANTE 3 - ZONA E,TAILOY,22/03/2026 14:16:51,ACTIVO,1.2,5,60,False
DFF-0000000045,CARTULINA PLASTIFICADA VERDE LIMON,PAPELERIA,UTILES,UNIDAD,0.59,ESTANTE 3 - ZONA E,TAILOY,23/03/2026 14:16:51,ACTIVO,1.2,5,20,False
DFF-0000000044,CARTULINA PLASTIFICADA CELESTE,PAPELERIA,UTILES,UNIDAD,0.59,ESTANTE 3 - ZONA E,TAILOY,24/03/2026 14:16:51,ACTIVO,1.2,5,6,False
DFF-0000000046,CARTULINA PLASTIFICADA TURQUESA,PAPELERIA,UTILES,UNIDAD,0.59,ESTANTE 3 - ZONA E,TAILOY,25/03/2026 14:16:51,ACTIVO,1.2,5,17,False
DFF-0000000047,CARTULINA PLASTIFICADA ROSADA,PAPELERIA,UTILES,UNIDAD,0.59,ESTANTE 3 - ZONA E,TAILOY,26/03/2026 14:16:51,ACTIVO,1.2,5,53,False
DFF-0000000048,CARTULINA PLASTIFICADA VERDE OSCURO,PAPELERIA,UTILES,UNIDAD,0.59,ESTANTE 3 - ZONA E,TAILOY,27/03/2026 14:16:51,ACTIVO,1.2,5,8,False
DFF-0000000050,CARTULINA CELESTE ECONOMICA,PAPELERIA,UTILES,UNIDAD,0.0,ESTANTE 3 - ZONA D,TAILOY,22/03/2026 17:47:52,ACTIVO,0.6,5,99,False
DFF-0000000049,CARTULINA ECONOMICA ROJA,PAPELERIA,UTILES,UNIDAD,0.0,ESTANTE 3 - ZONA D,TAILOY,22/03/2026 17:48:33,ACTIVO,0.6,5,92,False
DFF-0000000051,CARTULINA CANSON NEGRA,PAPELERIA,UTILES,UNIDAD,0.0,ESTANTE 3 - ZONA D,TAILOY,22/03/2026 17:49:05,ACTIVO,1.5,5,65,False
DFF-0000000053,CARTULINA CANSON ANARANJADA,PAPELERIA,UTILES,UNIDAD,0.0,ESTANTE 3 - ZONA D,TAILOY,22/03/2026 17:49:36,ACTIVO,1.2,5,4,False
DFF-0000000052,CARTULINA CANSON AMARILLA,PAPELERIA,UTILES,UNIDAD,0.0,ESTANTE 3 - ZONA D,TAILOY,22/03/2026 17:50:23,ACTIVO,1.2,5,7,False
DFF-0000000054,CARTULINA CANSON VERDE HOJA,PAPELERIA,UTILES,UNIDAD,0.0,ESTANTE 3 - ZONA D,TAILOY,22/03/2026 17:50:55,ACTIVO,1.2,5,72,False
DFF-0000000056,CARTULINA ECONOMICA AMARILLA,PAPELERIA,UTILES,UNIDAD,0.0,ESTANTE 3 - ZONA D,TAILOY,22/03/2026 17:51:35,ACTIVO,0.6,5,52,False
DFF-0000000057,CARTULINA ECONOMICA VERDE,PAPELERIA,UTILES,UNIDAD,0.0,ESTANTE 3 - ZONA D,TAILOY,22/03/2026 17:52:03,ACTIVO,0.6,5,7,False
DFF-0000000058,CARTULINA ECONOMICA ROSADA,PAPELERIA,UTILES,UNIDAD,0.0,ESTANTE 3 - ZONA D,TAILOY,22/03/2026 17:53:32,ACTIVO,0.6,5,8,False
DFF-0000000059,CARTULINA CANSON AZULINO,PAPELERIA,UTILES,UNIDAD,0.0,ESTANTE 3 - ZONA D,TAILOY,22/03/2026 18:20:39,ACTIVO,1.2,5,29,False
DFF-0000000060,CARTULINA CANSON TURQUESA,PAPELERIA,UTILES,UNIDAD,0.0,ESTANTE 3 - ZONA D,TAILOY,22/03/2026 18:21:09,ACTIVO,1.2,5,24,False
DFF-0000000061,CARTULINA CANSON MELON,PAPELERIA,UTILES,UNIDAD,0.0,ESTANTE 3 - ZONA D,TAILOY,22/03/2026 18:21:52,ACTIVO,1.2,5,28,False
DFF-0000000062,CARTULINA CANSON MORADO,PAPELERIA,UTILES,UNIDAD,0.0,ESTANTE 3 - ZONA D,TAILOY,22/03/2026 18:22:30,ACTIVO,1.2,5,19,False
DFF-0000000063,CARTULINA CANSON LILA,PAPELERIA,UTILES,UNIDAD,0.0,ESTANTE 3 - ZONA D,TAILOY,22/03/2026 18:23:01,ACTIVO,1.2,5,22,False
DFF-0000000064,CARTULINA CANSON FUCSIA,PAPELERIA,UTILES,UNIDAD,0.0,ESTANTE 3 - ZONA D,TAILOY,22/03/2026 18:23:37,ACTIVO,1.2,5,4,False
DFF-0000000065,CARTULINA CANSON ROSADA,PAPELERIA,UTILES,UNIDAD,0.0,ESTANTE 3 - ZONA D,TAILOY,22/03/2026 18:24:14,ACTIVO,1.2,5,3,False
DFF-0000000066,CARTULINA CANSON MARRON,PAPELERIA,UTILES,UNIDAD,0.0,ESTANTE 3 - ZONA D,TAILOY,22/03/2026 18:24:38,ACTIVO,1.0,5,22,False
DFF-0000000067,CARTULINA ESPEJO VERDE,PAPELERIA,UTILES,UNIDAD,0.0,ESTANTE 3 - ZONA D,TAILOY,22/03/2026 18:25:04,ACTIVO,3.0,5,4,False
DFF-0000000068,CARTULINA ESPEJO ROJA,PAPELERIA,UTILES,UNIDAD,0.0,ESTANTE 3 - ZONA D,TAILOY,22/03/2026 18:25:38,ACTIVO,3.0,5,3,False
DFF-0000000069,CARTULINA ESPEJO DORADA,PAPELERIA,UTILES,UNIDAD,0.0,ESTANTE 3 - ZONA  E,TAILOY,22/03/2026 18:26:06,ACTIVO,3.0,5,1,False
7750737360665,FOLDER MANILA NATURAL A4,FOLDER,UTILES,UNIDAD,0.0,-,TAILOY,22/03/2026 18:37:06,ACTIVO,1.0,5,70,False
DFF-0000000072,PAPEL LUSTRE TURQUESA,PAPEL LUSTRE,UTILES,UNIDAD,0.0,ESTANTE 3 - ZONA D,TAILOY,22/03/2026 18:44:44,ACTIVO,0.6,5,125,False
DFF-0000000100,PINCEL NUMERO 2,PINCELES,UTILES,UNIDAD,0.0,-,-,22/03/2026 19:22:20,ACTIVO,1.5,5,4,False
DFF-0000000099,PINCEL NUMERO 3,PINCELES,UTILES,UNIDAD,0.0,-,-,22/03/2026 19:27:42,ACTIVO,1.5,5,8,False
DFF-0000000098,PINCEL NUMERO 4,PINCELES,UTILES,UNIDAD,0.0,-,-,22/03/2026 19:29:28,ACTIVO,1.5,5,9,False
DFF-0000000097,PINCEL NUMERO 5,PINCELES,UTILES,UNIDAD,0.0,-,-,22/03/2026 19:31:11,ACTIVO,1.5,5,5,False
DFF-0000000096,PINCEL NUMERO 6,PINCELES,UTILES,UNIDAD,0.0,-,-,22/03/2026 19:31:53,ACTIVO,1.5,5,12,False
DFF-0000000092,PINCEL NUMERO 10,PINCELES,UTILES,UNIDAD,0.0,-,-,22/03/2026 19:35:17,ACTIVO,2.0,5,0,True
DFF-0000000093,PINCEL NUMERO 9,PINCELES,UTILES,UNIDAD,0.0,-,-,22/03/2026 19:39:37,ACTIVO,2.0,5,2,False
DFF-0000000094,PINCEL NUMERO 8,PINCELES,UTILES,UNIDAD,0.0,-,-,22/03/2026 19:41:12,ACTIVO,2.0,5,7,False
DFF-0000000095,PINCEL NUMERO 7,PINCELES,UTILES,UNIDAD,0.0,-,-,22/03/2026 19:46:39,ACTIVO,1.5,5,13,False
DFF-0000000091,PALETA,PINCELES,UTILES,UNIDAD,1.5,-,-,22/03/2026 19:49:52,ACTIVO,2.5,5,17,False
DFF-0000000070,PAPEL LUSTRE AMARILLO,PAPEL LUSTRE,UTILES,UNIDAD,0.0,ESTANTE 3 - ZONA D,-,22/03/2026 20:04:08,ACTIVO,0.6,5,148,False
DFF-0000000071,PAPEL LUSTRE AMARILLO PASTEL,PAPEL LUSTRE,UTILES,UNIDAD,0.0,ESTANTE 3 - ZONA D,-,22/03/2026 20:04:49,ACTIVO,0.6,5,72,False
7751690115460,CINTA MASKING TAPE SHURTAPE 2X15,CINTAS,UTILES,UNIDAD,0.0,-,TAILOY,22/03/2026 20:30:36,ACTIVO,4.0,5,7,False
3013010067106,PAPEL CREPE VERDE,PAPEL CREPE,UTILES,UNIDAD,0.25,ESTANTE 1 - ZONA C,TAILOY,22/03/2026 20:32:15,ACTIVO,1.0,5,39,False
3013010066444,PAPEL CREPE ANARANJADO,PAPEL CREPE,UTILES,UNIDAD,0.25,ESTANTE 1 - ZONA C,TAILOY,22/03/2026 20:32:52,ACTIVO,1.0,5,28,False
3013010066666,PAPEL CREPE ROJO,PAPEL CREPE,UTILES,UNIDAD,0.25,ESTANTE 1 - ZONA C,TAILOY,22/03/2026 20:33:21,ACTIVO,1.0,5,28,False
3013010065898,PAPEL CREPE CELESTE,PAPEL CREPE,UTILES,UNIDAD,0.25,ESTANTE 1 - ZONA C,TAILOY,22/03/2026 20:34:00,ACTIVO,1.0,5,33,False
DFF-0000000073,PAPELOTE CUADRICULADO,PAPELOTE,UTILES,UNIDAD,0.0,ESTANTE 3 - ZONA C,TAILOY,22/03/2026 20:39:40,ACTIVO,0.6,5,285,False
DFF-0000000074,PAPELOTE BLANCO,PAPELOTE,UTILES,UNIDAD,0.0,ESTANTE 3 - ZONA C,TAILOY,22/03/2026 20:40:57,ACTIVO,0.6,5,249,False
DFF-0000000075,PAPELOTE RAYADO,PAPELOTE,UTILES,UNIDAD,0.0,ESTANTE 3 - ZONA C,TAILOY,22/03/2026 20:44:56,ACTIVO,0.6,5,144,False
7750822012387,CUADERNO STANDFORD RAYADO,CUADERNOS,UTILES,UNIDAD,0.0,-,TAILOY,22/03/2026 20:55:16,ACTIVO,6.5,5,19,False
PAPEL-BOND,HOJA BOND A4 ATLAS,HOJA BOND,UTILES,UNIDAD,0.0,-,TAILOY,22/03/2026 20:58:29,ACTIVO,0.1,5,0,True
MOTA-ARTESCO,MOTA ARTESCO,MOTAS,UTILES,UNIDAD,0.0,-,TAILOY,22/03/2026 21:10:40,ACTIVO,3.0,5,1,False
DFF-0000000076,TEMPERA APU,TEMPERAS,UTILES,UNIDAD,1.29,-,-,22/03/2026 21:53:30,ACTIVO,2.0,5,73,False
DFF-0000000077,TEMPERA SUELTA,TEMPERAS,UTILES,UNIDAD,0.57,-,-,22/03/2026 21:53:59,ACTIVO,1.8,5,5,False
DFF-0000000078,PINCEL ECONOMICO,PINCELES,UTILES,UNIDAD,0.0,-,-,22/03/2026 21:56:52,ACTIVO,1.0,5,0,True
7750082015371,FASTER ARTESCO DE METAL,FASTERS,UTILES,UNIDAD,0.0,-,TAILOY,22/03/2026 22:18:38,ACTIVO,0.5,5,0,True
DFF-0000000079,LUPA GRANDE,LUPAS,UTILES,UNIDAD,0.0,-,-,23/03/2026 12:44:27,INACTIVO,5.0,5,3,False
DFF-0000000080,CARTULINA A4,CARTULINAS,UTILES,UNIDAD,0.0,-,DFF,23/03/2026 12:54:33,ACTIVO,0.5,5,0,True
DFF-0000000081,LENTEJUELAS GRANDES,LENTEJUELAS,UTILES,UNIDAD,0.0,-,-,23/03/2026 13:15:47,ACTIVO,1.0,5,57,False
DFF-0000000082,LENTEJUELAS PEQUEÑAS,LENTEJUELAS,UTILES,UNIDAD,0.0,-,-,23/03/2026 13:17:17,ACTIVO,0.5,5,110,False
DFF-0000000083,ESCARCHA GRANDE,ESCHARCHAS,UTILES,UNIDAD,0.0,-,-,23/03/2026 13:18:39,ACTIVO,1.0,5,58,False
DFF-0000000084,ESCARCHA PEQUEÑA,ESCARCHAS,UTILES,UNIDAD,0.0,-,-,23/03/2026 13:22:41,ACTIVO,0.5,5,461,False
DFF-0000000085,LENTEJUELAS CON DISEÑO,LENTEJUELAS,UTILES,UNIDAD,0.0,-,-,23/03/2026 13:24:29,ACTIVO,0.5,5,50,False
DFF-0000000086,LENTEJUELAS CON DISEÑO GRANDE,LENTEJUELAS,UTILES,UNIDAD,0.0,-,-,23/03/2026 13:25:24,ACTIVO,1.0,5,17,False
DFF-TIPEO,TIPEO PERSONALIZADO,TIPEOS,UTILES,SERVICIO,0.0,-,-,24/03/2026 20:19:35,ACTIVO,1.0,5,0,False
DFF-LAMINA,LAMINAS A4,LAMINAS,UTILES,UNIDAD,0.0,-,-,28/03/2026 13:36:09,ACTIVO,1.0,5,0,True
77501936,TEMPERA SUELTA AZUL DAVID,TEMPERA,UTILES,UNIDAD,0.57,-,TAILOY,28/03/2026 16:25:17,ACTIVO,1.8,5,18,False
77506009,TEMPERA SUELTA ROJO DAVID,TEMPERA,UTILES,UNIDAD,0.57,-,TAILOY,28/03/2026 16:27:42,ACTIVO,1.8,5,18,False
77505859,TEMPERA SUELTA NEGRA DAVID,TEMPERA,UTILES,UNIDAD,0.57,-,TAILOY,28/03/2026 16:29:46,ACTIVO,1.8,5,15,False
77501929,TEMPERA SUELTA AMARILLA DAVID,TEMPERA,UTILES,UNIDAD,0.57,-,TAILOY,28/03/2026 16:32:44,ACTIVO,1.8,5,19,False
77501943,TEMPERA SUELTA BLANCA DAVID,TEMPERA,UTILES,UNIDAD,0.57,-,TAILOY,28/03/2026 16:34:12,ACTIVO,1.8,5,15,False
77505460,TEMPERA SUELTA ANARANJADA DAVID,TEMPERA,UTILES,UNIDAD,0.57,-,TAILOY,28/03/2026 16:35:09,ACTIVO,1.8,5,16,False
77505200,TEMPERA SUELTA MARRON DAVID,TEMPERA,UTILES,UNIDAD,0.57,-,TAILOY,28/03/2026 16:37:11,ACTIVO,1.8,5,3,False
2050000251009,LUPA DE VIDRIO OVE,UTILES,UTILES,UNIDAD,6.75,-,TAILOY,28/03/2026 16:50:16,ACTIVO,7.5,5,5,False
7750082155510,CRAYOLAS OLEO PASTEL ARTESCO,UTILES,UTILES,UNIDAD,5.62,-,TAILOY,28/03/2026 16:55:27,ACTIVO,8.0,5,6,False
7754111653305,PLUMON DE PIZARRA JUMBO NEGRO FABER CASTELL,UTILES,UTILES,UNIDAD,2.72,-,-,28/03/2026 16:57:41,ACTIVO,3.5,5,11,False
7754111032339,PLUMON PIZARRA VERDE FABER CASTELL,UTILES,UTILES,UNIDAD,1.05,-,TAILOY,28/03/2026 17:01:18,ACTIVO,2.5,5,11,False
3050064133401,PINCEL NUMERO 10 OVE,UTILES,UTILES,UNIDAD,0.88,-,TAILOY,28/03/2026 17:03:40,ACTIVO,2.0,5,12,False
DFF-0000000089,HOJA DE COLOR MORADO,HOJAS DE COLORES,UTILES,UNIDAD,0.0,ESTANTE 4 - ZONA C,TAILOY,29/03/2026 11:52:13,ACTIVO,0.2,5,686,False
8993282453638,HOJA DE COLOR AMARILLO NEÓN,HOJAS DE COLORES,UTILES,UNIDAD,0.0,ESTANTE 4 - ZONA C,TAILOY,29/03/2026 11:52:54,ACTIVO,0.2,5,458,False
DFF-0000000088,HOJA DE COLOR FUCSIA,HOJAS DE COLORES,UTILES,UNIDAD,0.0,ESTANTE 4 - ZONA C,TAILOY,29/03/2026 11:53:48,ACTIVO,0.2,5,142,False
DFF-0000000087,HOJA DE COLOR MARRÓN,HOJA DE COLORES,UTILES,UNIDAD,0.0,ESTANTE 4 - ZONA C,TAILOY,29/03/2026 11:54:16,ACTIVO,0.2,5,453,False
DFF-0000000101,HOJA DE COLOR NEGRO,HOJAS DE COLORES,UTILES,UNIDAD,0.0,ESTANTE 4 - ZONA C,TAILOY,29/03/2026 11:59:57,ACTIVO,0.2,5,435,False
DFF-0000000102,HOJA DE COLOR AZUL,HOJAS DE COLORES,UTILES,UNIDAD,0.0,ESTANTE 4 - ZONA C,TAILOY,29/03/2026 12:02:39,ACTIVO,0.2,5,402,False
DFF-0000000103,HOJA DE COLOR VERDE OSCURO,HOJAS DE COLORES,UTILES,UNIDAD,0.0,ESTANTE 4 - ZONA C,TAILOY,29/03/2026 12:09:09,ACTIVO,0.2,5,434,False
DFF-0000000104,HOJA DE COLOR LILA,HOJAS DE COLORES,UTILES,UNIDAD,0.0,ESTANTE 4 - ZONA C,TAILOY,29/03/2026 12:11:15,ACTIVO,0.2,5,24,False
DFF-0000000105,HOJA DE COLOR ROJO,HOJAS DE COLORES,UTILES,UNIDAD,0.0,ESTANTE 4 - ZONA C,TAILOY,29/03/2026 12:13:12,ACTIVO,0.2,5,600,False
DFF-0000000106,HOJA DE COLOR VERDE NEON,HOJAS DE COLORES,UTILES,UNIDAD,0.0,ESTANTE 4 - ZONA C,TAILOY,29/03/2026 12:14:15,ACTIVO,0.2,5,254,False
DFF-0000000107,HOJA DE COLOR AMARILLO PASTEL,HOJAS DE COLORES,UTILES,UNIDAD,0.0,ESTANTE 4 - ZONA C,TAILOY,29/03/2026 12:16:38,ACTIVO,0.2,5,345,False
DFF-0000000108,HOJA DE COLOR CELESTE PASTEL,HOJAS DE COLORES,UTILES,UNIDAD,0.0,ESTANTE 4 - ZONA C,TAILOY,29/03/2026 12:18:10,ACTIVO,0.2,5,120,False
DFF-0000000109,HOJA DE COLOR ANARANJADO,HOJAS DE COLORES,UTILES,UNIDAD,0.0,ESTANTE 4 - ZONA C,TAILOY,29/03/2026 12:20:26,ACTIVO,0.2,5,462,False
DFF-0000000110,HOJAS DE COLOR PIEL,HOJAS DE COLORES,UTILES,UNIDAD,0.0,ESTANTE 4 - ZONA C,TAILOY,29/03/2026 12:23:50,ACTIVO,0.2,5,462,False
2050000138379,PAPEL OROPEL DORADO,OROPEL,UTILES,UNIDAD,0.4,ESTANTE 3 - ZONA A,TAILOY,29/03/2026 13:55:44,ACTIVO,1.0,5,57,False
2050000167225,MICROPOROSO ADHESIVO ESCARCHADO DORADO PLANCHA,MICROPOROSO,UTILES,UNIDAD,1.9,ESTANTE 3 - ZONA A,TAILOY,29/03/2026 13:56:50,ACTIVO,4.0,5,8,False
2050000167188,MICROPOROSO ADHESIVO ESCARCHADO AZULINO PLANCHA,MICROPOROSO,UTILES,UNIDAD,1.9,ESTANTE 3 - ZONA A,TAILOY,29/03/2026 13:57:50,ACTIVO,4.0,5,17,False
2050000384295,CARTULINA PLASTIFICADA ROJA,CARTULINAS,UTILES,UNIDAD,0.59,ESTANTE 3 - ZONA AA,TAILOY,29/03/2026 13:59:49,ACTIVO,1.2,5,25,False
2050000381782,CARTULINA PLASTIFICADA AMARILLA,CARTULINA PLASTIFICADA,UTILES,UNIDAD,0.59,ESTANTE 3 - ZONA A,TAILOY,29/03/2026 14:00:38,ACTIVO,1.2,5,25,False
3013019498284,PAPEL CREPE AZUL,PAPEL CREPE,UTILES,UNIDAD,0.24,ESTANTE 1 - ZONA C,TAILOY,29/03/2026 14:05:05,ACTIVO,1.0,5,40,False
3013010066222,PAPEL CREPE MARRON,PAPEL CREPE,UTILES,UNIDAD,0.25,ESTANTE 1 - ZONA C,TAILOY,29/03/2026 14:13:02,ACTIVO,1.0,5,41,False
3013010066338,PAPEL CREPE MORADO,PAPEL CREPE,UTILES,UNIDAD,0.25,ESTANTE 1 - ZONA  C,TAILOY,29/03/2026 14:16:52,ACTIVO,1.0,5,45,False
3013010065782,PAPEL CREPE BLANCO,PAPEL CREPE,UTILES,UNIDAD,0.25,ESTANTE 1 - ZONA C,TAILOY,29/03/2026 14:20:21,ACTIVO,1.0,5,44,False
3013010066772,PAPEL CREPE ROSADO,PAPEL CREPE,UTILES,UNIDAD,0.25,ESTANTE 1 - ZONA C,TAILOY,29/03/2026 14:25:32,ACTIVO,1.0,5,28,False
DFF-0000000124,HOJA DE COLOR TURQUEZA,PAPELERIA,UTILES,UNIDAD,0.0,-,TAILOY,30/03/2026 12:43:37,ACTIVO,0.2,5,70,False
DFF-0000000123,HOJA DE COLOR VERDE,PAPELERIA,UTILES,UNIDAD,0.0,-,TAILOY,30/03/2026 12:44:19,ACTIVO,0.2,5,57,False
DFF-0000000122,HOJA DE COLOR VERDE LIMON,PAPELERIA,UTILES,UNIDAD,0.0,-,TAILOY,30/03/2026 12:44:45,ACTIVO,0.2,5,57,False
DFF-0000000121,HOJA DE COLOR GRIS,PAPELERIA,UTILES,UNIDAD,0.0,-,TAILOY,30/03/2026 12:45:51,ACTIVO,0.2,5,13,False
DFF-0000000120,HOJA DE COLOR DORADO,PAPELERIA,UTILES,UNIDAD,0.0,-,TAILOY,30/03/2026 12:46:32,ACTIVO,0.2,5,77,False
DFF-0000000119,HOJA DE COLOR ROSADO PASTEL,PAPELERIA,UTILES,UNIDAD,0.0,-,TAILOY,30/03/2026 12:47:09,ACTIVO,0.2,5,5,False
DFF-0000000118,HOJA DE COLOR VERDE LIMON PASTEL,PAPELERIA,UTILES,UNIDAD,0.0,-,TAILOY,30/03/2026 12:47:44,ACTIVO,0.2,5,22,False
DFF-0000000117,HOJA DE COLOR ROSADO,PAPELERIA,UTILES,UNIDAD,0.0,-,TAILOY,30/03/2026 12:48:21,ACTIVO,0.2,5,43,False
DFF-0000000116,HOJA DE COLOR AMARILLO,PAPELERIA,UTILES,UNIDAD,0.0,-,TAILOY,30/03/2026 12:49:54,ACTIVO,0.2,5,18,False
DFF-0000000115,HOJA DE COLOR HUESO PERLA,PAPELERIA,UTILES,UNIDAD,0.0,-,TAILOY,30/03/2026 12:51:40,ACTIVO,0.2,5,171,False
7750082416185,MICA OFICIO ARTESCO,UTILES ,UTILES,UNIDAD,0.0,-,TAILOY,30/03/2026 13:31:37,ACTIVO,1.0,5,82,False
DFF-0000000125,MICA A5 ARTESCO,UTILES,UTILES,UNIDAD,0.0,-,TAILOY,30/03/2026 14:55:45,ACTIVO,0.5,5,35,False
7755033000055,MICA FOTOSHECK HORIZONTAL 10.2 x 8.5 CM,UTILES,UTILES,UNIDAD,0.0,-,TAILOY,30/03/2026 15:07:13,ACTIVO,0.5,5,132,False
DFF-0000000126,MICA TARJETERO,UTILES,UTILES,UNIDAD,0.0,-,TAILOY,30/03/2026 15:11:50,ACTIVO,0.5,5,47,False
DFF-0000000127,MICA FOTOCHECK VERTICAL,UTILES ,UTILES,UNIDAD,0.0,-,TAILOY,30/03/2026 15:17:58,ACTIVO,0.5,5,72,False
2050000287725,BLOCK DE HOJAS DE COLORES YIMI,TAILOY,UTILES,UNIDAD,0.0,-,TAILOY,30/03/2026 15:23:37,ACTIVO,3.5,5,8,False
DFF-0000000128,BLOCK DE CARTULINA OFICIO,UTILES,UTILES,UNIDAD,0.0,-,TAILOY,30/03/2026 15:28:09,ACTIVO,5.0,5,19,False
DFF-0000000129,PICA PICA EN BOLSITA,UTILES,UTILES,UNIDAD,0.0,-,EL DORADO,30/03/2026 15:34:47,ACTIVO,1.0,5,19,False
7754643000011,SERPENTINA,UTILES,UTILES,UNIDAD,0.0,-,TAILOY,30/03/2026 15:39:35,INACTIVO,1.5,5,10,False
7750833310380,SERPENTINA HOLIDAYS,UTILES,UTILES,UNIDAD,0.0,-,TAILOY,30/03/2026 15:41:39,ACTIVO,1.5,5,5,False
DFF-0000000130,BOLSA DE TELA,UTILES,UTILES,UNIDAD,0.0,-,-,3/04/2026 14:13:53,ACTIVO,2.0,5,13,False
DFF-IMP-A3CL,IMPRESION A3 A COLOR,IMPRESION,FOTOCOPIADORA,SERVICIO,0.0,-,-,6/04/2026 11:59:37,ACTIVO,2.0,2,0,False
DFF-IMP-A3BN,IMPRESION A3 BLANCO Y NEGRO,IMPRESION,FOTOCOPIADORA,SERVICIO,0.0,-,-,6/04/2026 12:00:13,ACTIVO,1.0,2,0,False
DFF-0000000131,SUPER BLUE,UTILES,UTILES,UNIDAD,0.0,-,-,6/04/2026 13:12:28,ACTIVO,1.0,5,92,False
DFF-0000000132,PALITOS DE CHUPETE SIN COLOR,UTILES,UTILES,UNIDAD,0.0,-,-,6/04/2026 13:14:16,ACTIVO,1.0,5,38,False
DFF-0000000133,BAJA LENGUA SIN COLOR,UTILES,UTILES,UNIDAD,0.66,-,-,6/04/2026 13:16:43,ACTIVO,2.0,5,13,False
DFF-0000000134,PALITOS DE CHUPETE DE COLORES,UTILES,UTILES,UNIDAD,0.0,-,-,6/04/2026 13:21:09,ACTIVO,1.5,5,35,False
DFF-0000000135,MICROPOROSO ESCARCHADO A4 FUCSIA,UTILES,UTILES,UNIDAD,0.0,-,-,6/04/2026 13:30:39,ACTIVO,1.5,5,3,False
DFF-0000000136,MICROPOROSO ESCARCHADO A4 VERDE,UTILES,UTILES,UNIDAD,0.0,-,-,6/04/2026 13:32:05,ACTIVO,1.5,5,5,False
DFF-0000000137,MICROPOROSO ESCARCHADO A4 MARRON,UTILES ,UTILES,UNIDAD,0.0,-,-,6/04/2026 13:33:35,ACTIVO,1.5,5,9,False
DFF-0000000138,MICROPOROSO ESCARCHADO A4 DORADO,UTILES,UTILES,UNIDAD,0.0,-,-,6/04/2026 13:35:22,ACTIVO,1.5,5,5,False
DFF-0000000139,MICROPOROSO ESCARCHADO A4 PLATEADO,UTILES,UTILES,UNIDAD,0.0,-,-,6/04/2026 13:37:17,ACTIVO,1.5,5,36,False
DFF-0000000140,MICROPOROSO ESCARCHADO A4 MORADO,UTILES,UTILES,UNIDAD,0.0,-,-,6/04/2026 13:42:10,ACTIVO,1.5,5,34,False
DFF-0000000141,MICROPOROSO ESCARCHADO A4 TURQUEZA,UTILES,UTILES,UNIDAD,0.0,-,-,6/04/2026 13:49:18,ACTIVO,1.5,5,28,False
DFF-0000000142,MICROPOROSO ESCARCHADO A4 ANARANJADO,UTILES ,UTILES,UNIDAD,0.0,-,-,6/04/2026 13:50:43,ACTIVO,1.5,5,23,False
DFF-0000000143,MICROPOROSO ESCARCHADO A4 ROJO,UTILES,UTILES,UNIDAD,0.0,-,-,6/04/2026 13:54:09,ACTIVO,1.5,5,29,False
DFF-0000000144,MICROPOROSO ESCARCHADO A4 BLANCO,UTILES,UTILES,UNIDAD,0.0,-,-,6/04/2026 13:56:47,ACTIVO,1.5,5,8,False
DFF-0000000145,MICROPOROSO ESCARCHADO A4 ROSADO,UTILES,UTILES,UNIDAD,0.0,-,-,6/04/2026 16:01:29,ACTIVO,1.5,5,24,False
DFF-0000000146,MICROPOROSO ESCARCHADO A4 AZUL,UTILES,UTILES,UNIDAD,0.0,-,-,6/04/2026 16:02:05,ACTIVO,1.5,5,20,False
DFF-0000000147,MICROPOROSO ECARCHADO A4 ROJO CON LETRAS,UTILES,UTILES,UNIDAD,0.0,-,-,6/04/2026 16:04:43,ACTIVO,2.0,5,16,False
DFF-0000000148,MICROPOROSO ESCARCHADO A4 CON DISEÑO,UTILES,UTILES,UNIDAD,0.0,-,-,6/04/2026 16:23:17,ACTIVO,2.0,5,24,False
DFF-0000000149,MICROPOROSO ESCARCHADO A4 ANARANJADO CON LETRAS,UTILES,UTILES,UNIDAD,0.0,-,-,6/04/2026 16:27:36,ACTIVO,2.0,5,5,False
DFF-0000000150,MICROPOROSO ESCARCHADO A4 ROSADO CONN LETRAS,UTILES,UTILES,UNIDAD,0.0,-,-,6/04/2026 16:29:46,ACTIVO,2.0,5,3,False
DFF-0000000151,MICROPOROSO ESCARCHADO A4 FUCSIA CON LETRAS,UTILES,UTILES,UNIDAD,0.0,-,-,6/04/2026 16:31:09,ACTIVO,2.0,5,3,False
DFF-0000000152,MICROPOROSO ESCARCHADO A4 MORADO CON LETRAS,UTILES,UTILES,UNIDAD,0.0,-,-,6/04/2026 16:33:09,ACTIVO,2.0,5,4,False
DFF-0000000153,MICROPOROSO ESCARCHADO A4 VERDE CON LETRAS,UTILES,UTILES,UNIDAD,0.0,-,-,6/04/2026 16:34:15,ACTIVO,2.0,5,15,False
DFF-0000000154,MICROPOROSO ESCARCHADO A4 CELESTE CON LETRAS,UTILES ,UTILES,UNIDAD,0.0,-,-,6/04/2026 16:38:02,ACTIVO,2.0,5,9,False
DFF-0000000155,MICROPOROSO ESCARCHADO A4 AZUL CON LETRAS,UTILES ,UTILES,UNIDAD,0.0,-,-,6/04/2026 16:39:38,ACTIVO,2.0,5,17,False
DFF-0000000156,LIGAS,UTILES,UTILES,UNIDAD,0.0,-,-,12/04/2026 15:52:43,ACTIVO,0.1,5,96,False
7754807761918,PLUMON BRUSH MARKER DUO NEON,UTILES,UTILES,UNIDAD,0.0,-,TAILOY,12/04/2026 17:35:07,ACTIVO,10.0,5,0,False
DFF-0000000157,PALIGLOBOS,UTILES,UTILES,UNIDAD,0.0,-,-,13/04/2026 11:37:50,ACTIVO,0.2,5,681,False
7754005018623,CINTA DE ESCRITORIO PEQUEÑA,UTILES,UTILES,UNIDAD,0.0,-,TAILOY,13/04/2026 14:52:44,ACTIVO,1.0,5,33,False
DFF-0000000158,PAPEL CRAFT,PAPELERIA,UTILES,UNIDAD,0.0,-,TAILOY,18/04/2026 16:26:01,ACTIVO,0.5,5,90,False
DFF-0000000159,PAPEL LUSTRE VERDE LIMON,PAPELERIA,UTILES,UNIDAD,0.0,-,TAILOY,18/04/2026 16:36:26,ACTIVO,0.6,5,0,True
6901234567908,CUTER,UTILES,UTILES,UNIDAD,0.0,-,-,18/04/2026 16:53:25,ACTIVO,1.5,5,16,False
DFF-0000000160,CHINCHE MARIPOSA,UTILES,UTILES,UNIDAD,0.0,-,-,24/04/2026 21:43:01,ACTIVO,0.2,5,80,False
DFF-0000000161,PAPEL MANTECA,PAPELERIA,UTILES,UNIDAD,0.0,-,-,24/04/2026 21:52:57,ACTIVO,0.5,5,98,False
DFF-0000000162,INSIGNA,UTILES,UTILES,UNIDAD,0.0,-,-,24/04/2026 22:51:56,ACTIVO,1.0,5,47,False
DFF-0000000163,TARJETA BIBLIOGRAFICA,PAPELERIA,UTILES,UNIDAD,0.0,-,-,1/05/2026 11:39:21,ACTIVO,0.2,5,95,False
DFF-0000000164,TARJETA BIBLIOGRAFICA GRANDE,PAPELERIA,UTILES,UNIDAD,0.0,-,-,1/05/2026 11:40:14,ACTIVO,0.3,5,100,False
DFF-0000000165,LENTEJUELAS DORADAS MEDIANAS DFF,LENTEJUELAS,UTILES,UNIDAD,0.0,-,DFF LOGISTIC,1/05/2026 11:47:04,ACTIVO,1.0,5,10,False
DFF-0000000166,POST-IT DE FORMAS,UTILES,UTILES,UNIDAD,0.0,-,TAILOY ,3/05/2026 21:36:21,ACTIVO,2.5,5,5,False
DFF-0000000167,POST-IT SEPARADOR DE PAGINAS,UTILES ,UTILES,UNIDAD,0.0,-,-,3/05/2026 21:40:32,ACTIVO,3.0,5,5,False
DFF-0000000168,LAPIZ 2B CON DISEÑO BESKO,UTILES ,UTILES,UNIDAD,0.0,-,-,3/05/2026 21:47:29,ACTIVO,1.0,5,4,False
DFF-0000000169,MOTA ECONOMICA,UTILES,UTILES,UNIDAD,0.0,-,-,3/05/2026 22:12:37,ACTIVO,2.5,5,5,False
DFF-0000000170,CORBATA DE NIÑO AZULINO,UTILES,UTILES,UNIDAD,1.16,-,-,4/05/2026 8:09:59,ACTIVO,3.0,5,37,False
DFF-0000000171,CORBATA DE NIÑA AZULINO,UTILES,UTILES,UNIDAD,2.0,-,-,4/05/2026 8:10:35,ACTIVO,3.0,5,23,False
7750822014237,CUADERNO CUADRICULADO A4 ATLAS,CUADERNO,UTILES,UNIDAD,0.0,-,-,4/05/2026 8:43:42,ACTIVO,6.5,5,23,False
DFF-0000000172,ESPONJA,UTILES,UTILES,UNIDAD,0.0,-,-,4/05/2026 15:37:23,ACTIVO,0.5,5,47,False
DFF-0000000173,PABILO GRANDE,,UTILES,UNIDAD,0.0,-,TAILOY ,10/05/2026 12:56:38,ACTIVO,1.2,5,18,False
DFF-0000000174,PABILO PEQUEÑO,,UTILES,UNIDAD,0.23,-,-,10/05/2026 13:09:55,ACTIVO,0.5,5,23,False
DFF-0000000175,MICROPOROSO ADHESIVO ESCARCHADO ROSADO PLANCHA,,UTILES,UNIDAD,0.0,-,-,10/05/2026 13:44:54,ACTIVO,4.0,5,8,False
DFF-0000000176,MICROPOROSO ADHESIVO ESCARCHADO ROJO PLANCHA,PAPELERIA,UTILES,UNIDAD,0.0,-,TAILOY,10/05/2026 13:47:08,ACTIVO,4.0,5,15,False
DFF-0000000177,MICROPOSORO ADHESIVO ESCARCHADO VERDE LIMON PLANCHA,PAPELERIA,UTILES,UNIDAD,0.0,-,TAILOY,10/05/2026 13:51:08,ACTIVO,4.0,5,15,False
DFF-0000000178,PAPEL OROPEL PLATEADO,PAPELERIA,UTILES,UNIDAD,0.0,-,TAILOY,10/05/2026 13:56:50,ACTIVO,1.0,5,44,False
DFF-0000000179,PAPEL OROPEL AZULINO,PAPELERIA ,UTILES,UNIDAD,0.0,-,TAILOY,10/05/2026 14:01:04,ACTIVO,1.0,5,72,False
DFF-0000000180,PAPEL OROPEL VERDE,PAPELERIA,UTILES,UNIDAD,0.0,-,TAILOY,10/05/2026 15:34:36,ACTIVO,1.0,5,19,False
DFF-0000000181,PAPEL OROPEL ROJO,PAPELERIA,UTILES,UNIDAD,0.0,-,TAILOY,10/05/2026 15:38:03,ACTIVO,1.0,5,85,False
DFF-0000000182,PAPEL OROPEL MORADO,PAPELERIA,UTILES,UNIDAD,0.0,-,TAILOY,10/05/2026 15:39:13,ACTIVO,1.0,5,7,False
DFF-0000000183,GLOBO CON DISEÑO METALICO,GLOBOS,UTILES,UNIDAD,0.0,-,-,12/05/2026 9:12:15,ACTIVO,2.0,5,3,False
DFF-0000000184,CINTA DE AGUA CON DISEÑO,UTILES,UTILES,UNIDAD,0.0,-,-,12/05/2026 9:13:42,ACTIVO,4.0,5,1,False
7750082006140,SILICONA LIQUIDA MEDIANA ARTESCO 100ML,UTILES,UTILES,UNIDAD,2.16,-,TAILOY,12/05/2026 12:19:42,ACTIVO,4.0,5,20,False
2050000684524,LIMPIATIPO OVE,UTILES,UTILES,UNIDAD,1.3,-,TAILOY,12/05/2026 12:32:53,ACTIVO,3.0,5,12,False
7750082048263,TIZA BLANCA ARTESCO,UTILES,UTILES,UNIDAD,0.13,-,TAILOY,12/05/2026 12:39:22,ACTIVO,0.3,5,72,False
DFF-0000000185,CORBATA DE SECUNDARIA,UTILES,UTILES,UNIDAD,2.0,-,-,12/05/2026 12:57:37,ACTIVO,4.0,5,11,False
DFF-0000000186,MANDIL DE PLASTICO,UTILES,UTILES,UNIDAD,0.0,-,-,15/05/2026 10:38:00,ACTIVO,5.0,5,13,False
DFF-0000000187,CARTULINA CORRUGADA DORADA,PAPELERIA,UTILES,UNIDAD,0.0,-,TAILOY,15/05/2026 10:54:01,ACTIVO,2.5,5,19,False
DFF-0000000188,GUANTE BLANCO GRANDE,UTILES,UTILES,UNIDAD,0.0,-,-,18/05/2026 10:24:02,ACTIVO,3.0,5,0,True
DFF-0000000189,TABLA PERIODICA,UTILES,UTILES,UNIDAD,0.6,-,-,25/05/2026 10:18:40,ACTIVO,2.5,5,62,False
DFF-0000000190,BLOCK CUADRICULADO,UTILES,UTILES,UNIDAD,0.0,-,-,25/05/2026 10:22:37,ACTIVO,3.0,5,17,False
DFF-0000000191,PITO,UTILES,UTILES,UNIDAD,0.0,-,-,25/05/2026 10:46:21,ACTIVO,1.0,5,7,False
DFF-0000000192,BILLETE Y MONEDA DE CARTON PLANCHA A4,UTILES,UTILES,UNIDAD,0.0,-,-,1/06/2026 17:04:47,ACTIVO,2.0,5,23,False
DFF-0000000193,MICROPOROSO A4,UTILES,UTILES,UNIDAD,0.0,-,TAILOY,2/06/2026 0:18:29,ACTIVO,1.0,5,4,False
DFF-0000000194,MICROPOROSO ESCARCHADO A4 NEGRO,UTILES,UTILES,UNIDAD,0.0,-,-,7/06/2026 18:40:37,ACTIVO,1.5,5,31,False
DFF-0000000195,SOBRE MANILA A4,PAPELERIA,UTILES,UNIDAD,0.0,-,-,7/06/2026 18:51:16,ACTIVO,1.0,5,49,False
DFF-0000000196,BANDERA DE PAPEL - PERÚ,PAPELERIA,UTILES,UNIDAD,0.0,-,-,7/06/2026 19:49:58,ACTIVO,1.5,5,8,False
DFF-0000000197,BANDERA DE TELA - PERÚ,PAPELERIA,UTILES,UNIDAD,0.0,-,-,7/06/2026 19:53:06,ACTIVO,2.0,5,1,False
DFF-0000000198,MICROPOROSO ESCARCHADO A4 BLANCO,UTILES,UTILES,UNIDAD,0.0,-,-,12/06/2026 23:22:39,ACTIVO,1.5,5,28,False
DFF-0000000199,ALGODÓN,UTILES,UTILES,UNIDAD,0.0,-,-,12/06/2026 23:31:27,ACTIVO,1.5,5,18,False
DFF-0000000200,GLOBO TRADICIONAL,GLOBO,UTILES,UNIDAD,0.0,-,-,21/06/2026 15:52:39,ACTIVO,0.2,5,90,False
DFF-0000000201,FLAUTA ECONOMICA,FLAUTA,UTILES,UNIDAD,0.0,-,-,21/06/2026 16:19:08,ACTIVO,5.0,5,1,False
DFF-0000000202,PALO DE BRIGADIER DE MADERA,BRIGADIER,UTILES,UNIDAD,0.0,-,-,22/06/2026 23:48:24,ACTIVO,6.0,5,22,False
DFF-0000000203,FLAUTA DULCE,FLAUTA,UTILES,UNIDAD,0.0,-,-,29/06/2026 15:52:21,ACTIVO,8.0,5,8,False
DFF-0000000204,GUANTE BLANCO DE TELA PEQUEÑO,GUANTE,UTILES,UNIDAD,0.0,-,-,29/06/2026 15:54:39,ACTIVO,2.5,5,14,False
DFF-0000000205,CORREA DE BRIGADIER Y POLICIA,,UTILES,UNIDAD,0.0,-,-,29/06/2026 16:04:16,ACTIVO,5.0,5,6,False
DFF-0000000206,PERCHERO,PERCHERO,UTILES,UNIDAD,0.0,-,MINA DE ORO 2,29/06/2026 17:47:15,ACTIVO,1.0,5,24,False
DFF-0000000207,CINTA DE AGUA GRUESA,CINTA DE AGUA ,UTILES,UNIDAD,1.33,-,-,29/06/2026 17:51:48,ACTIVO,3.0,5,12,False
DFF-0000000208,FOLDER A4 DOBLE TAPA AMARILLO VINIFAN,FOLDER,UTILES,UNIDAD,4.48,-,TAILOY,29/06/2026 18:16:45,ACTIVO,6.5,5,6,False
DFF-0000000209,FOLDER A4 DOBLE TAPA ROJO VINIFAN,FOLDER ,UTILES,UNIDAD,4.48,-,TAILOY,29/06/2026 18:17:38,ACTIVO,6.5,5,6,False
DFF-0000000210,OJOS MOVILES,OJOS MOVILES,UTILES,UNIDAD,0.0,-,-,12/07/2026 13:10:09,ACTIVO,0.25,5,86,False
DFF-0000000211,GUANTES DE LATEX,GUANTES,UTILES,UNIDAD,0.0,-,-,12/07/2026 13:12:47,ACTIVO,0.5,5,2,False
DFF-0000000212,ESCARAPELA TELA,ESCARAPELA ,UTILES,UNIDAD,0.0,-,-,12/07/2026 13:21:30,ACTIVO,0.5,5,379,False
DFF-0000000213,ESCARAPELA DE METAL,ESCARAPELA,UTILES,UNIDAD,0.0,-,-,12/07/2026 13:45:54,ACTIVO,1.0,5,140,False
DFF-0000000214,GLOBO PENCIL,GLOBO,UTILES,UNIDAD,0.0,-,-,12/07/2026 14:00:58,ACTIVO,0.2,5,98,False
DFF-0000000215,PAPEL LUSTRE ROJO,PAPEL LUSTRE,UTILES,UNIDAD,0.0,-,-,12/07/2026 20:54:55,ACTIVO,0.5,5,95,False
DFF-0000000216,SOBRE DE CARTA BLANCO,SOBRE,UTILES,UNIDAD,0.0,-,-,12/07/2026 21:02:00,ACTIVO,0.2,5,95,False
