ID,Metodo_Pago,total_monto,ID_Venta,n_items,diversidad_productos,n_departamentos,max_subtotal,std_subtotal,ticket_promedio_item,ratio_diversidad,Cluster_KMeans,Cluster_DBSCAN,Cluster_GMM,Cluster_Final
VTA-0000001,YAPE,9.4,VTA-0000001,5,2,2,5.4,0.9899494936611668,1.8800000000000001,0.4,2,-1,2,2
VTA-0000002,EFECTIVO,1.2,VTA-0000002,1,0,1,1.2,0.0,1.2,0.0,0,-1,1,0
VTA-0000005,YAPE,1.8,VTA-0000005,3,1,1,1.8,0.0,0.6,0.3333333333333333,1,0,1,1
VTA-0000006,EFECTIVO,1.5,VTA-0000006,3,1,1,1.5,0.0,0.5,0.3333333333333333,1,0,1,1
VTA-0000007,EFECTIVO,1.0,VTA-0000007,1,1,1,1.0,0.0,1.0,1.0,0,1,0,0
VTA-0000008,EFECTIVO,0.6,VTA-0000008,6,1,1,0.6,0.0,0.09999999999999999,0.16666666666666666,1,0,1,1
VTA-0000009,EFECTIVO,1.6,VTA-0000009,16,1,1,1.6,0.0,0.1,0.0625,1,0,1,1
VTA-0000013,YAPE,1.1,VTA-0000013,11,1,1,1.1,0.0,0.1,0.09090909090909091,1,0,1,1
VTA-0000014,EFECTIVO,1.0,VTA-0000014,1,1,1,1.0,0.0,1.0,1.0,0,1,0,0
VTA-0000016,EFECTIVO,1.0,VTA-0000016,1,1,1,1.0,0.0,1.0,1.0,0,1,0,0
VTA-0000017,EFECTIVO,1.5,VTA-0000017,1,1,1,1.5,0.0,1.5,1.0,0,1,0,0
VTA-0000018,EFECTIVO,0.1,VTA-0000018,1,1,1,0.1,0.0,0.1,1.0,0,1,0,0
VTA-0000019,EFECTIVO,0.8,VTA-0000019,1,1,1,0.8,0.0,0.8,1.0,0,1,0,0
VTA-0000020,EFECTIVO,0.3,VTA-0000020,3,1,1,0.3,0.0,0.09999999999999999,0.3333333333333333,1,0,1,1
VTA-0000022,EFECTIVO,2.0,VTA-0000022,2,1,1,2.0,0.0,1.0,0.5,0,0,0,0
VTA-0000023,EFECTIVO,3.0,VTA-0000023,3,2,1,2.0,0.7071067811865476,1.0,0.6666666666666666,1,2,1,1
VTA-0000024,EFECTIVO,1.0,VTA-0000024,1,1,1,1.0,0.0,1.0,1.0,0,1,0,0
VTA-0000025,YAPE,0.8,VTA-0000025,4,1,1,0.8,0.0,0.2,0.25,1,0,1,1
VTA-0000026,EFECTIVO,6.5,VTA-0000026,1,1,1,6.5,0.0,6.5,1.0,2,1,0,2
VTA-0000028,EFECTIVO,3.0,VTA-0000028,1,1,1,3.0,0.0,3.0,1.0,0,1,0,0
VTA-0000029,EFECTIVO,2.5,VTA-0000029,1,1,1,2.5,0.0,2.5,1.0,0,1,0,0
VTA-0000030,EFECTIVO,1.8,VTA-0000030,9,1,1,1.8,0.0,0.2,0.1111111111111111,1,0,1,1
VTA-0000031,YAPE,1.5,VTA-0000031,1,1,1,1.5,0.0,1.5,1.0,0,1,0,0
VTA-0000032,EFECTIVO,0.8,VTA-0000032,4,1,1,0.8,0.0,0.2,0.25,1,0,1,1
VTA-0000033,EFECTIVO,1.5,VTA-0000033,15,1,1,1.5,0.0,0.1,0.06666666666666667,1,0,1,1
VTA-0000034,EFECTIVO,4.0,VTA-0000034,2,2,1,3.0,1.4142135623730951,2.0,1.0,0,2,2,0
VTA-0000035,EFECTIVO,0.3,VTA-0000035,3,1,1,0.3,0.0,0.09999999999999999,0.3333333333333333,1,0,1,1
VTA-0000036,EFECTIVO,0.4,VTA-0000036,4,1,1,0.4,0.0,0.1,0.25,1,0,1,1
VTA-0000037,EFECTIVO,5.0,VTA-0000037,2,2,1,2.5,0.0,2.5,1.0,0,2,2,0
VTA-0000039,YAPE,0.6,VTA-0000039,1,1,1,0.6,0.0,0.6,1.0,0,1,0,0
VTA-0000040,EFECTIVO,2.5,VTA-0000040,4,2,1,1.5,0.3535533905932738,0.625,0.5,1,2,1,1
VTA-0000041,EFECTIVO,0.6,VTA-0000041,1,1,1,0.6,0.0,0.6,1.0,0,1,0,0
VTA-0000043,YAPE,5.5,VTA-0000043,3,3,1,2.0,0.2886751345948129,1.8333333333333333,1.0,0,-1,1,0
VTA-0000044,EFECTIVO,8.0,VTA-0000044,1,1,1,8.0,0.0,8.0,1.0,2,1,0,2
VTA-0000045,YAPE,8.0,VTA-0000045,1,1,1,8.0,0.0,8.0,1.0,2,1,0,2
VTA-0000047,EFECTIVO,5.0,VTA-0000047,3,2,1,3.0,0.7071067811865476,1.6666666666666667,0.6666666666666666,1,2,1,1
VTA-0000048,EFECTIVO,2.0,VTA-0000048,1,1,1,2.0,0.0,2.0,1.0,0,1,0,0
VTA-0000049,EFECTIVO,9.0,VTA-0000049,1,1,1,9.0,0.0,9.0,1.0,2,1,0,2
VTA-0000050,EFECTIVO,2.5,VTA-0000050,1,1,1,2.5,0.0,2.5,1.0,0,1,0,0
VTA-0000051,EFECTIVO,3.0,VTA-0000051,3,1,1,3.0,0.0,1.0,0.3333333333333333,1,0,1,1
VTA-0000052,YAPE,9.0,VTA-0000052,1,1,1,9.0,0.0,9.0,1.0,2,1,0,2
VTA-0000053,YAPE,3.0,VTA-0000053,3,1,1,3.0,0.0,1.0,0.3333333333333333,1,0,1,1
VTA-0000055,EFECTIVO,0.4,VTA-0000055,4,1,1,0.4,0.0,0.1,0.25,1,0,1,1
VTA-0000056,EFECTIVO,9.0,VTA-0000056,1,1,1,9.0,0.0,9.0,1.0,2,1,0,2
VTA-0000057,EFECTIVO,3.0,VTA-0000057,3,1,1,3.0,0.0,1.0,0.3333333333333333,1,0,1,1
VTA-0000058,EFECTIVO,2.5,VTA-0000058,1,1,1,2.5,0.0,2.5,1.0,0,1,0,0
VTA-0000060,EFECTIVO,4.0,VTA-0000060,1,1,1,4.0,0.0,4.0,1.0,0,1,0,0
VTA-0000062,EFECTIVO,4.0,VTA-0000062,1,1,1,4.0,0.0,4.0,1.0,0,1,0,0
VTA-0000063,EFECTIVO,2.0,VTA-0000063,1,1,1,2.0,0.0,2.0,1.0,0,1,0,0
VTA-0000064,EFECTIVO,1.5,VTA-0000064,2,2,1,1.0,0.3535533905932738,0.75,1.0,0,2,2,0
VTA-0000066,EFECTIVO,1.0,VTA-0000066,1,1,1,1.0,0.0,1.0,1.0,0,1,0,0
VTA-0000067,YAPE,2.0,VTA-0000067,2,1,1,2.0,0.0,1.0,0.5,0,0,0,0
VTA-0000068,YAPE,6.5,VTA-0000068,1,1,1,6.5,0.0,6.5,1.0,2,1,0,2
VTA-0000069,YAPE,1.5,VTA-0000069,2,2,1,1.0,0.3535533905932738,0.75,1.0,0,2,2,0
VTA-0000070,EFECTIVO,6.5,VTA-0000070,1,1,1,6.5,0.0,6.5,1.0,2,1,0,2
VTA-0000071,EFECTIVO,1.0,VTA-0000071,1,1,1,1.0,0.0,1.0,1.0,0,1,0,0
VTA-0000072,EFECTIVO,1.6,VTA-0000072,2,2,1,1.0,0.282842712474619,0.8,1.0,0,2,2,0
VTA-0000074,EFECTIVO,2.8,VTA-0000074,2,2,1,1.8,0.565685424949238,1.4,1.0,0,2,2,0
VTA-0000075,YAPE,1.0,VTA-0000075,1,1,1,1.0,0.0,1.0,1.0,0,1,0,0
VTA-0000076,EFECTIVO,5.0,VTA-0000076,1,1,1,5.0,0.0,5.0,1.0,2,1,0,2
VTA-0000077,EFECTIVO,4.2,VTA-0000077,9,3,1,2.0,0.529150262212918,0.4666666666666667,0.3333333333333333,1,-1,1,1
VTA-0000078,EFECTIVO,8.0,VTA-0000078,1,1,1,8.0,0.0,8.0,1.0,2,1,0,2
VTA-0000079,YAPE,3.0,VTA-0000079,2,2,1,2.0,0.7071067811865476,1.5,1.0,0,2,2,0
VTA-0000080,YAPE,1.0,VTA-0000080,1,1,1,1.0,0.0,1.0,1.0,0,1,0,0
VTA-0000081,YAPE,5.2,VTA-0000081,9,4,1,2.0,0.4760952285695233,0.5777777777777778,0.4444444444444444,1,-1,1,1
VTA-0000083,EFECTIVO,1.0,VTA-0000083,1,1,1,1.0,0.0,1.0,1.0,0,1,0,0
VTA-0000085,EFECTIVO,1.0,VTA-0000085,1,1,1,1.0,0.0,1.0,1.0,0,1,0,0
VTA-0000086,EFECTIVO,1.0,VTA-0000086,2,1,1,1.0,0.0,0.5,0.5,0,0,0,0
VTA-0000087,YAPE,2.5,VTA-0000087,1,1,1,2.5,0.0,2.5,1.0,0,1,0,0
VTA-0000088,YAPE,9.0,VTA-0000088,9,1,1,9.0,0.0,1.0,0.1111111111111111,1,-1,1,1
VTA-0000089,YAPE,3.1,VTA-0000089,4,2,1,2.5,1.3435028842544403,0.775,0.5,1,2,1,1
VTA-0000090,EFECTIVO,5.0,VTA-0000090,1,1,1,5.0,0.0,5.0,1.0,2,1,0,2
VTA-0000091,EFECTIVO,5.0,VTA-0000091,1,1,1,5.0,0.0,5.0,1.0,2,1,0,2
VTA-0000092,EFECTIVO,4.5,VTA-0000092,16,4,1,2.0,0.65,0.28125,0.25,1,-1,1,1
VTA-0000093,EFECTIVO,2.5,VTA-0000093,15,3,1,1.2,0.3511884584284246,0.16666666666666666,0.2,1,-1,1,1
VTA-0000094,EFECTIVO,4.0,VTA-0000094,10,1,1,4.0,0.0,0.4,0.1,1,0,1,1
VTA-0000099,EFECTIVO,0.5,VTA-0000099,1,1,1,0.5,0.0,0.5,1.0,0,1,0,0
VTA-0000100,EFECTIVO,4.0,VTA-0000100,3,3,1,2.0,0.5773502691896257,1.3333333333333333,1.0,0,-1,1,0
VTA-0000101,EFECTIVO,1.0,VTA-0000101,1,1,1,1.0,0.0,1.0,1.0,0,1,0,0
VTA-0000102,EFECTIVO,0.5,VTA-0000102,1,1,1,0.5,0.0,0.5,1.0,0,1,0,0
VTA-0000103,EFECTIVO,3.0,VTA-0000103,12,2,1,2.0,0.7071067811865476,0.25,0.16666666666666666,1,-1,1,1
VTA-0000104,EFECTIVO,4.2,VTA-0000104,9,3,1,2.0,0.529150262212918,0.4666666666666667,0.3333333333333333,1,-1,1,1
VTA-0000107,EFECTIVO,1.0,VTA-0000107,1,1,1,1.0,0.0,1.0,1.0,0,1,0,0
VTA-0000108,EFECTIVO,1.0,VTA-0000108,1,1,1,1.0,0.0,1.0,1.0,0,1,0,0
VTA-0000111,EFECTIVO,2.0,VTA-0000111,2,1,1,2.0,0.0,1.0,0.5,0,0,0,0
VTA-0000112,EFECTIVO,0.5,VTA-0000112,5,1,1,0.5,0.0,0.1,0.2,1,0,1,1
VTA-0000113,EFECTIVO,2.0,VTA-0000113,10,1,1,2.0,0.0,0.2,0.1,1,0,1,1
VTA-0000114,YAPE,1.2,VTA-0000114,2,1,1,0.6,0.0,0.6,0.5,0,0,1,0
VTA-0000115,YAPE,1.0,VTA-0000115,1,1,1,1.0,0.0,1.0,1.0,0,1,0,0
VTA-0000116,EFECTIVO,0.6,VTA-0000116,2,1,1,0.6,0.0,0.3,0.5,0,0,0,0
VTA-0000117,EFECTIVO,1.0,VTA-0000117,1,1,1,1.0,0.0,1.0,1.0,0,1,0,0
VTA-0000118,EFECTIVO,2.0,VTA-0000118,2,1,1,2.0,0.0,1.0,0.5,0,0,0,0
VTA-0000119,EFECTIVO,0.5,VTA-0000119,1,1,1,0.5,0.0,0.5,1.0,0,1,0,0
VTA-0000120,YAPE,8.0,VTA-0000120,1,1,1,8.0,0.0,8.0,1.0,2,1,0,2
VTA-0000122,EFECTIVO,1.0,VTA-0000122,1,1,1,1.0,0.0,1.0,1.0,0,1,0,0
VTA-0000123,EFECTIVO,1.0,VTA-0000123,1,1,1,1.0,0.0,1.0,1.0,0,1,0,0
VTA-0000124,EFECTIVO,1.0,VTA-0000124,1,1,1,1.0,0.0,1.0,1.0,0,1,0,0
VTA-0000128,EFECTIVO,2.0,VTA-0000128,1,1,1,2.0,0.0,2.0,1.0,0,1,0,0
VTA-0000129,EFECTIVO,1.5,VTA-0000129,6,2,1,1.0,0.3535533905932738,0.25,0.3333333333333333,1,2,1,1
VTA-0000130,EFECTIVO,1.3,VTA-0000130,9,2,1,0.8,0.21213203435596428,0.14444444444444446,0.2222222222222222,1,-1,1,1
VTA-0000131,EFECTIVO,1.4,VTA-0000131,4,2,1,1.0,0.42426406871192845,0.35,0.5,1,2,1,1
VTA-0000132,EFECTIVO,0.4,VTA-0000132,2,1,1,0.4,0.0,0.2,0.5,0,0,0,0
VTA-0000133,YAPE,0.5,VTA-0000133,1,1,1,0.5,0.0,0.5,1.0,0,1,0,0
VTA-0000134,YAPE,0.5,VTA-0000134,1,1,1,0.5,0.0,0.5,1.0,0,1,0,0
VTA-0000136,EFECTIVO,6.5,VTA-0000136,1,1,1,6.5,0.0,6.5,1.0,2,1,0,2
VTA-0000137,EFECTIVO,4.0,VTA-0000137,4,1,1,4.0,0.0,1.0,0.25,1,0,1,1
VTA-0000138,EFECTIVO,1.0,VTA-0000138,10,1,1,1.0,0.0,0.1,0.1,1,0,1,1
VTA-0000141,EFECTIVO,8.0,VTA-0000141,1,1,1,8.0,0.0,8.0,1.0,2,1,0,2
VTA-0000142,YAPE,1.5,VTA-0000142,1,1,1,1.5,0.0,1.5,1.0,0,1,0,0
VTA-0000143,EFECTIVO,1.0,VTA-0000143,1,1,1,1.0,0.0,1.0,1.0,0,1,0,0
VTA-0000144,EFECTIVO,1.5,VTA-0000144,1,1,1,1.5,0.0,1.5,1.0,0,1,0,0
VTA-0000145,EFECTIVO,1.0,VTA-0000145,1,1,1,1.0,0.0,1.0,1.0,0,1,0,0
VTA-0000146,EFECTIVO,1.0,VTA-0000146,1,1,1,1.0,0.0,1.0,1.0,0,1,0,0
VTA-0000148,YAPE,0.5,VTA-0000148,5,1,1,0.5,0.0,0.1,0.2,1,0,1,1
VTA-0000149,EFECTIVO,0.1,VTA-0000149,1,1,1,0.1,0.0,0.1,1.0,0,1,0,0
VTA-0000150,YAPE,1.0,VTA-0000150,1,1,1,1.0,0.0,1.0,1.0,0,1,0,0
VTA-0000151,YAPE,1.0,VTA-0000151,1,1,1,1.0,0.0,1.0,1.0,0,1,0,0
VTA-0000152,EFECTIVO,1.0,VTA-0000152,1,1,1,1.0,0.0,1.0,1.0,0,1,0,0
VTA-0000153,EFECTIVO,1.5,VTA-0000153,1,1,1,1.5,0.0,1.5,1.0,0,1,0,0
VTA-0000154,EFECTIVO,0.8,VTA-0000154,10,1,1,0.8,0.0,0.08,0.1,1,0,1,1
VTA-0000155,YAPE,5.0,VTA-0000155,1,1,1,5.0,0.0,5.0,1.0,2,1,0,2
VTA-0000157,EFECTIVO,9.0,VTA-0000157,1,1,1,9.0,0.0,9.0,1.0,2,1,0,2
VTA-0000158,EFECTIVO,1.1,VTA-0000158,11,1,1,1.1,0.0,0.1,0.09090909090909091,1,0,1,1
VTA-0000161,YAPE,3.2,VTA-0000161,2,2,1,2.0,0.565685424949238,1.6,1.0,0,2,2,0
VTA-0000163,EFECTIVO,8.0,VTA-0000163,2,1,1,8.0,0.0,4.0,0.5,2,0,2,2
VTA-0000166,EFECTIVO,5.5,VTA-0000166,1,1,1,5.5,0.0,5.5,1.0,2,1,0,2
VTA-0000167,YAPE,1.5,VTA-0000167,1,1,1,1.5,0.0,1.5,1.0,0,1,0,0
VTA-0000168,EFECTIVO,4.0,VTA-0000168,1,1,1,4.0,0.0,4.0,1.0,0,1,0,0
VTA-0000169,EFECTIVO,0.4,VTA-0000169,4,1,1,0.4,0.0,0.1,0.25,1,0,1,1
VTA-0000170,EFECTIVO,0.3,VTA-0000170,1,1,1,0.3,0.0,0.3,1.0,0,1,0,0
VTA-0000171,YAPE,1.0,VTA-0000171,6,2,1,0.5,0.0,0.16666666666666666,0.3333333333333333,1,2,1,1
VTA-0000172,EFECTIVO,3.1,VTA-0000172,6,4,1,2.0,0.8261355820929154,0.5166666666666667,0.6666666666666666,1,-1,1,1
VTA-0000173,YAPE,6.5,VTA-0000173,1,1,1,6.5,0.0,6.5,1.0,2,1,0,2
VTA-0000174,EFECTIVO,1.0,VTA-0000174,2,1,1,1.0,0.0,0.5,0.5,0,0,0,0
VTA-0000175,YAPE,1.4,VTA-0000175,4,2,1,1.0,0.42426406871192845,0.35,0.5,1,2,1,1
VTA-0000176,EFECTIVO,5.1,VTA-0000176,16,2,1,4.0,2.0506096654409878,0.31875,0.125,1,-1,1,1
VTA-0000177,EFECTIVO,1.2,VTA-0000177,1,1,1,1.2,0.0,1.2,1.0,0,1,0,0
VTA-0000181,YAPE,2.0,VTA-0000181,1,1,1,2.0,0.0,2.0,1.0,0,1,0,0
VTA-0000182,YAPE,6.5,VTA-0000182,1,1,1,6.5,0.0,6.5,1.0,2,1,0,2
VTA-0000183,EFECTIVO,1.0,VTA-0000183,1,1,1,1.0,0.0,1.0,1.0,0,1,0,0
VTA-0000184,YAPE,3.4,VTA-0000184,7,3,1,2.0,0.8082903768654761,0.4857142857142857,0.42857142857142855,1,-1,1,1
VTA-0000185,EFECTIVO,1.0,VTA-0000185,2,1,1,1.0,0.0,0.5,0.5,0,0,0,0
VTA-0000187,EFECTIVO,1.0,VTA-0000187,2,1,1,1.0,0.0,0.5,0.5,0,0,0,0
VTA-0000188,YAPE,0.5,VTA-0000188,5,1,1,0.5,0.0,0.1,0.2,1,0,1,1
VTA-0000191,EFECTIVO,2.0,VTA-0000191,1,1,1,2.0,0.0,2.0,1.0,0,1,0,0
VTA-0000192,YAPE,0.2,VTA-0000192,2,1,1,0.2,0.0,0.1,0.5,0,0,0,0
VTA-0000193,EFECTIVO,0.5,VTA-0000193,1,1,1,0.5,0.0,0.5,1.0,0,1,0,0
VTA-0000194,EFECTIVO,0.5,VTA-0000194,5,1,1,0.5,0.0,0.1,0.2,1,0,1,1
VTA-0000195,EFECTIVO,10.0,VTA-0000195,1,1,1,10.0,0.0,10.0,1.0,2,1,0,2
VTA-0000196,EFECTIVO,1.5,VTA-0000196,11,2,1,1.0,0.3535533905932738,0.13636363636363635,0.18181818181818182,1,-1,1,1
VTA-0000197,EFECTIVO,3.5,VTA-0000197,1,1,1,3.5,0.0,3.5,1.0,0,1,0,0
VTA-0000198,EFECTIVO,1.0,VTA-0000198,1,1,1,1.0,0.0,1.0,1.0,0,1,0,0
VTA-0000199,YAPE,1.1,VTA-0000199,5,3,1,0.5,0.15275252316519466,0.22000000000000003,0.6,1,-1,1,1
VTA-0000200,YAPE,1.0,VTA-0000200,1,1,1,1.0,0.0,1.0,1.0,0,1,0,0
VTA-0000201,EFECTIVO,0.7,VTA-0000201,3,2,1,0.5,0.21213203435596428,0.2333333333333333,0.6666666666666666,0,2,1,0
VTA-0000205,YAPE,1.5,VTA-0000205,2,2,1,1.0,0.3535533905932738,0.75,1.0,0,2,2,0
VTA-0000206,EFECTIVO,1.0,VTA-0000206,1,1,1,1.0,0.0,1.0,1.0,0,1,0,0
VTA-0000207,EFECTIVO,1.2,VTA-0000207,1,1,1,1.2,0.0,1.2,1.0,0,1,0,0
VTA-0000208,EFECTIVO,0.5,VTA-0000208,1,1,1,0.5,0.0,0.5,1.0,0,1,0,0
VTA-0000209,EFECTIVO,0.3,VTA-0000209,3,1,1,0.3,0.0,0.09999999999999999,0.3333333333333333,1,0,1,1
VTA-0000210,EFECTIVO,1.2,VTA-0000210,1,1,1,1.2,0.0,1.2,1.0,0,1,0,0
VTA-0000211,EFECTIVO,0.8,VTA-0000211,8,1,1,0.8,0.0,0.1,0.125,1,0,1,1
VTA-0000212,EFECTIVO,0.3,VTA-0000212,3,1,1,0.3,0.0,0.09999999999999999,0.3333333333333333,1,0,1,1
VTA-0000214,EFECTIVO,1.4,VTA-0000214,6,2,1,1.0,0.42426406871192845,0.2333333333333333,0.3333333333333333,1,2,1,1
VTA-0000215,EFECTIVO,0.5,VTA-0000215,5,1,1,0.5,0.0,0.1,0.2,1,0,1,1
VTA-0000218,EFECTIVO,4.5,VTA-0000218,1,1,1,4.5,0.0,4.5,1.0,2,1,0,2
VTA-0000219,EFECTIVO,1.0,VTA-0000219,1,1,1,1.0,0.0,1.0,1.0,0,1,0,0
VTA-0000220,EFECTIVO,1.0,VTA-0000220,10,1,1,1.0,0.0,0.1,0.1,1,0,1,1
VTA-0000221,EFECTIVO,1.5,VTA-0000221,2,2,1,1.0,0.3535533905932738,0.75,1.0,0,2,2,0
VTA-0000222,EFECTIVO,1.0,VTA-0000222,1,1,1,1.0,0.0,1.0,1.0,0,1,0,0
VTA-0000223,EFECTIVO,1.0,VTA-0000223,1,1,1,1.0,0.0,1.0,1.0,0,1,0,0
VTA-0000224,EFECTIVO,1.0,VTA-0000224,1,1,1,1.0,0.0,1.0,1.0,0,1,0,0
VTA-0000225,EFECTIVO,1.0,VTA-0000225,1,1,1,1.0,0.0,1.0,1.0,0,1,0,0
VTA-0000226,YAPE,1.0,VTA-0000226,1,1,1,1.0,0.0,1.0,1.0,0,1,0,0
VTA-0000227,EFECTIVO,1.5,VTA-0000227,2,2,1,1.0,0.3535533905932738,0.75,1.0,0,2,2,0
VTA-0000228,EFECTIVO,1.0,VTA-0000228,1,1,1,1.0,0.0,1.0,1.0,0,1,0,0
VTA-0000229,YAPE,6.0,VTA-0000229,4,4,1,3.0,1.0801234497346435,1.5,1.0,1,-1,1,1
VTA-0000230,EFECTIVO,1.0,VTA-0000230,1,1,1,1.0,0.0,1.0,1.0,0,1,0,0
VTA-0000231,EFECTIVO,0.7,VTA-0000231,7,1,1,0.7,0.0,0.09999999999999999,0.14285714285714285,1,0,1,1
VTA-0000232,EFECTIVO,1.0,VTA-0000232,1,1,1,1.0,0.0,1.0,1.0,0,1,0,0
VTA-0000233,EFECTIVO,2.0,VTA-0000233,2,1,1,2.0,0.0,1.0,0.5,0,0,0,0
VTA-0000234,YAPE,0.7,VTA-0000234,2,2,2,0.5,0.21213203435596428,0.35,1.0,0,-1,1,0
VTA-0000236,YAPE,4.0,VTA-0000236,4,1,1,4.0,0.0,1.0,0.25,1,0,1,1
VTA-0000237,EFECTIVO,2.0,VTA-0000237,2,1,1,2.0,0.0,1.0,0.5,0,0,0,0
VTA-0000238,EFECTIVO,1.0,VTA-0000238,1,1,1,1.0,0.0,1.0,1.0,0,1,0,0
VTA-0000239,EFECTIVO,2.0,VTA-0000239,2,1,1,2.0,0.0,1.0,0.5,0,0,0,0
VTA-0000240,EFECTIVO,2.0,VTA-0000240,3,2,2,1.8,1.1313708498984762,0.6666666666666666,0.6666666666666666,1,-1,1,1
VTA-0000241,YAPE,1.0,VTA-0000241,1,1,1,1.0,0.0,1.0,1.0,0,1,0,0
VTA-0000242,EFECTIVO,2.0,VTA-0000242,3,2,2,1.8,1.1313708498984762,0.6666666666666666,0.6666666666666666,1,-1,1,1
VTA-0000243,EFECTIVO,1.0,VTA-0000243,10,1,1,1.0,0.0,0.1,0.1,1,0,1,1
VTA-0000244,EFECTIVO,5.0,VTA-0000244,1,1,1,5.0,0.0,5.0,1.0,2,1,0,2
VTA-0000248,YAPE,7.0,VTA-0000248,1,1,1,7.0,0.0,7.0,1.0,2,1,0,2
VTA-0000249,EFECTIVO,1.0,VTA-0000249,1,1,1,1.0,0.0,1.0,1.0,0,1,0,0
VTA-0000250,EFECTIVO,1.0,VTA-0000250,1,1,1,1.0,0.0,1.0,1.0,0,1,0,0
VTA-0000251,EFECTIVO,2.0,VTA-0000251,1,1,1,2.0,0.0,2.0,1.0,0,1,0,0
VTA-0000252,YAPE,4.0,VTA-0000252,4,1,1,4.0,0.0,1.0,0.25,1,0,1,1
VTA-0000254,EFECTIVO,6.5,VTA-0000254,1,1,1,6.5,0.0,6.5,1.0,2,1,0,2
VTA-0000255,EFECTIVO,2.5,VTA-0000255,1,1,1,2.5,0.0,2.5,1.0,0,1,0,0
VTA-0000260,EFECTIVO,0.5,VTA-0000260,1,1,1,0.5,0.0,0.5,1.0,0,1,0,0
VTA-0000261,YAPE,5.0,VTA-0000261,5,1,1,5.0,0.0,1.0,0.2,1,0,1,1
VTA-0000262,YAPE,2.0,VTA-0000262,2,1,1,2.0,0.0,1.0,0.5,0,0,0,0
VTA-0000263,YAPE,7.0,VTA-0000263,1,1,1,7.0,0.0,7.0,1.0,2,1,0,2
VTA-0000264,YAPE,1.2,VTA-0000264,1,1,1,1.2,0.0,1.2,1.0,0,1,0,0
VTA-0000265,EFECTIVO,1.2,VTA-0000265,1,1,1,1.2,0.0,1.2,1.0,0,1,0,0
VTA-0000266,EFECTIVO,2.0,VTA-0000266,1,1,1,2.0,0.0,2.0,1.0,0,1,0,0
VTA-0000267,EFECTIVO,1.0,VTA-0000267,1,1,1,1.0,0.0,1.0,1.0,0,1,0,0
VTA-0000268,EFECTIVO,5.0,VTA-0000268,3,3,1,2.0,0.5773502691896257,1.6666666666666667,1.0,0,-1,1,0
VTA-0000269,EFECTIVO,1.5,VTA-0000269,3,1,1,1.5,0.0,0.5,0.3333333333333333,1,0,1,1
VTA-0000271,EFECTIVO,2.0,VTA-0000271,4,1,1,2.0,0.0,0.5,0.25,1,0,1,1
VTA-0000272,YAPE,9.9,VTA-0000272,10,2,1,5.4,0.636396103067893,0.99,0.2,1,-1,1,1
VTA-0000273,YAPE,5.0,VTA-0000273,5,1,1,5.0,0.0,1.0,0.2,1,0,1,1
VTA-0000276,EFECTIVO,6.5,VTA-0000276,1,1,1,6.5,0.0,6.5,1.0,2,1,0,2
VTA-0000277,YAPE,3.5,VTA-0000277,2,2,1,2.5,1.0606601717798212,1.75,1.0,0,2,2,0
VTA-0000280,EFECTIVO,1.3,VTA-0000280,16,1,1,1.3,0.0,0.08125,0.0625,1,0,1,1
VTA-0000281,YAPE,3.0,VTA-0000281,1,1,1,3.0,0.0,3.0,1.0,0,1,0,0
VTA-0000282,EFECTIVO,3.0,VTA-0000282,3,1,1,3.0,0.0,1.0,0.3333333333333333,1,0,1,1
VTA-0000283,EFECTIVO,1.5,VTA-0000283,1,1,1,1.5,0.0,1.5,1.0,0,1,0,0
VTA-0000284,EFECTIVO,0.2,VTA-0000284,2,1,1,0.2,0.0,0.1,0.5,0,0,0,0
VTA-0000285,YAPE,10.0,VTA-0000285,5,1,1,10.0,0.0,2.0,0.2,2,-1,2,2
VTA-0000288,YAPE,4.0,VTA-0000288,4,1,1,4.0,0.0,1.0,0.25,1,0,1,1
VTA-0000289,YAPE,4.0,VTA-0000289,2,1,1,4.0,0.0,2.0,0.5,0,0,0,0
VTA-0000290,YAPE,4.0,VTA-0000290,2,1,1,4.0,0.0,2.0,0.5,0,0,0,0
VTA-0000291,YAPE,2.0,VTA-0000291,1,1,1,2.0,0.0,2.0,1.0,0,1,0,0
VTA-0000292,YAPE,2.0,VTA-0000292,2,1,1,2.0,0.0,1.0,0.5,0,0,0,0
VTA-0000293,YAPE,6.5,VTA-0000293,1,1,1,6.5,0.0,6.5,1.0,2,1,0,2
VTA-0000294,YAPE,4.0,VTA-0000294,2,1,1,4.0,0.0,2.0,0.5,0,0,0,0
VTA-0000296,YAPE,4.0,VTA-0000296,4,1,1,4.0,0.0,1.0,0.25,1,0,1,1
VTA-0000297,YAPE,5.0,VTA-0000297,1,1,1,5.0,0.0,5.0,1.0,2,1,0,2
VTA-0000298,YAPE,1.0,VTA-0000298,10,1,1,1.0,0.0,0.1,0.1,1,0,1,1
VTA-0000300,YAPE,1.2,VTA-0000300,15,1,1,1.2,0.0,0.08,0.06666666666666667,1,0,1,1
VTA-0000301,YAPE,1.0,VTA-0000301,2,1,1,1.0,0.0,0.5,0.5,0,0,0,0
VTA-0000303,YAPE,2.0,VTA-0000303,1,1,1,2.0,0.0,2.0,1.0,0,1,0,0
VTA-0000304,YAPE,3.0,VTA-0000304,3,1,1,3.0,0.0,1.0,0.3333333333333333,1,0,1,1
VTA-0000305,YAPE,7.0,VTA-0000305,2,2,1,4.0,0.7071067811865476,3.5,1.0,2,-1,2,2
VTA-0000307,EFECTIVO,1.0,VTA-0000307,1,1,1,1.0,0.0,1.0,1.0,0,1,0,0
VTA-0000308,EFECTIVO,1.0,VTA-0000308,1,1,1,1.0,0.0,1.0,1.0,0,1,0,0
VTA-0000309,YAPE,1.0,VTA-0000309,1,1,1,1.0,0.0,1.0,1.0,0,1,0,0
VTA-0000310,EFECTIVO,1.0,VTA-0000310,1,1,1,1.0,0.0,1.0,1.0,0,1,0,0
VTA-0000311,EFECTIVO,7.0,VTA-0000311,1,1,1,7.0,0.0,7.0,1.0,2,1,0,2
VTA-0000312,EFECTIVO,1.0,VTA-0000312,1,1,1,1.0,0.0,1.0,1.0,0,1,0,0
VTA-0000313,EFECTIVO,1.0,VTA-0000313,1,1,1,1.0,0.0,1.0,1.0,0,1,0,0
VTA-0000314,EFECTIVO,1.0,VTA-0000314,1,1,1,1.0,0.0,1.0,1.0,0,1,0,0
VTA-0000315,YAPE,3.0,VTA-0000315,1,1,1,3.0,0.0,3.0,1.0,0,1,0,0
VTA-0000316,EFECTIVO,2.0,VTA-0000316,2,1,1,2.0,0.0,1.0,0.5,0,0,0,0
VTA-0000318,EFECTIVO,1.5,VTA-0000318,1,1,1,1.5,0.0,1.5,1.0,0,1,0,0
VTA-0000319,EFECTIVO,1.0,VTA-0000319,1,1,1,1.0,0.0,1.0,1.0,0,1,0,0
VTA-0000321,YAPE,4.0,VTA-0000321,4,1,1,4.0,0.0,1.0,0.25,1,0,1,1
VTA-0000322,YAPE,1.0,VTA-0000322,1,1,1,1.0,0.0,1.0,1.0,0,1,0,0
VTA-0000323,EFECTIVO,1.6,VTA-0000323,4,2,1,1.0,0.282842712474619,0.4,0.5,1,2,1,1
VTA-0000324,EFECTIVO,1.0,VTA-0000324,1,1,1,1.0,0.0,1.0,1.0,0,1,0,0
VTA-0000325,YAPE,1.0,VTA-0000325,1,1,1,1.0,0.0,1.0,1.0,0,1,0,0
VTA-0000327,EFECTIVO,1.5,VTA-0000327,1,1,1,1.5,0.0,1.5,1.0,0,1,0,0
VTA-0000328,EFECTIVO,1.0,VTA-0000328,1,1,1,1.0,0.0,1.0,1.0,0,1,0,0
VTA-0000329,YAPE,3.9,VTA-0000329,13,2,1,2.4,0.6363961030678927,0.3,0.15384615384615385,1,-1,1,1
VTA-0000330,YAPE,0.1,VTA-0000330,1,1,1,0.1,0.0,0.1,1.0,0,1,0,0
VTA-0000331,YAPE,0.1,VTA-0000331,1,1,1,0.1,0.0,0.1,1.0,0,1,0,0
VTA-0000332,YAPE,1.2,VTA-0000332,6,1,1,1.2,0.0,0.19999999999999998,0.16666666666666666,1,0,1,1
VTA-0000333,EFECTIVO,5.0,VTA-0000333,1,1,1,5.0,0.0,5.0,1.0,2,1,0,2
VTA-0000336,EFECTIVO,0.4,VTA-0000336,2,1,1,0.4,0.0,0.2,0.5,0,0,0,0
VTA-0000337,EFECTIVO,4.0,VTA-0000337,1,1,1,4.0,0.0,4.0,1.0,0,1,0,0
VTA-0000338,YAPE,3.5,VTA-0000338,1,1,1,3.5,0.0,3.5,1.0,0,1,0,0
VTA-0000339,EFECTIVO,1.0,VTA-0000339,2,1,1,1.0,0.0,0.5,0.5,0,0,0,0
VTA-0000340,YAPE,2.0,VTA-0000340,1,1,1,2.0,0.0,2.0,1.0,0,1,0,0
VTA-0000341,EFECTIVO,4.2,VTA-0000341,5,3,1,1.8,0.39999999999999997,0.8400000000000001,0.6,1,-1,1,1
VTA-0000342,EFECTIVO,1.0,VTA-0000342,1,1,1,1.0,0.0,1.0,1.0,0,1,0,0
VTA-0000343,YAPE,2.5,VTA-0000343,2,2,1,1.5,0.3535533905932738,1.25,1.0,0,2,2,0
VTA-0000344,EFECTIVO,2.0,VTA-0000344,2,2,1,1.0,0.0,1.0,1.0,0,2,2,0
VTA-0000345,EFECTIVO,2.0,VTA-0000345,1,1,1,2.0,0.0,2.0,1.0,0,1,0,0
VTA-0000346,YAPE,3.0,VTA-0000346,1,1,1,3.0,0.0,3.0,1.0,0,1,0,0
VTA-0000347,EFECTIVO,4.0,VTA-0000347,1,1,1,4.0,0.0,4.0,1.0,0,1,0,0
VTA-0000348,EFECTIVO,4.0,VTA-0000348,1,1,1,4.0,0.0,4.0,1.0,0,1,0,0
VTA-0000349,EFECTIVO,3.0,VTA-0000349,1,1,1,3.0,0.0,3.0,1.0,0,1,0,0
VTA-0000350,EFECTIVO,4.0,VTA-0000350,1,1,1,4.0,0.0,4.0,1.0,0,1,0,0
VTA-0000351,EFECTIVO,1.0,VTA-0000351,1,1,1,1.0,0.0,1.0,1.0,0,1,0,0
VTA-0000353,EFECTIVO,8.5,VTA-0000353,2,2,1,4.5,0.3535533905932738,4.25,1.0,2,-1,2,2
VTA-0000354,EFECTIVO,2.0,VTA-0000354,2,1,1,2.0,0.0,1.0,0.5,0,0,0,0
VTA-0000355,EFECTIVO,1.5,VTA-0000355,1,1,1,1.5,0.0,1.5,1.0,0,1,0,0
VTA-0000356,EFECTIVO,2.0,VTA-0000356,2,1,1,2.0,0.0,1.0,0.5,0,0,0,0
VTA-0000358,YAPE,1.0,VTA-0000358,2,1,1,1.0,0.0,0.5,0.5,0,0,0,0
VTA-0000359,YAPE,1.0,VTA-0000359,1,1,1,1.0,0.0,1.0,1.0,0,1,0,0
VTA-0000360,EFECTIVO,2.0,VTA-0000360,1,1,1,2.0,0.0,2.0,1.0,0,1,0,0
VTA-0000361,YAPE,2.0,VTA-0000361,1,1,1,2.0,0.0,2.0,1.0,0,1,0,0
VTA-0000362,YAPE,3.0,VTA-0000362,3,1,1,3.0,0.0,1.0,0.3333333333333333,1,0,1,1
VTA-0000363,YAPE,1.2,VTA-0000363,2,1,1,1.2,0.0,0.6,0.5,0,0,0,0
VTA-0000364,YAPE,1.5,VTA-0000364,1,1,1,1.5,0.0,1.5,1.0,0,1,0,0
VTA-0000365,EFECTIVO,0.6,VTA-0000365,3,1,1,0.6,0.0,0.19999999999999998,0.3333333333333333,1,0,1,1
VTA-0000368,YAPE,2.4,VTA-0000368,2,1,1,2.4,0.0,1.2,0.5,0,0,0,0
VTA-0000369,EFECTIVO,1.0,VTA-0000369,1,1,1,1.0,0.0,1.0,1.0,0,1,0,0
VTA-0000370,EFECTIVO,2.0,VTA-0000370,1,1,1,2.0,0.0,2.0,1.0,0,1,0,0
VTA-0000371,EFECTIVO,1.0,VTA-0000371,1,1,1,1.0,0.0,1.0,1.0,0,1,0,0
VTA-0000372,YAPE,3.0,VTA-0000372,2,2,1,2.0,0.7071067811865476,1.5,1.0,0,2,2,0
VTA-0000373,EFECTIVO,3.0,VTA-0000373,1,1,1,3.0,0.0,3.0,1.0,0,1,0,0
VTA-0000375,EFECTIVO,1.0,VTA-0000375,1,1,1,1.0,0.0,1.0,1.0,0,1,0,0
VTA-0000376,EFECTIVO,2.0,VTA-0000376,2,2,1,1.0,0.0,1.0,1.0,0,2,2,0
VTA-0000377,YAPE,2.0,VTA-0000377,2,2,1,1.0,0.0,1.0,1.0,0,2,2,0
VTA-0000378,YAPE,1.0,VTA-0000378,1,1,1,1.0,0.0,1.0,1.0,0,1,0,0
VTA-0000379,YAPE,1.0,VTA-0000379,1,1,1,1.0,0.0,1.0,1.0,0,1,0,0
VTA-0000380,EFECTIVO,2.0,VTA-0000380,1,1,1,2.0,0.0,2.0,1.0,0,1,0,0
VTA-0000381,YAPE,0.6,VTA-0000381,3,1,1,0.6,0.0,0.19999999999999998,0.3333333333333333,1,0,1,1
VTA-0000382,EFECTIVO,2.5,VTA-0000382,1,1,1,2.5,0.0,2.5,1.0,0,1,0,0
VTA-0000386,EFECTIVO,0.6,VTA-0000386,1,1,1,0.6,0.0,0.6,1.0,0,1,0,0
VTA-0000387,EFECTIVO,3.0,VTA-0000387,1,1,1,3.0,0.0,3.0,1.0,0,1,0,0
VTA-0000389,YAPE,1.5,VTA-0000389,1,1,1,1.5,0.0,1.5,1.0,0,1,0,0
VTA-0000390,EFECTIVO,3.0,VTA-0000390,3,1,1,3.0,0.0,1.0,0.3333333333333333,1,0,1,1
VTA-0000391,EFECTIVO,3.0,VTA-0000391,1,1,1,3.0,0.0,3.0,1.0,0,1,0,0
VTA-0000393,EFECTIVO,1.0,VTA-0000393,1,1,1,1.0,0.0,1.0,1.0,0,1,0,0
VTA-0000394,EFECTIVO,2.0,VTA-0000394,1,1,1,2.0,0.0,2.0,1.0,0,1,0,0
VTA-0000395,EFECTIVO,2.0,VTA-0000395,1,1,1,2.0,0.0,2.0,1.0,0,1,0,0
VTA-0000396,YAPE,2.0,VTA-0000396,10,1,1,2.0,0.0,0.2,0.1,1,0,1,1
VTA-0000397,YAPE,2.0,VTA-0000397,2,1,1,2.0,0.0,1.0,0.5,0,0,0,0
VTA-0000399,EFECTIVO,1.0,VTA-0000399,1,1,1,1.0,0.0,1.0,1.0,0,1,0,0
VTA-0000401,EFECTIVO,1.5,VTA-0000401,3,1,1,1.5,0.0,0.5,0.3333333333333333,1,0,1,1
VTA-0000402,EFECTIVO,2.5,VTA-0000402,1,1,1,2.5,0.0,2.5,1.0,0,1,0,0
VTA-0000403,EFECTIVO,1.0,VTA-0000403,1,1,1,1.0,0.0,1.0,1.0,0,1,0,0
VTA-0000404,YAPE,5.0,VTA-0000404,10,1,1,5.0,0.0,0.5,0.1,1,0,1,1
VTA-0000405,YAPE,0.1,VTA-0000405,1,1,1,0.1,0.0,0.1,1.0,0,1,0,0
VTA-0000406,EFECTIVO,1.0,VTA-0000406,1,1,1,1.0,0.0,1.0,1.0,0,1,0,0
VTA-0000408,EFECTIVO,1.5,VTA-0000408,3,1,1,1.5,0.0,0.5,0.3333333333333333,1,0,1,1
VTA-0000411,EFECTIVO,4.0,VTA-0000411,2,2,1,3.0,1.4142135623730951,2.0,1.0,0,2,2,0
VTA-0000412,EFECTIVO,3.0,VTA-0000412,1,1,1,3.0,0.0,3.0,1.0,0,1,0,0
VTA-0000413,EFECTIVO,3.0,VTA-0000413,1,1,1,3.0,0.0,3.0,1.0,0,1,0,0
VTA-0000414,EFECTIVO,3.0,VTA-0000414,1,1,1,3.0,0.0,3.0,1.0,0,1,0,0
VTA-0000415,EFECTIVO,2.0,VTA-0000415,2,1,1,2.0,0.0,1.0,0.5,0,0,0,0
VTA-0000416,YAPE,1.0,VTA-0000416,1,1,1,1.0,0.0,1.0,1.0,0,1,0,0
VTA-0000417,YAPE,3.0,VTA-0000417,1,1,1,3.0,0.0,3.0,1.0,0,1,0,0
VTA-0000418,YAPE,6.5,VTA-0000418,1,1,1,6.5,0.0,6.5,1.0,2,1,0,2
VTA-0000422,YAPE,6.0,VTA-0000422,4,2,1,3.0,0.0,1.5,0.5,1,-1,1,1
VTA-0000423,EFECTIVO,1.0,VTA-0000423,1,1,1,1.0,0.0,1.0,1.0,0,1,0,0
VTA-0000424,EFECTIVO,0.5,VTA-0000424,1,1,1,0.5,0.0,0.5,1.0,0,1,0,0
VTA-0000425,EFECTIVO,2.0,VTA-0000425,1,1,1,2.0,0.0,2.0,1.0,0,1,0,0
VTA-0000426,YAPE,3.0,VTA-0000426,1,1,1,3.0,0.0,3.0,1.0,0,1,0,0
VTA-0000427,EFECTIVO,1.2,VTA-0000427,1,1,1,1.2,0.0,1.2,1.0,0,1,0,0
VTA-0000428,EFECTIVO,4.0,VTA-0000428,1,1,1,4.0,0.0,4.0,1.0,0,1,0,0
VTA-0000429,EFECTIVO,2.0,VTA-0000429,1,1,1,2.0,0.0,2.0,1.0,0,1,0,0
VTA-0000430,EFECTIVO,3.0,VTA-0000430,1,1,1,3.0,0.0,3.0,1.0,0,1,0,0
VTA-0000431,EFECTIVO,1.0,VTA-0000431,1,1,1,1.0,0.0,1.0,1.0,0,1,0,0
VTA-0000432,EFECTIVO,1.0,VTA-0000432,1,1,1,1.0,0.0,1.0,1.0,0,1,0,0
VTA-0000433,EFECTIVO,6.0,VTA-0000433,2,1,1,6.0,0.0,3.0,0.5,2,0,2,2
VTA-0000435,EFECTIVO,0.5,VTA-0000435,1,1,1,0.5,0.0,0.5,1.0,0,1,0,0
VTA-0000436,YAPE,1.5,VTA-0000436,1,1,1,1.5,0.0,1.5,1.0,0,1,0,0
VTA-0000437,YAPE,2.0,VTA-0000437,2,1,1,2.0,0.0,1.0,0.5,0,0,0,0
VTA-0000440,YAPE,9.0,VTA-0000440,1,1,1,9.0,0.0,9.0,1.0,2,1,0,2
VTA-0000442,EFECTIVO,1.2,VTA-0000442,1,1,1,1.2,0.0,1.2,1.0,0,1,0,0
VTA-0000443,EFECTIVO,1.0,VTA-0000443,10,1,1,1.0,0.0,0.1,0.1,1,0,1,1
VTA-0000444,EFECTIVO,0.5,VTA-0000444,1,1,1,0.5,0.0,0.5,1.0,0,1,0,0
VTA-0000445,YAPE,3.0,VTA-0000445,1,1,1,3.0,0.0,3.0,1.0,0,1,0,0
VTA-0000446,YAPE,4.5,VTA-0000446,2,2,1,4.0,2.4748737341529163,2.25,1.0,2,-1,2,2
VTA-0000447,EFECTIVO,0.5,VTA-0000447,1,1,1,0.5,0.0,0.5,1.0,0,1,0,0
VTA-0000448,EFECTIVO,3.0,VTA-0000448,1,1,1,3.0,0.0,3.0,1.0,0,1,0,0
VTA-0000449,EFECTIVO,0.5,VTA-0000449,1,1,1,0.5,0.0,0.5,1.0,0,1,0,0
VTA-0000450,EFECTIVO,2.0,VTA-0000450,1,1,1,2.0,0.0,2.0,1.0,0,1,0,0
VTA-0000452,YAPE,4.0,VTA-0000452,1,1,1,4.0,0.0,4.0,1.0,0,1,0,0
VTA-0000453,EFECTIVO,6.0,VTA-0000453,2,1,1,6.0,0.0,3.0,0.5,2,0,2,2
VTA-0000454,EFECTIVO,2.0,VTA-0000454,2,1,1,2.0,0.0,1.0,0.5,0,0,0,0
VTA-0000456,YAPE,8.0,VTA-0000456,1,1,1,8.0,0.0,8.0,1.0,2,1,0,2
VTA-0000457,YAPE,2.0,VTA-0000457,1,1,1,2.0,0.0,2.0,1.0,0,1,0,0
VTA-0000458,EFECTIVO,4.0,VTA-0000458,2,1,1,4.0,0.0,2.0,0.5,0,0,0,0
VTA-0000459,EFECTIVO,1.0,VTA-0000459,1,1,1,1.0,0.0,1.0,1.0,0,1,0,0
VTA-0000460,YAPE,0.2,VTA-0000460,2,1,1,0.2,0.0,0.1,0.5,0,0,0,0
VTA-0000461,EFECTIVO,6.0,VTA-0000461,2,2,1,3.0,0.0,3.0,1.0,0,2,2,0
VTA-0000462,YAPE,1.0,VTA-0000462,1,1,1,1.0,0.0,1.0,1.0,0,1,0,0
VTA-0000463,YAPE,1.0,VTA-0000463,1,1,1,1.0,0.0,1.0,1.0,0,1,0,0
VTA-0000466,EFECTIVO,1.0,VTA-0000466,1,1,1,1.0,0.0,1.0,1.0,0,1,0,0
VTA-0000467,YAPE,8.0,VTA-0000467,2,1,1,8.0,0.0,4.0,0.5,2,0,2,2
VTA-0000468,EFECTIVO,2.0,VTA-0000468,1,1,1,2.0,0.0,2.0,1.0,0,1,0,0
VTA-0000469,EFECTIVO,4.0,VTA-0000469,1,1,1,4.0,0.0,4.0,1.0,0,1,0,0
VTA-0000470,YAPE,2.5,VTA-0000470,1,1,1,2.5,0.0,2.5,1.0,0,1,0,0
VTA-0000471,YAPE,2.0,VTA-0000471,4,1,1,2.0,0.0,0.5,0.25,1,0,1,1
VTA-0000472,EFECTIVO,2.0,VTA-0000472,2,2,1,1.0,0.0,1.0,1.0,0,2,2,0
VTA-0000473,EFECTIVO,2.0,VTA-0000473,2,2,1,1.0,0.0,1.0,1.0,0,2,2,0
VTA-0000474,EFECTIVO,1.0,VTA-0000474,1,1,1,1.0,0.0,1.0,1.0,0,1,0,0
VTA-0000475,EFECTIVO,0.5,VTA-0000475,1,1,1,0.5,0.0,0.5,1.0,0,1,0,0
VTA-0000476,EFECTIVO,3.0,VTA-0000476,1,1,1,3.0,0.0,3.0,1.0,0,1,0,0
VTA-0000477,EFECTIVO,3.0,VTA-0000477,1,1,1,3.0,0.0,3.0,1.0,0,1,0,0
VTA-0000480,EFECTIVO,1.2,VTA-0000480,2,1,1,1.2,0.0,0.6,0.5,0,0,0,0
VTA-0000481,EFECTIVO,1.0,VTA-0000481,1,1,1,1.0,0.0,1.0,1.0,0,1,0,0
VTA-0000482,EFECTIVO,6.5,VTA-0000482,2,2,1,5.5,3.181980515339464,3.25,1.0,2,-1,2,2
VTA-0000483,EFECTIVO,3.0,VTA-0000483,2,2,1,2.0,0.7071067811865476,1.5,1.0,0,2,2,0
VTA-0000484,EFECTIVO,3.0,VTA-0000484,1,1,1,3.0,0.0,3.0,1.0,0,1,0,0
VTA-0000485,EFECTIVO,0.6,VTA-0000485,1,1,1,0.6,0.0,0.6,1.0,0,1,0,0
VTA-0000486,EFECTIVO,3.0,VTA-0000486,1,1,1,3.0,0.0,3.0,1.0,0,1,0,0
VTA-0000489,YAPE,2.0,VTA-0000489,2,1,1,2.0,0.0,1.0,0.5,0,0,0,0
VTA-0000490,EFECTIVO,4.0,VTA-0000490,2,1,1,4.0,0.0,2.0,0.5,0,0,0,0
VTA-0000491,YAPE,1.5,VTA-0000491,3,1,1,1.5,0.0,0.5,0.3333333333333333,1,0,1,1
VTA-0000492,EFECTIVO,3.0,VTA-0000492,1,1,1,3.0,0.0,3.0,1.0,0,1,0,0
VTA-0000493,EFECTIVO,8.6,VTA-0000493,2,2,1,8.0,5.232590180780452,4.3,1.0,2,-1,2,2
VTA-0000494,EFECTIVO,4.0,VTA-0000494,2,1,1,4.0,0.0,2.0,0.5,0,0,0,0
VTA-0000495,EFECTIVO,3.0,VTA-0000495,1,1,1,3.0,0.0,3.0,1.0,0,1,0,0
VTA-0000496,YAPE,8.0,VTA-0000496,1,1,1,8.0,0.0,8.0,1.0,2,1,0,2
VTA-0000497,YAPE,2.5,VTA-0000497,1,1,1,2.5,0.0,2.5,1.0,0,1,0,0
VTA-0000498,EFECTIVO,2.5,VTA-0000498,1,1,1,2.5,0.0,2.5,1.0,0,1,0,0
VTA-0000499,EFECTIVO,5.0,VTA-0000499,1,1,1,5.0,0.0,5.0,1.0,2,1,0,2
VTA-0000501,EFECTIVO,2.4,VTA-0000501,4,1,1,2.4,0.0,0.6,0.25,1,0,1,1
VTA-0000503,EFECTIVO,5.0,VTA-0000503,1,1,1,5.0,0.0,5.0,1.0,2,1,0,2
VTA-0000504,YAPE,4.0,VTA-0000504,2,2,1,3.0,1.4142135623730951,2.0,1.0,0,2,2,0
VTA-0000505,YAPE,3.0,VTA-0000505,1,1,1,3.0,0.0,3.0,1.0,0,1,0,0
VTA-0000507,YAPE,9.0,VTA-0000507,2,2,1,8.0,4.949747468305833,4.5,1.0,2,-1,2,2
VTA-0000509,EFECTIVO,1.8,VTA-0000509,3,1,1,1.8,0.0,0.6,0.3333333333333333,1,0,1,1
VTA-0000512,EFECTIVO,9.0,VTA-0000512,3,1,1,9.0,0.0,3.0,0.3333333333333333,2,-1,2,2
VTA-0000513,YAPE,1.5,VTA-0000513,1,1,1,1.5,0.0,1.5,1.0,0,1,0,0
VTA-0000514,YAPE,0.5,VTA-0000514,1,1,1,0.5,0.0,0.5,1.0,0,1,0,0
VTA-0000515,EFECTIVO,1.0,VTA-0000515,1,1,1,1.0,0.0,1.0,1.0,0,1,0,0
VTA-0000516,EFECTIVO,3.0,VTA-0000516,1,1,1,3.0,0.0,3.0,1.0,0,1,0,0
VTA-0000518,YAPE,0.1,VTA-0000518,1,1,1,0.1,0.0,0.1,1.0,0,1,0,0
VTA-0000519,YAPE,6.0,VTA-0000519,1,1,1,6.0,0.0,6.0,1.0,2,1,0,2
VTA-0000520,EFECTIVO,9.0,VTA-0000520,1,1,1,9.0,0.0,9.0,1.0,2,1,0,2
VTA-0000521,EFECTIVO,2.0,VTA-0000521,1,1,1,2.0,0.0,2.0,1.0,0,1,0,0
VTA-0000523,YAPE,6.0,VTA-0000523,2,2,1,3.0,0.0,3.0,1.0,0,2,2,0
VTA-0000524,EFECTIVO,3.0,VTA-0000524,1,1,1,3.0,0.0,3.0,1.0,0,1,0,0
VTA-0000525,YAPE,4.0,VTA-0000525,2,2,1,2.0,0.0,2.0,1.0,0,2,2,0
VTA-0000526,YAPE,1.0,VTA-0000526,10,1,1,1.0,0.0,0.1,0.1,1,0,1,1
VTA-0000527,EFECTIVO,0.1,VTA-0000527,1,1,1,0.1,0.0,0.1,1.0,0,1,0,0
VTA-0000528,EFECTIVO,1.0,VTA-0000528,1,1,1,1.0,0.0,1.0,1.0,0,1,0,0
VTA-0000529,EFECTIVO,0.1,VTA-0000529,1,1,1,0.1,0.0,0.1,1.0,0,1,0,0
VTA-0000530,EFECTIVO,3.0,VTA-0000530,2,2,1,2.0,0.7071067811865476,1.5,1.0,0,2,2,0
VTA-0000531,EFECTIVO,1.0,VTA-0000531,1,1,1,1.0,0.0,1.0,1.0,0,1,0,0
VTA-0000532,YAPE,0.1,VTA-0000532,1,1,1,0.1,0.0,0.1,1.0,0,1,0,0
VTA-0000533,EFECTIVO,1.0,VTA-0000533,1,1,1,1.0,0.0,1.0,1.0,0,1,0,0
VTA-0000534,EFECTIVO,1.0,VTA-0000534,1,1,1,1.0,0.0,1.0,1.0,0,1,0,0
VTA-0000535,EFECTIVO,1.0,VTA-0000535,1,1,1,1.0,0.0,1.0,1.0,0,1,0,0
VTA-0000536,YAPE,2.5,VTA-0000536,1,1,1,2.5,0.0,2.5,1.0,0,1,0,0
VTA-0000537,YAPE,3.0,VTA-0000537,1,1,1,3.0,0.0,3.0,1.0,0,1,0,0
VTA-0000538,EFECTIVO,1.5,VTA-0000538,1,1,1,1.5,0.0,1.5,1.0,0,1,0,0
VTA-0000539,EFECTIVO,5.0,VTA-0000539,2,1,1,5.0,0.0,2.5,0.5,2,0,0,2
VTA-0000540,EFECTIVO,8.0,VTA-0000540,1,1,1,8.0,0.0,8.0,1.0,2,1,0,2
VTA-0000541,EFECTIVO,7.0,VTA-0000541,14,1,1,7.0,0.0,0.5,0.07142857142857142,1,-1,1,1
VTA-0000542,YAPE,1.0,VTA-0000542,1,1,1,1.0,0.0,1.0,1.0,0,1,0,0
VTA-0000543,EFECTIVO,2.0,VTA-0000543,2,1,1,2.0,0.0,1.0,0.5,0,0,0,0
VTA-0000544,EFECTIVO,0.7,VTA-0000544,7,1,1,0.7,0.0,0.09999999999999999,0.14285714285714285,1,0,1,1
VTA-0000546,YAPE,5.0,VTA-0000546,1,1,1,5.0,0.0,5.0,1.0,2,1,0,2
VTA-0000547,YAPE,1.0,VTA-0000547,1,1,1,1.0,0.0,1.0,1.0,0,1,0,0
VTA-0000548,EFECTIVO,5.0,VTA-0000548,1,1,1,5.0,0.0,5.0,1.0,2,1,0,2
VTA-0000549,EFECTIVO,1.0,VTA-0000549,1,1,1,1.0,0.0,1.0,1.0,0,1,0,0
VTA-0000550,EFECTIVO,1.0,VTA-0000550,1,1,1,1.0,0.0,1.0,1.0,0,1,0,0
VTA-0000551,EFECTIVO,2.5,VTA-0000551,1,1,1,2.5,0.0,2.5,1.0,0,1,0,0
VTA-0000552,EFECTIVO,1.0,VTA-0000552,1,1,1,1.0,0.0,1.0,1.0,0,1,0,0
VTA-0000553,EFECTIVO,1.0,VTA-0000553,1,1,1,1.0,0.0,1.0,1.0,0,1,0,0
VTA-0000554,YAPE,2.0,VTA-0000554,2,1,1,2.0,0.0,1.0,0.5,0,0,0,0
VTA-0000555,YAPE,7.0,VTA-0000555,1,1,1,7.0,0.0,7.0,1.0,2,1,0,2
VTA-0000556,EFECTIVO,1.0,VTA-0000556,12,1,1,1.0,0.0,0.08333333333333333,0.08333333333333333,1,0,1,1
VTA-0000557,EFECTIVO,2.0,VTA-0000557,1,1,1,2.0,0.0,2.0,1.0,0,1,0,0
VTA-0000558,EFECTIVO,8.0,VTA-0000558,2,2,1,6.5,3.5355339059327378,4.0,1.0,2,-1,2,2
VTA-0000559,EFECTIVO,1.0,VTA-0000559,1,1,1,1.0,0.0,1.0,1.0,0,1,0,0
VTA-0000560,EFECTIVO,1.5,VTA-0000560,3,1,1,1.5,0.0,0.5,0.3333333333333333,1,0,1,1
VTA-0000561,EFECTIVO,1.0,VTA-0000561,1,1,1,1.0,0.0,1.0,1.0,0,1,0,0
VTA-0000562,EFECTIVO,0.5,VTA-0000562,1,1,1,0.5,0.0,0.5,1.0,0,1,0,0
VTA-0000563,EFECTIVO,1.0,VTA-0000563,1,1,1,1.0,0.0,1.0,1.0,0,1,0,0
VTA-0000564,EFECTIVO,1.0,VTA-0000564,1,1,1,1.0,0.0,1.0,1.0,0,1,0,0
VTA-0000565,YAPE,3.0,VTA-0000565,1,1,1,3.0,0.0,3.0,1.0,0,1,0,0
VTA-0000566,YAPE,6.0,VTA-0000566,2,1,1,6.0,0.0,3.0,0.5,2,0,2,2
VTA-0000567,YAPE,3.0,VTA-0000567,1,1,1,3.0,0.0,3.0,1.0,0,1,0,0
VTA-0000568,EFECTIVO,3.0,VTA-0000568,1,1,1,3.0,0.0,3.0,1.0,0,1,0,0
VTA-0000569,EFECTIVO,6.5,VTA-0000569,1,1,1,6.5,0.0,6.5,1.0,2,1,0,2
VTA-0000570,EFECTIVO,7.0,VTA-0000570,4,1,1,7.0,0.0,1.75,0.25,2,0,2,2
VTA-0000571,EFECTIVO,2.5,VTA-0000571,1,1,1,2.5,0.0,2.5,1.0,0,1,0,0
VTA-0000572,EFECTIVO,9.0,VTA-0000572,1,1,1,9.0,0.0,9.0,1.0,2,1,0,2
VTA-0000573,EFECTIVO,7.5,VTA-0000573,5,4,1,3.6,1.2257650672131264,1.5,0.8,1,-1,1,1
VTA-0000574,YAPE,1.0,VTA-0000574,1,1,1,1.0,0.0,1.0,1.0,0,1,0,0
VTA-0000576,EFECTIVO,1.0,VTA-0000576,12,1,1,1.0,0.0,0.08333333333333333,0.08333333333333333,1,0,1,1
VTA-0000578,EFECTIVO,0.5,VTA-0000578,1,1,1,0.5,0.0,0.5,1.0,0,1,0,0
VTA-0000579,EFECTIVO,0.5,VTA-0000579,1,1,1,0.5,0.0,0.5,1.0,0,1,0,0
VTA-0000580,YAPE,5.0,VTA-0000580,1,1,1,5.0,0.0,5.0,1.0,2,1,0,2
VTA-0000581,EFECTIVO,1.0,VTA-0000581,5,1,1,1.0,0.0,0.2,0.2,1,0,1,1
VTA-0000582,YAPE,1.0,VTA-0000582,2,1,1,1.0,0.0,0.5,0.5,0,0,0,0
VTA-0000583,YAPE,5.0,VTA-0000583,2,2,1,2.5,0.0,2.5,1.0,0,2,2,0
VTA-0000584,EFECTIVO,2.0,VTA-0000584,2,2,1,1.0,0.0,1.0,1.0,0,2,2,0
VTA-0000585,EFECTIVO,9.0,VTA-0000585,1,1,1,9.0,0.0,9.0,1.0,2,1,0,2
VTA-0000586,EFECTIVO,1.0,VTA-0000586,1,1,1,1.0,0.0,1.0,1.0,0,1,0,0
VTA-0000587,YAPE,3.0,VTA-0000587,1,1,1,3.0,0.0,3.0,1.0,0,1,0,0
VTA-0000588,EFECTIVO,3.0,VTA-0000588,1,1,1,3.0,0.0,3.0,1.0,0,1,0,0
VTA-0000589,YAPE,3.5,VTA-0000589,2,2,1,2.5,1.0606601717798212,1.75,1.0,0,2,2,0
VTA-0000590,YAPE,3.0,VTA-0000590,2,2,1,1.5,0.0,1.5,1.0,0,2,2,0
VTA-0000591,YAPE,5.0,VTA-0000591,5,2,1,4.0,2.1213203435596424,1.0,0.4,1,-1,1,1
VTA-0000596,EFECTIVO,1.0,VTA-0000596,1,1,1,1.0,0.0,1.0,1.0,0,1,0,0
VTA-0000597,YAPE,3.0,VTA-0000597,1,1,1,3.0,0.0,3.0,1.0,0,1,0,0
VTA-0000598,EFECTIVO,3.0,VTA-0000598,1,1,1,3.0,0.0,3.0,1.0,0,1,0,0
VTA-0000599,YAPE,4.0,VTA-0000599,2,2,1,2.0,0.0,2.0,1.0,0,2,2,0
VTA-0000602,YAPE,2.5,VTA-0000602,1,1,1,2.5,0.0,2.5,1.0,0,1,0,0
VTA-0000603,EFECTIVO,2.0,VTA-0000603,9,3,1,1.0,0.3055050463303894,0.2222222222222222,0.3333333333333333,1,-1,1,1
VTA-0000604,YAPE,1.6,VTA-0000604,5,2,1,1.0,0.28284271247461906,0.32,0.4,1,2,1,1
VTA-0000605,EFECTIVO,1.0,VTA-0000605,1,1,1,1.0,0.0,1.0,1.0,0,1,0,0
VTA-0000606,YAPE,1.5,VTA-0000606,1,1,1,1.5,0.0,1.5,1.0,0,1,0,0
VTA-0000607,YAPE,0.9,VTA-0000607,6,2,1,0.6,0.21213203435596423,0.15,0.3333333333333333,1,2,1,1
VTA-0000608,EFECTIVO,1.0,VTA-0000608,1,1,1,1.0,0.0,1.0,1.0,0,1,0,0
VTA-0000609,EFECTIVO,1.0,VTA-0000609,1,1,1,1.0,0.0,1.0,1.0,0,1,0,0
VTA-0000610,EFECTIVO,6.5,VTA-0000610,1,1,1,6.5,0.0,6.5,1.0,2,1,0,2
VTA-0000614,YAPE,1.0,VTA-0000614,1,1,1,1.0,0.0,1.0,1.0,0,1,0,0
VTA-0000617,YAPE,2.5,VTA-0000617,1,1,1,2.5,0.0,2.5,1.0,0,1,0,0
VTA-0000618,EFECTIVO,1.0,VTA-0000618,12,1,1,1.0,0.0,0.08333333333333333,0.08333333333333333,1,0,1,1
VTA-0000619,EFECTIVO,6.0,VTA-0000619,6,1,1,6.0,0.0,1.0,0.16666666666666666,1,0,1,1
VTA-0000620,EFECTIVO,0.1,VTA-0000620,1,1,1,0.1,0.0,0.1,1.0,0,1,0,0
VTA-0000621,EFECTIVO,0.5,VTA-0000621,1,1,1,0.5,0.0,0.5,1.0,0,1,0,0
VTA-0000622,YAPE,4.5,VTA-0000622,3,3,1,1.5,0.0,1.5,1.0,0,-1,1,0
VTA-0000623,YAPE,2.0,VTA-0000623,1,1,1,2.0,0.0,2.0,1.0,0,1,0,0
VTA-0000624,YAPE,1.5,VTA-0000624,1,1,1,1.5,0.0,1.5,1.0,0,1,0,0
VTA-0000625,EFECTIVO,1.0,VTA-0000625,1,1,1,1.0,0.0,1.0,1.0,0,1,0,0
VTA-0000627,YAPE,1.0,VTA-0000627,1,1,1,1.0,0.0,1.0,1.0,0,1,0,0
VTA-0000630,EFECTIVO,2.5,VTA-0000630,3,3,1,1.0,0.28867513459481287,0.8333333333333334,1.0,0,-1,1,0
VTA-0000631,EFECTIVO,2.0,VTA-0000631,1,1,1,2.0,0.0,2.0,1.0,0,1,0,0
VTA-0000633,YAPE,5.5,VTA-0000633,1,1,1,5.5,0.0,5.5,1.0,2,1,0,2
VTA-0000635,EFECTIVO,1.0,VTA-0000635,1,1,1,1.0,0.0,1.0,1.0,0,1,0,0
VTA-0000638,YAPE,6.5,VTA-0000638,1,1,1,6.5,0.0,6.5,1.0,2,1,0,2
VTA-0000640,EFECTIVO,1.0,VTA-0000640,1,1,1,1.0,0.0,1.0,1.0,0,1,0,0
VTA-0000641,EFECTIVO,1.0,VTA-0000641,1,1,1,1.0,0.0,1.0,1.0,0,1,0,0
VTA-0000642,EFECTIVO,1.0,VTA-0000642,2,1,1,1.0,0.0,0.5,0.5,0,0,0,0
VTA-0000643,EFECTIVO,2.5,VTA-0000643,1,1,1,2.5,0.0,2.5,1.0,0,1,0,0
VTA-0000644,YAPE,2.5,VTA-0000644,1,1,1,2.5,0.0,2.5,1.0,0,1,0,0
VTA-0000645,EFECTIVO,4.0,VTA-0000645,4,4,1,1.0,0.0,1.0,1.0,1,-1,1,1
VTA-0000646,EFECTIVO,6.0,VTA-0000646,1,1,1,6.0,0.0,6.0,1.0,2,1,0,2
VTA-0000648,EFECTIVO,1.5,VTA-0000648,15,1,1,1.5,0.0,0.1,0.06666666666666667,1,0,1,1
VTA-0000649,EFECTIVO,1.0,VTA-0000649,5,3,1,0.4,0.11547005383792516,0.2,0.6,1,-1,1,1
VTA-0000650,YAPE,4.0,VTA-0000650,1,1,1,4.0,0.0,4.0,1.0,0,1,0,0
VTA-0000651,EFECTIVO,1.0,VTA-0000651,1,1,1,1.0,0.0,1.0,1.0,0,1,0,0
VTA-0000652,EFECTIVO,3.0,VTA-0000652,1,1,1,3.0,0.0,3.0,1.0,0,1,0,0
VTA-0000653,EFECTIVO,6.5,VTA-0000653,1,1,1,6.5,0.0,6.5,1.0,2,1,0,2
VTA-0000654,EFECTIVO,6.5,VTA-0000654,1,1,1,6.5,0.0,6.5,1.0,2,1,0,2
VTA-0000655,EFECTIVO,1.0,VTA-0000655,2,1,1,1.0,0.0,0.5,0.5,0,0,0,0
VTA-0000656,EFECTIVO,0.6,VTA-0000656,3,1,1,0.6,0.0,0.19999999999999998,0.3333333333333333,1,0,1,1
VTA-0000657,YAPE,4.0,VTA-0000657,1,1,1,4.0,0.0,4.0,1.0,0,1,0,0
VTA-0000658,EFECTIVO,2.0,VTA-0000658,2,1,1,2.0,0.0,1.0,0.5,0,0,0,0
VTA-0000659,EFECTIVO,9.5,VTA-0000659,6,4,1,3.0,0.75,1.5833333333333333,0.6666666666666666,1,-1,1,1
VTA-0000660,YAPE,3.0,VTA-0000660,1,1,1,3.0,0.0,3.0,1.0,0,1,0,0
VTA-0000662,EFECTIVO,2.0,VTA-0000662,2,1,1,2.0,0.0,1.0,0.5,0,0,0,0
VTA-0000663,YAPE,2.0,VTA-0000663,1,1,1,2.0,0.0,2.0,1.0,0,1,0,0
VTA-0000664,EFECTIVO,1.5,VTA-0000664,1,1,1,1.5,0.0,1.5,1.0,0,1,0,0
VTA-0000665,EFECTIVO,1.5,VTA-0000665,1,1,1,1.5,0.0,1.5,1.0,0,1,0,0
VTA-0000666,EFECTIVO,2.0,VTA-0000666,1,1,1,2.0,0.0,2.0,1.0,0,1,0,0
VTA-0000667,EFECTIVO,1.0,VTA-0000667,1,1,1,1.0,0.0,1.0,1.0,0,1,0,0
VTA-0000668,YAPE,1.5,VTA-0000668,1,1,1,1.5,0.0,1.5,1.0,0,1,0,0
VTA-0000670,YAPE,1.0,VTA-0000670,1,1,1,1.0,0.0,1.0,1.0,0,1,0,0
VTA-0000671,EFECTIVO,1.5,VTA-0000671,1,1,1,1.5,0.0,1.5,1.0,0,1,0,0
VTA-0000672,EFECTIVO,0.7,VTA-0000672,9,1,1,0.7,0.0,0.07777777777777778,0.1111111111111111,1,0,1,1
VTA-0000673,EFECTIVO,0.5,VTA-0000673,5,1,1,0.5,0.0,0.1,0.2,1,0,1,1
VTA-0000674,EFECTIVO,1.5,VTA-0000674,1,1,1,1.5,0.0,1.5,1.0,0,1,0,0
VTA-0000677,YAPE,8.0,VTA-0000677,4,1,1,8.0,0.0,2.0,0.25,2,0,2,2
VTA-0000680,EFECTIVO,3.0,VTA-0000680,1,1,1,3.0,0.0,3.0,1.0,0,1,0,0
VTA-0000681,EFECTIVO,3.0,VTA-0000681,1,1,1,3.0,0.0,3.0,1.0,0,1,0,0
VTA-0000682,YAPE,4.5,VTA-0000682,3,3,1,1.5,0.0,1.5,1.0,0,-1,1,0
VTA-0000683,EFECTIVO,6.8,VTA-0000683,4,4,1,2.3,0.3999999999999999,1.7,1.0,1,-1,1,1
VTA-0000684,EFECTIVO,0.2,VTA-0000684,2,1,1,0.2,0.0,0.1,0.5,0,0,0,0
VTA-0000686,EFECTIVO,1.5,VTA-0000686,1,1,1,1.5,0.0,1.5,1.0,0,1,0,0
VTA-0000688,YAPE,0.7,VTA-0000688,3,2,1,0.5,0.21213203435596423,0.2333333333333333,0.6666666666666666,0,2,1,0
VTA-0000689,EFECTIVO,3.0,VTA-0000689,1,1,1,3.0,0.0,3.0,1.0,0,1,0,0
VTA-0000690,YAPE,3.0,VTA-0000690,1,1,1,3.0,0.0,3.0,1.0,0,1,0,0
VTA-0000691,YAPE,3.0,VTA-0000691,1,1,1,3.0,0.0,3.0,1.0,0,1,0,0
VTA-0000692,EFECTIVO,8.7,VTA-0000692,4,3,1,8.0,4.419275958796871,2.175,0.75,2,-1,2,2
VTA-0000693,EFECTIVO,4.0,VTA-0000693,3,3,1,2.0,0.7637626158259734,1.3333333333333333,1.0,0,-1,1,0
VTA-0000694,EFECTIVO,1.0,VTA-0000694,1,1,1,1.0,0.0,1.0,1.0,0,1,0,0
VTA-0000697,EFECTIVO,8.0,VTA-0000697,8,1,1,8.0,0.0,1.0,0.125,1,-1,1,1
VTA-0000698,YAPE,2.5,VTA-0000698,3,2,1,2.0,1.0606601717798212,0.8333333333333334,0.6666666666666666,1,2,1,1
VTA-0000699,EFECTIVO,6.6,VTA-0000699,12,2,1,6.0,3.8183766184073566,0.5499999999999999,0.16666666666666666,1,-1,1,1
VTA-0000700,EFECTIVO,3.0,VTA-0000700,3,2,1,2.0,0.7071067811865476,1.0,0.6666666666666666,1,2,1,1
VTA-0000701,YAPE,7.0,VTA-0000701,1,1,1,7.0,0.0,7.0,1.0,2,1,0,2
VTA-0000702,EFECTIVO,3.0,VTA-0000702,1,1,1,3.0,0.0,3.0,1.0,0,1,0,0
VTA-0000703,YAPE,1.5,VTA-0000703,1,1,1,1.5,0.0,1.5,1.0,0,1,0,0
VTA-0000704,YAPE,2.0,VTA-0000704,1,1,1,2.0,0.0,2.0,1.0,0,1,0,0
VTA-0000705,EFECTIVO,4.5,VTA-0000705,3,3,1,1.5,0.0,1.5,1.0,0,-1,1,0
VTA-0000706,EFECTIVO,5.5,VTA-0000706,2,2,1,5.0,3.181980515339464,2.75,1.0,2,-1,2,2
VTA-0000707,YAPE,6.8,VTA-0000707,7,5,1,2.0,0.6308724118235001,0.9714285714285714,0.7142857142857143,1,-1,1,1
VTA-0000708,EFECTIVO,4.5,VTA-0000708,3,3,1,1.5,0.0,1.5,1.0,0,-1,1,0
VTA-0000711,EFECTIVO,7.5,VTA-0000711,1,1,1,7.5,0.0,7.5,1.0,2,1,0,2
VTA-0000713,EFECTIVO,0.5,VTA-0000713,1,1,1,0.5,0.0,0.5,1.0,0,1,0,0
VTA-0000714,EFECTIVO,1.0,VTA-0000714,1,1,1,1.0,0.0,1.0,1.0,0,1,0,0
VTA-0000715,YAPE,1.0,VTA-0000715,6,2,1,0.5,0.0,0.16666666666666666,0.3333333333333333,1,2,1,1
VTA-0000716,YAPE,0.5,VTA-0000716,1,1,1,0.5,0.0,0.5,1.0,0,1,0,0
VTA-0000717,EFECTIVO,4.0,VTA-0000717,1,1,1,4.0,0.0,4.0,1.0,0,1,0,0
VTA-0000718,EFECTIVO,3.0,VTA-0000718,3,2,1,2.0,0.7071067811865476,1.0,0.6666666666666666,1,2,1,1
VTA-0000719,EFECTIVO,0.2,VTA-0000719,2,1,1,0.2,0.0,0.1,0.5,0,0,0,0
VTA-0000722,EFECTIVO,2.0,VTA-0000722,2,1,1,2.0,0.0,1.0,0.5,0,0,0,0
VTA-0000723,EFECTIVO,0.3,VTA-0000723,3,1,1,0.3,0.0,0.09999999999999999,0.3333333333333333,1,0,1,1
VTA-0000724,EFECTIVO,1.5,VTA-0000724,1,1,1,1.5,0.0,1.5,1.0,0,1,0,0
VTA-0000725,EFECTIVO,7.0,VTA-0000725,1,1,1,7.0,0.0,7.0,1.0,2,1,0,2
VTA-0000726,EFECTIVO,2.0,VTA-0000726,1,1,1,2.0,0.0,2.0,1.0,0,1,0,0
VTA-0000728,YAPE,4.0,VTA-0000728,1,1,1,4.0,0.0,4.0,1.0,0,1,0,0
VTA-0000729,EFECTIVO,0.5,VTA-0000729,1,1,1,0.5,0.0,0.5,1.0,0,1,0,0
VTA-0000730,EFECTIVO,2.0,VTA-0000730,1,1,1,2.0,0.0,2.0,1.0,0,1,0,0
VTA-0000731,YAPE,4.0,VTA-0000731,1,1,1,4.0,0.0,4.0,1.0,0,1,0,0
VTA-0000732,EFECTIVO,1.3,VTA-0000732,13,1,1,1.3,0.0,0.1,0.07692307692307693,1,0,1,1
VTA-0000733,EFECTIVO,4.0,VTA-0000733,1,1,1,4.0,0.0,4.0,1.0,0,1,0,0
VTA-0000735,YAPE,3.0,VTA-0000735,1,1,1,3.0,0.0,3.0,1.0,0,1,0,0
VTA-0000736,YAPE,3.0,VTA-0000736,1,1,1,3.0,0.0,3.0,1.0,0,1,0,0
VTA-0000737,YAPE,3.0,VTA-0000737,1,1,1,3.0,0.0,3.0,1.0,0,1,0,0
VTA-0000738,YAPE,3.0,VTA-0000738,1,1,1,3.0,0.0,3.0,1.0,0,1,0,0
VTA-0000739,EFECTIVO,2.0,VTA-0000739,1,1,1,2.0,0.0,2.0,1.0,0,1,0,0
VTA-0000741,EFECTIVO,1.6,VTA-0000741,2,2,1,1.0,0.282842712474619,0.8,1.0,0,2,2,0
VTA-0000742,EFECTIVO,0.6,VTA-0000742,1,1,1,0.6,0.0,0.6,1.0,0,1,0,0
VTA-0000743,YAPE,3.0,VTA-0000743,1,1,1,3.0,0.0,3.0,1.0,0,1,0,0
VTA-0000744,YAPE,6.5,VTA-0000744,1,1,1,6.5,0.0,6.5,1.0,2,1,0,2
VTA-0000746,EFECTIVO,0.8,VTA-0000746,1,1,1,0.8,0.0,0.8,1.0,0,1,0,0
VTA-0000747,EFECTIVO,3.0,VTA-0000747,1,1,1,3.0,0.0,3.0,1.0,0,1,0,0
VTA-0000749,EFECTIVO,1.5,VTA-0000749,1,1,1,1.5,0.0,1.5,1.0,0,1,0,0
VTA-0000750,EFECTIVO,2.0,VTA-0000750,1,1,1,2.0,0.0,2.0,1.0,0,1,0,0
VTA-0000751,EFECTIVO,4.5,VTA-0000751,7,2,1,3.0,1.0606601717798212,0.6428571428571429,0.2857142857142857,1,2,1,1
VTA-0000752,YAPE,3.0,VTA-0000752,1,1,1,3.0,0.0,3.0,1.0,0,1,0,0
VTA-0000753,EFECTIVO,3.0,VTA-0000753,1,1,1,3.0,0.0,3.0,1.0,0,1,0,0
VTA-0000754,EFECTIVO,3.0,VTA-0000754,1,1,1,3.0,0.0,3.0,1.0,0,1,0,0
VTA-0000755,YAPE,1.0,VTA-0000755,1,1,1,1.0,0.0,1.0,1.0,0,1,0,0
VTA-0000756,YAPE,4.0,VTA-0000756,1,1,1,4.0,0.0,4.0,1.0,0,1,0,0
VTA-0000757,YAPE,8.5,VTA-0000757,2,2,1,6.5,3.181980515339464,4.25,1.0,2,-1,2,2
VTA-0000758,YAPE,3.5,VTA-0000758,1,1,1,3.5,0.0,3.5,1.0,0,1,0,0
VTA-0000759,EFECTIVO,1.5,VTA-0000759,1,1,1,1.5,0.0,1.5,1.0,0,1,0,0
VTA-0000760,EFECTIVO,4.9,VTA-0000760,4,3,1,2.5,1.096965511460289,1.225,0.75,1,-1,1,1
VTA-0000761,EFECTIVO,2.4,VTA-0000761,12,1,1,2.4,0.0,0.19999999999999998,0.08333333333333333,1,0,1,1
VTA-0000762,EFECTIVO,2.8,VTA-0000762,5,2,1,2.0,0.8485281374238569,0.5599999999999999,0.4,1,2,1,1
VTA-0000764,EFECTIVO,6.0,VTA-0000764,3,1,1,6.0,0.0,2.0,0.3333333333333333,2,0,2,2
VTA-0000765,YAPE,10.0,VTA-0000765,5,1,1,10.0,0.0,2.0,0.2,2,-1,2,2
VTA-0000768,EFECTIVO,2.0,VTA-0000768,2,1,1,2.0,0.0,1.0,0.5,0,0,0,0
VTA-0000769,EFECTIVO,1.0,VTA-0000769,10,1,1,1.0,0.0,0.1,0.1,1,0,1,1
VTA-0000770,EFECTIVO,0.5,VTA-0000770,1,1,1,0.5,0.0,0.5,1.0,0,1,0,0
VTA-0000771,YAPE,2.4,VTA-0000771,2,1,1,2.4,0.0,1.2,0.5,0,0,0,0
VTA-0000772,EFECTIVO,6.0,VTA-0000772,1,1,1,6.0,0.0,6.0,1.0,2,1,0,2
VTA-0000773,EFECTIVO,0.6,VTA-0000773,1,1,1,0.6,0.0,0.6,1.0,0,1,0,0
VTA-0000774,EFECTIVO,5.0,VTA-0000774,1,1,1,5.0,0.0,5.0,1.0,2,1,0,2
VTA-0000775,YAPE,1.2,VTA-0000775,1,1,1,1.2,0.0,1.2,1.0,0,1,0,0
VTA-0000776,EFECTIVO,1.0,VTA-0000776,1,1,1,1.0,0.0,1.0,1.0,0,1,0,0
VTA-0000777,EFECTIVO,0.8,VTA-0000777,4,1,1,0.8,0.0,0.2,0.25,1,0,1,1
VTA-0000778,EFECTIVO,1.2,VTA-0000778,1,1,1,1.2,0.0,1.2,1.0,0,1,0,0
VTA-0000779,YAPE,2.4,VTA-0000779,2,1,1,2.4,0.0,1.2,0.5,0,0,0,0
VTA-0000780,EFECTIVO,5.0,VTA-0000780,1,1,1,5.0,0.0,5.0,1.0,2,1,0,2
VTA-0000782,EFECTIVO,4.0,VTA-0000782,2,1,1,4.0,0.0,2.0,0.5,0,0,0,0
VTA-0000783,EFECTIVO,0.5,VTA-0000783,1,1,1,0.5,0.0,0.5,1.0,0,1,0,0
VTA-0000784,EFECTIVO,1.2,VTA-0000784,1,1,1,1.2,0.0,1.2,1.0,0,1,0,0
VTA-0000785,YAPE,8.5,VTA-0000785,3,2,1,6.5,3.181980515339464,2.8333333333333335,0.6666666666666666,2,-1,2,2
VTA-0000786,EFECTIVO,0.1,VTA-0000786,1,1,1,0.1,0.0,0.1,1.0,0,1,0,0
VTA-0000787,EFECTIVO,1.5,VTA-0000787,1,1,1,1.5,0.0,1.5,1.0,0,1,0,0
VTA-0000788,EFECTIVO,8.0,VTA-0000788,2,1,1,8.0,0.0,4.0,0.5,2,0,2,2
VTA-0000789,YAPE,3.2,VTA-0000789,3,2,1,3.0,1.9798989873223332,1.0666666666666667,0.6666666666666666,1,2,1,1
VTA-0000790,YAPE,0.5,VTA-0000790,1,1,1,0.5,0.0,0.5,1.0,0,1,0,0
VTA-0000791,EFECTIVO,1.4,VTA-0000791,3,2,1,1.2,0.7071067811865475,0.4666666666666666,0.6666666666666666,1,2,1,1
VTA-0000792,YAPE,0.5,VTA-0000792,1,1,1,0.5,0.0,0.5,1.0,0,1,0,0
VTA-0000793,EFECTIVO,0.7,VTA-0000793,3,2,1,0.5,0.21213203435596428,0.2333333333333333,0.6666666666666666,0,2,1,0
VTA-0000794,EFECTIVO,0.2,VTA-0000794,2,1,1,0.2,0.0,0.1,0.5,0,0,0,0
VTA-0000795,EFECTIVO,4.0,VTA-0000795,2,2,1,2.0,0.0,2.0,1.0,0,2,2,0
VTA-0000796,EFECTIVO,2.7,VTA-0000796,4,3,1,2.0,0.9643650760992954,0.675,0.75,1,-1,1,1
VTA-0000797,EFECTIVO,1.0,VTA-0000797,1,1,1,1.0,0.0,1.0,1.0,0,1,0,0
VTA-0000798,EFECTIVO,0.2,VTA-0000798,2,1,1,0.2,0.0,0.1,0.5,0,0,0,0
VTA-0000799,YAPE,4.0,VTA-0000799,2,1,1,4.0,0.0,2.0,0.5,0,0,0,0
VTA-0000800,YAPE,5.5,VTA-0000800,1,1,1,5.5,0.0,5.5,1.0,2,1,0,2
VTA-0000802,EFECTIVO,6.0,VTA-0000802,1,1,1,6.0,0.0,6.0,1.0,2,1,0,2
VTA-0000803,EFECTIVO,3.0,VTA-0000803,1,1,1,3.0,0.0,3.0,1.0,0,1,0,0
VTA-0000804,EFECTIVO,2.0,VTA-0000804,2,2,1,1.0,0.0,1.0,1.0,0,2,2,0
VTA-0000805,YAPE,2.0,VTA-0000805,2,1,1,2.0,0.0,1.0,0.5,0,0,0,0
VTA-0000806,EFECTIVO,10.0,VTA-0000806,2,1,1,10.0,0.0,5.0,0.5,2,-1,2,2
VTA-0000809,YAPE,4.0,VTA-0000809,8,1,1,4.0,0.0,0.5,0.125,1,0,1,1
VTA-0000810,YAPE,1.5,VTA-0000810,3,1,1,1.5,0.0,0.5,0.3333333333333333,1,0,1,1
VTA-0000811,EFECTIVO,4.0,VTA-0000811,2,1,1,4.0,0.0,2.0,0.5,0,0,0,0
VTA-0000814,YAPE,5.5,VTA-0000814,1,1,1,5.5,0.0,5.5,1.0,2,1,0,2
VTA-0000815,EFECTIVO,5.0,VTA-0000815,1,1,1,5.0,0.0,5.0,1.0,2,1,0,2
VTA-0000816,EFECTIVO,5.0,VTA-0000816,1,1,1,5.0,0.0,5.0,1.0,2,1,0,2
VTA-0000817,YAPE,5.0,VTA-0000817,2,1,1,5.0,0.0,2.5,0.5,2,0,0,2
VTA-0000820,YAPE,7.0,VTA-0000820,1,1,1,7.0,0.0,7.0,1.0,2,1,0,2
VTA-0000821,EFECTIVO,1.5,VTA-0000821,1,1,1,1.5,0.0,1.5,1.0,0,1,0,0
VTA-0000822,EFECTIVO,1.0,VTA-0000822,10,1,1,1.0,0.0,0.1,0.1,1,0,1,1
VTA-0000823,EFECTIVO,8.0,VTA-0000823,4,1,1,8.0,0.0,2.0,0.25,2,0,2,2
VTA-0000824,YAPE,6.5,VTA-0000824,1,1,1,6.5,0.0,6.5,1.0,2,1,0,2
VTA-0000825,EFECTIVO,0.8,VTA-0000825,5,3,1,0.4,0.11547005383792518,0.16,0.6,1,-1,1,1
VTA-0000826,YAPE,3.0,VTA-0000826,3,2,1,2.5,1.4142135623730951,1.0,0.6666666666666666,1,2,1,1
VTA-0000827,EFECTIVO,1.0,VTA-0000827,1,1,1,1.0,0.0,1.0,1.0,0,1,0,0
VTA-0000829,YAPE,1.0,VTA-0000829,2,1,1,1.0,0.0,0.5,0.5,0,0,0,0
VTA-0000830,EFECTIVO,3.0,VTA-0000830,2,1,1,3.0,0.0,1.5,0.5,0,0,0,0
VTA-0000831,YAPE,8.0,VTA-0000831,1,1,1,8.0,0.0,8.0,1.0,2,1,0,2
VTA-0000832,YAPE,2.5,VTA-0000832,1,1,1,2.5,0.0,2.5,1.0,0,1,0,0
VTA-0000833,EFECTIVO,3.0,VTA-0000833,1,1,1,3.0,0.0,3.0,1.0,0,1,0,0
VTA-0000835,EFECTIVO,3.0,VTA-0000835,1,1,1,3.0,0.0,3.0,1.0,0,1,0,0
VTA-0000836,EFECTIVO,8.0,VTA-0000836,3,2,1,6.0,2.8284271247461903,2.6666666666666665,0.6666666666666666,2,-1,2,2
VTA-0000837,EFECTIVO,3.0,VTA-0000837,1,1,1,3.0,0.0,3.0,1.0,0,1,0,0
VTA-0000838,EFECTIVO,2.5,VTA-0000838,1,1,1,2.5,0.0,2.5,1.0,0,1,0,0
VTA-0000839,EFECTIVO,3.0,VTA-0000839,1,1,1,3.0,0.0,3.0,1.0,0,1,0,0
VTA-0000840,EFECTIVO,3.0,VTA-0000840,1,1,1,3.0,0.0,3.0,1.0,0,1,0,0
VTA-0000841,YAPE,3.0,VTA-0000841,1,1,1,3.0,0.0,3.0,1.0,0,1,0,0
VTA-0000842,YAPE,3.0,VTA-0000842,1,1,1,3.0,0.0,3.0,1.0,0,1,0,0
VTA-0000843,YAPE,5.0,VTA-0000843,1,1,1,5.0,0.0,5.0,1.0,2,1,0,2
VTA-0000844,YAPE,6.0,VTA-0000844,2,1,1,6.0,0.0,3.0,0.5,2,0,2,2
VTA-0000845,EFECTIVO,3.0,VTA-0000845,1,1,1,3.0,0.0,3.0,1.0,0,1,0,0
VTA-0000846,YAPE,3.0,VTA-0000846,1,1,1,3.0,0.0,3.0,1.0,0,1,0,0
VTA-0000847,YAPE,6.0,VTA-0000847,2,2,1,5.0,2.8284271247461903,3.0,1.0,2,-1,2,2
VTA-0000848,YAPE,3.0,VTA-0000848,1,1,1,3.0,0.0,3.0,1.0,0,1,0,0
VTA-0000849,EFECTIVO,3.0,VTA-0000849,1,1,1,3.0,0.0,3.0,1.0,0,1,0,0
VTA-0000851,EFECTIVO,1.0,VTA-0000851,10,1,1,1.0,0.0,0.1,0.1,1,0,1,1
VTA-0000852,YAPE,3.5,VTA-0000852,7,1,1,3.5,0.0,0.5,0.14285714285714285,1,0,1,1
VTA-0000854,EFECTIVO,0.6,VTA-0000854,1,1,1,0.6,0.0,0.6,1.0,0,1,0,0
VTA-0000855,EFECTIVO,1.5,VTA-0000855,6,1,1,1.5,0.0,0.25,0.16666666666666666,1,0,1,1
VTA-0000856,EFECTIVO,4.0,VTA-0000856,8,1,1,4.0,0.0,0.5,0.125,1,0,1,1
VTA-0000857,EFECTIVO,2.0,VTA-0000857,1,1,1,2.0,0.0,2.0,1.0,0,1,0,0
VTA-0000858,EFECTIVO,1.0,VTA-0000858,1,1,1,1.0,0.0,1.0,1.0,0,1,0,0
VTA-0000859,EFECTIVO,1.0,VTA-0000859,1,1,1,1.0,0.0,1.0,1.0,0,1,0,0
VTA-0000860,EFECTIVO,2.0,VTA-0000860,8,1,1,2.0,0.0,0.25,0.125,1,0,1,1
VTA-0000861,YAPE,4.0,VTA-0000861,2,2,1,3.0,1.4142135623730951,2.0,1.0,0,2,2,0
VTA-0000862,EFECTIVO,0.5,VTA-0000862,1,1,1,0.5,0.0,0.5,1.0,0,1,0,0
VTA-0000863,YAPE,0.5,VTA-0000863,1,1,1,0.5,0.0,0.5,1.0,0,1,0,0
VTA-0000864,EFECTIVO,0.5,VTA-0000864,1,1,1,0.5,0.0,0.5,1.0,0,1,0,0
VTA-0000865,EFECTIVO,0.5,VTA-0000865,1,1,1,0.5,0.0,0.5,1.0,0,1,0,0
VTA-0000866,EFECTIVO,1.0,VTA-0000866,2,1,1,1.0,0.0,0.5,0.5,0,0,0,0
VTA-0000867,YAPE,0.5,VTA-0000867,1,1,1,0.5,0.0,0.5,1.0,0,1,0,0
VTA-0000868,EFECTIVO,1.0,VTA-0000868,2,1,1,1.0,0.0,0.5,0.5,0,0,0,0
VTA-0000869,EFECTIVO,0.5,VTA-0000869,1,1,1,0.5,0.0,0.5,1.0,0,1,0,0
VTA-0000870,EFECTIVO,2.0,VTA-0000870,2,1,1,2.0,0.0,1.0,0.5,0,0,0,0
VTA-0000873,EFECTIVO,0.5,VTA-0000873,1,1,1,0.5,0.0,0.5,1.0,0,1,0,0
VTA-0000874,YAPE,5.5,VTA-0000874,1,1,1,5.5,0.0,5.5,1.0,2,1,0,2
VTA-0000875,YAPE,0.5,VTA-0000875,1,1,1,0.5,0.0,0.5,1.0,0,1,0,0
VTA-0000876,EFECTIVO,0.5,VTA-0000876,1,1,1,0.5,0.0,0.5,1.0,0,1,0,0
VTA-0000877,YAPE,8.0,VTA-0000877,1,1,1,8.0,0.0,8.0,1.0,2,1,0,2
VTA-0000878,EFECTIVO,0.5,VTA-0000878,1,1,1,0.5,0.0,0.5,1.0,0,1,0,0
VTA-0000879,YAPE,8.0,VTA-0000879,1,1,1,8.0,0.0,8.0,1.0,2,1,0,2
VTA-0000880,YAPE,0.5,VTA-0000880,1,1,1,0.5,0.0,0.5,1.0,0,1,0,0
VTA-0000881,EFECTIVO,3.0,VTA-0000881,1,1,1,3.0,0.0,3.0,1.0,0,1,0,0
VTA-0000882,EFECTIVO,2.0,VTA-0000882,2,1,1,2.0,0.0,1.0,0.5,0,0,0,0
VTA-0000883,EFECTIVO,3.0,VTA-0000883,1,1,1,3.0,0.0,3.0,1.0,0,1,0,0
VTA-0000884,EFECTIVO,1.0,VTA-0000884,1,1,1,1.0,0.0,1.0,1.0,0,1,0,0
VTA-0000885,EFECTIVO,1.0,VTA-0000885,1,1,1,1.0,0.0,1.0,1.0,0,1,0,0
VTA-0000886,EFECTIVO,1.0,VTA-0000886,2,1,1,1.0,0.0,0.5,0.5,0,0,0,0
VTA-0000887,EFECTIVO,1.0,VTA-0000887,1,1,1,1.0,0.0,1.0,1.0,0,1,0,0
VTA-0000888,EFECTIVO,0.4,VTA-0000888,2,1,1,0.4,0.0,0.2,0.5,0,0,0,0
VTA-0000889,EFECTIVO,1.0,VTA-0000889,1,1,1,1.0,0.0,1.0,1.0,0,1,0,0
VTA-0000890,YAPE,1.0,VTA-0000890,2,1,1,1.0,0.0,0.5,0.5,0,0,0,0
VTA-0000893,EFECTIVO,2.0,VTA-0000893,2,1,1,2.0,0.0,1.0,0.5,0,0,0,0
VTA-0000894,YAPE,1.0,VTA-0000894,2,1,1,1.0,0.0,0.5,0.5,0,0,0,0
VTA-0000896,EFECTIVO,1.0,VTA-0000896,10,1,1,1.0,0.0,0.1,0.1,1,0,1,1
VTA-0000897,EFECTIVO,0.5,VTA-0000897,5,1,1,0.5,0.0,0.1,0.2,1,0,1,1
VTA-0000899,EFECTIVO,0.5,VTA-0000899,1,1,1,0.5,0.0,0.5,1.0,0,1,0,0
VTA-0000900,EFECTIVO,2.5,VTA-0000900,2,2,1,2.0,1.0606601717798212,1.25,1.0,0,2,2,0
VTA-0000901,EFECTIVO,0.5,VTA-0000901,1,1,1,0.5,0.0,0.5,1.0,0,1,0,0
VTA-0000902,YAPE,3.0,VTA-0000902,6,1,1,3.0,0.0,0.5,0.16666666666666666,1,0,1,1
VTA-0000903,YAPE,2.5,VTA-0000903,5,1,1,2.5,0.0,0.5,0.2,1,0,1,1
VTA-0000904,EFECTIVO,1.0,VTA-0000904,1,1,1,1.0,0.0,1.0,1.0,0,1,0,0
VTA-0000906,EFECTIVO,3.5,VTA-0000906,3,3,1,1.5,0.28867513459481287,1.1666666666666667,1.0,0,-1,1,0
VTA-0000909,EFECTIVO,1.0,VTA-0000909,10,1,1,1.0,0.0,0.1,0.1,1,0,1,1
VTA-0000911,EFECTIVO,1.5,VTA-0000911,1,1,1,1.5,0.0,1.5,1.0,0,1,0,0
VTA-0000912,EFECTIVO,0.5,VTA-0000912,1,1,1,0.5,0.0,0.5,1.0,0,1,0,0
VTA-0000913,EFECTIVO,1.5,VTA-0000913,4,3,1,1.0,0.45825756949558405,0.375,0.75,1,-1,1,1
VTA-0000914,EFECTIVO,2.0,VTA-0000914,1,1,1,2.0,0.0,2.0,1.0,0,1,0,0
VTA-0000915,EFECTIVO,0.4,VTA-0000915,2,1,1,0.4,0.0,0.2,0.5,0,0,0,0
VTA-0000916,EFECTIVO,2.0,VTA-0000916,1,1,1,2.0,0.0,2.0,1.0,0,1,0,0
VTA-0000917,EFECTIVO,2.5,VTA-0000917,1,1,1,2.5,0.0,2.5,1.0,0,1,0,0
VTA-0000920,YAPE,1.0,VTA-0000920,1,1,1,1.0,0.0,1.0,1.0,0,1,0,0
VTA-0000921,EFECTIVO,2.0,VTA-0000921,1,1,1,2.0,0.0,2.0,1.0,0,1,0,0
VTA-0000922,EFECTIVO,3.0,VTA-0000922,1,1,1,3.0,0.0,3.0,1.0,0,1,0,0
VTA-0000923,EFECTIVO,3.0,VTA-0000923,1,1,1,3.0,0.0,3.0,1.0,0,1,0,0
VTA-0000924,EFECTIVO,0.4,VTA-0000924,2,1,1,0.4,0.0,0.2,0.5,0,0,0,0
VTA-0000925,EFECTIVO,0.5,VTA-0000925,1,1,1,0.5,0.0,0.5,1.0,0,1,0,0
VTA-0000926,EFECTIVO,8.0,VTA-0000926,1,1,1,8.0,0.0,8.0,1.0,2,1,0,2
VTA-0000927,YAPE,2.5,VTA-0000927,1,1,1,2.5,0.0,2.5,1.0,0,1,0,0
VTA-0000931,YAPE,8.0,VTA-0000931,1,1,1,8.0,0.0,8.0,1.0,2,1,0,2
VTA-0000932,EFECTIVO,3.5,VTA-0000932,2,2,1,2.5,1.0606601717798212,1.75,1.0,0,2,2,0
VTA-0000933,EFECTIVO,1.0,VTA-0000933,1,1,1,1.0,0.0,1.0,1.0,0,1,0,0
VTA-0000934,EFECTIVO,0.2,VTA-0000934,1,1,1,0.2,0.0,0.2,1.0,0,1,0,0
