ID,Fecha,Metodo_Pago,ID_Cliente,Total
VTA-0000001,2026-03-15,YAPE,1,9.4
VTA-0000002,2026-03-15,EFECTIVO,1,1.2
VTA-0000003,2026-03-15,EFECTIVO,1,10.0
VTA-0000004,2026-03-15,EFECTIVO,1,19.6
VTA-0000005,2026-03-16,YAPE,1,1.8
VTA-0000006,2026-03-16,EFECTIVO,1,1.5
VTA-0000007,2026-03-16,EFECTIVO,1,1.0
VTA-0000008,2026-03-16,EFECTIVO,1,0.6
VTA-0000009,2026-03-16,EFECTIVO,1,1.6
VTA-0000010,2026-03-16,EFECTIVO,1,2.3
VTA-0000011,2026-03-16,EFECTIVO,1,11.0
VTA-0000012,2026-03-16,YAPE,1,10.5
VTA-0000013,2026-03-17,YAPE,1,1.1
VTA-0000014,2026-03-17,EFECTIVO,1,1.0
VTA-0000015,2026-03-17,EFECTIVO,1,2.4
VTA-0000016,2026-03-17,EFECTIVO,1,1.0
VTA-0000017,2026-03-17,EFECTIVO,1,1.5
VTA-0000018,2026-03-17,EFECTIVO,1,0.1
VTA-0000019,2026-03-17,EFECTIVO,1,0.8
VTA-0000020,2026-03-17,EFECTIVO,1,0.3
VTA-0000021,2026-03-17,YAPE,1,5.7
VTA-0000022,2026-03-17,EFECTIVO,1,2.0
VTA-0000023,2026-03-17,EFECTIVO,1,3.0
VTA-0000024,2026-03-17,EFECTIVO,1,1.0
VTA-0000025,2026-03-17,YAPE,1,0.8
VTA-0000026,2026-03-17,EFECTIVO,1,6.5
VTA-0000027,2026-03-17,EFECTIVO,1,30.7
VTA-0000028,2026-03-17,EFECTIVO,1,3.0
VTA-0000029,2026-03-18,EFECTIVO,1,2.5
VTA-0000030,2026-03-18,EFECTIVO,1,1.8
VTA-0000031,2026-03-18,YAPE,1,1.5
VTA-0000032,2026-03-18,EFECTIVO,1,0.8
VTA-0000033,2026-03-18,EFECTIVO,1,1.5
VTA-0000034,2026-03-18,EFECTIVO,1,4.0
VTA-0000035,2026-03-18,EFECTIVO,1,0.3
VTA-0000036,2026-03-18,EFECTIVO,1,0.4
VTA-0000037,2026-03-18,EFECTIVO,1,5.0
VTA-0000038,2026-03-18,EFECTIVO,1,5.8
VTA-0000039,2026-03-18,YAPE,1,0.6
VTA-0000040,2026-03-18,EFECTIVO,1,2.5
VTA-0000041,2026-03-18,EFECTIVO,1,0.6
VTA-0000042,2026-03-18,EFECTIVO,1,14.5
VTA-0000043,2026-03-18,YAPE,1,5.5
VTA-0000044,2026-03-18,EFECTIVO,1,8.0
VTA-0000045,2026-03-18,YAPE,1,8.0
VTA-0000046,2026-03-18,EFECTIVO,1,171.2
VTA-0000047,2026-03-19,EFECTIVO,1,5.0
VTA-0000048,2026-03-19,EFECTIVO,1,2.0
VTA-0000049,2026-03-19,EFECTIVO,1,9.0
VTA-0000050,2026-03-19,EFECTIVO,1,2.5
VTA-0000051,2026-03-19,EFECTIVO,1,3.0
VTA-0000052,2026-03-19,YAPE,1,9.0
VTA-0000053,2026-03-19,YAPE,1,3.0
VTA-0000054,2026-03-19,EFECTIVO,1,3.2
VTA-0000055,2026-03-19,EFECTIVO,1,0.4
VTA-0000056,2026-03-19,EFECTIVO,1,9.0
VTA-0000057,2026-03-19,EFECTIVO,1,3.0
VTA-0000058,2026-03-19,EFECTIVO,1,2.5
VTA-0000059,2026-03-19,YAPE,1,12.0
VTA-0000060,2026-03-19,EFECTIVO,1,4.0
VTA-0000061,2026-03-19,YAPE,1,22.0
VTA-0000062,2026-03-20,EFECTIVO,1,4.0
VTA-0000063,2026-03-20,EFECTIVO,1,2.0
VTA-0000064,2026-03-20,EFECTIVO,1,1.5
VTA-0000065,2026-03-20,EFECTIVO,1,6.8
VTA-0000066,2026-03-20,EFECTIVO,1,1.0
VTA-0000067,2026-03-20,YAPE,1,2.0
VTA-0000068,2026-03-20,YAPE,1,6.5
VTA-0000069,2026-03-20,YAPE,1,1.5
VTA-0000070,2026-03-20,EFECTIVO,1,6.5
VTA-0000071,2026-03-20,EFECTIVO,1,1.0
VTA-0000072,2026-03-22,EFECTIVO,1,1.6
VTA-0000073,2026-03-22,EFECTIVO,1,21.0
VTA-0000074,2026-03-23,EFECTIVO,1,2.8
VTA-0000075,2026-03-23,YAPE,1,1.0
VTA-0000076,2026-03-23,EFECTIVO,1,5.0
VTA-0000077,2026-03-23,EFECTIVO,1,4.2
VTA-0000078,2026-03-23,EFECTIVO,1,8.0
VTA-0000079,2026-03-23,YAPE,1,3.0
VTA-0000080,2026-03-23,YAPE,1,1.0
VTA-0000081,2026-03-23,YAPE,1,5.2
VTA-0000082,2026-03-23,YAPE,1,10.5
VTA-0000083,2026-03-23,EFECTIVO,1,1.0
VTA-0000084,2026-03-23,EFECTIVO,1,3.5
VTA-0000085,2026-03-23,EFECTIVO,1,1.0
VTA-0000086,2026-03-23,EFECTIVO,1,1.0
VTA-0000087,2026-03-23,YAPE,1,2.5
VTA-0000088,2026-03-23,YAPE,1,9.0
VTA-0000089,2026-03-24,YAPE,1,3.1
VTA-0000090,2026-03-24,EFECTIVO,1,5.0
VTA-0000091,2026-03-24,EFECTIVO,1,5.0
VTA-0000092,2026-03-24,EFECTIVO,1,4.5
VTA-0000093,2026-03-24,EFECTIVO,1,2.5
VTA-0000094,2026-03-24,EFECTIVO,1,4.0
VTA-0000095,2026-03-24,EFECTIVO,1,3.2
VTA-0000096,2026-03-24,YAPE,1,2.1
VTA-0000097,2026-03-24,EFECTIVO,1,2.0
VTA-0000098,2026-03-24,EFECTIVO,1,8.1
VTA-0000099,2026-03-24,EFECTIVO,1,0.5
VTA-0000100,2026-03-25,EFECTIVO,1,4.0
VTA-0000101,2026-03-25,EFECTIVO,1,1.0
VTA-0000102,2026-03-25,EFECTIVO,1,0.5
VTA-0000103,2026-03-25,EFECTIVO,1,3.0
VTA-0000104,2026-03-25,EFECTIVO,1,4.2
VTA-0000105,2026-03-25,EFECTIVO,1,4.1
VTA-0000106,2026-03-25,EFECTIVO,1,1.9
VTA-0000107,2026-03-25,EFECTIVO,1,1.0
VTA-0000108,2026-03-25,EFECTIVO,1,1.0
VTA-0000109,2026-03-25,EFECTIVO,1,10.5
VTA-0000110,2026-03-25,EFECTIVO,1,20.1
VTA-0000111,2026-03-26,EFECTIVO,1,2.0
VTA-0000112,2026-03-26,EFECTIVO,1,0.5
VTA-0000113,2026-03-26,EFECTIVO,1,2.0
VTA-0000114,2026-03-26,YAPE,1,1.2
VTA-0000115,2026-03-26,YAPE,1,1.0
VTA-0000116,2026-03-26,EFECTIVO,1,0.6
VTA-0000117,2026-03-26,EFECTIVO,1,1.0
VTA-0000118,2026-03-26,EFECTIVO,1,2.0
VTA-0000119,2026-03-26,EFECTIVO,1,0.5
VTA-0000120,2026-03-26,YAPE,1,8.0
VTA-0000121,2026-03-26,EFECTIVO,1,3.3
VTA-0000122,2026-03-26,EFECTIVO,1,1.0
VTA-0000123,2026-03-26,EFECTIVO,1,1.0
VTA-0000124,2026-03-26,EFECTIVO,1,1.0
VTA-0000125,2026-03-26,EFECTIVO,1,14.0
VTA-0000126,2026-03-26,EFECTIVO,1,32.2
VTA-0000127,2026-03-26,YAPE,1,108.9
VTA-0000128,2026-03-26,EFECTIVO,1,2.0
VTA-0000129,2026-03-27,EFECTIVO,1,1.5
VTA-0000130,2026-03-27,EFECTIVO,1,1.3
VTA-0000131,2026-03-27,EFECTIVO,1,1.4
VTA-0000132,2026-03-27,EFECTIVO,1,0.4
VTA-0000133,2026-03-27,YAPE,1,0.5
VTA-0000134,2026-03-27,YAPE,1,0.5
VTA-0000135,2026-03-27,EFECTIVO,1,2.0
VTA-0000136,2026-03-27,EFECTIVO,1,6.5
VTA-0000137,2026-03-27,EFECTIVO,1,4.0
VTA-0000138,2026-03-28,EFECTIVO,1,1.0
VTA-0000139,2026-03-30,EFECTIVO,1,4.2
VTA-0000140,2026-03-30,EFECTIVO,1,3.8
VTA-0000141,2026-03-30,EFECTIVO,1,8.0
VTA-0000142,2026-03-30,YAPE,1,1.5
VTA-0000143,2026-03-30,EFECTIVO,1,1.0
VTA-0000144,2026-03-30,EFECTIVO,1,1.5
VTA-0000145,2026-03-30,EFECTIVO,1,1.0
VTA-0000146,2026-03-30,EFECTIVO,1,1.0
VTA-0000147,2026-03-31,YAPE,1,4.2
VTA-0000148,2026-03-31,YAPE,1,0.5
VTA-0000149,2026-03-31,EFECTIVO,1,0.1
VTA-0000150,2026-03-31,YAPE,1,1.0
VTA-0000151,2026-03-31,YAPE,1,1.0
VTA-0000152,2026-03-31,EFECTIVO,1,1.0
VTA-0000153,2026-03-31,EFECTIVO,1,1.5
VTA-0000154,2026-03-31,EFECTIVO,1,0.8
VTA-0000155,2026-03-31,YAPE,1,5.0
VTA-0000156,2026-03-31,EFECTIVO,1,2.1
VTA-0000157,2026-01-04,EFECTIVO,1,9.0
VTA-0000158,2026-01-04,EFECTIVO,1,1.1
VTA-0000159,2026-01-04,EFECTIVO,1,6.3
VTA-0000160,2026-01-04,EFECTIVO,1,8.0
VTA-0000161,2026-01-04,YAPE,1,3.2
VTA-0000162,2026-01-04,YAPE,1,10.5
VTA-0000163,2026-04-03,EFECTIVO,1,8.0
VTA-0000164,2026-04-06,YAPE,1,18.4
VTA-0000165,2026-04-06,YAPE,1,54.0
VTA-0000166,2026-04-06,EFECTIVO,1,5.5
VTA-0000167,2026-04-06,YAPE,1,1.5
VTA-0000168,2026-04-06,EFECTIVO,1,4.0
VTA-0000169,2026-04-06,EFECTIVO,1,0.4
VTA-0000170,2026-04-06,EFECTIVO,1,0.3
VTA-0000171,2026-04-06,YAPE,1,1.0
VTA-0000172,2026-04-06,EFECTIVO,1,3.1
VTA-0000173,2026-04-06,YAPE,1,6.5
VTA-0000174,2026-04-06,EFECTIVO,1,1.0
VTA-0000175,2026-04-06,YAPE,1,1.4
VTA-0000176,2026-04-06,EFECTIVO,1,5.1
VTA-0000177,2026-04-06,EFECTIVO,1,1.2
VTA-0000178,2026-04-06,YAPE,1,10.5
VTA-0000179,2026-04-06,EFECTIVO,1,8.8
VTA-0000180,2026-04-06,YAPE,1,22.0
VTA-0000181,2026-04-06,YAPE,1,2.0
VTA-0000182,2026-04-07,YAPE,1,6.5
VTA-0000183,2026-04-07,EFECTIVO,1,1.0
VTA-0000184,2026-04-07,YAPE,1,3.4
VTA-0000185,2026-07-04,EFECTIVO,1,1.0
VTA-0000186,2026-07-04,YAPE,1,3.2
VTA-0000187,2026-07-04,EFECTIVO,1,1.0
VTA-0000188,2026-07-04,YAPE,1,0.5
VTA-0000189,2026-07-04,EFECTIVO,1,3.6
VTA-0000190,2026-07-04,EFECTIVO,1,3.2
VTA-0000191,2026-07-04,EFECTIVO,1,2.0
VTA-0000192,2026-07-04,YAPE,1,0.2
VTA-0000193,2026-07-04,EFECTIVO,1,0.5
VTA-0000194,2026-07-04,EFECTIVO,1,0.5
VTA-0000195,2026-07-04,EFECTIVO,1,10.0
VTA-0000196,2026-07-04,EFECTIVO,1,1.5
VTA-0000197,2026-08-04,EFECTIVO,1,3.5
VTA-0000198,2026-08-04,EFECTIVO,1,1.0
VTA-0000199,2026-08-04,YAPE,1,1.1
VTA-0000200,2026-08-04,YAPE,1,1.0
VTA-0000201,2026-08-04,EFECTIVO,1,0.7
VTA-0000202,2026-08-04,EFECTIVO,1,5.4
VTA-0000203,2026-08-04,EFECTIVO,1,1.4
VTA-0000204,2026-08-04,YAPE,1,30.0
VTA-0000205,2026-09-04,YAPE,1,1.5
VTA-0000206,2026-09-04,EFECTIVO,1,1.0
VTA-0000207,2026-09-04,EFECTIVO,1,1.2
VTA-0000208,2026-09-04,EFECTIVO,1,0.5
VTA-0000209,2026-09-04,EFECTIVO,1,0.3
VTA-0000210,2026-09-04,EFECTIVO,1,1.2
VTA-0000211,2026-09-04,EFECTIVO,1,0.8
VTA-0000212,2026-09-04,EFECTIVO,1,0.3
VTA-0000213,2026-09-04,YAPE,1,1.8
VTA-0000214,2026-09-04,EFECTIVO,1,1.4
VTA-0000215,2026-09-04,EFECTIVO,1,0.5
VTA-0000216,2026-09-04,EFECTIVO,1,5.2
VTA-0000217,2026-09-04,EFECTIVO,1,2.8
VTA-0000218,2026-09-04,EFECTIVO,1,4.5
VTA-0000219,2026-09-04,EFECTIVO,1,1.0
VTA-0000220,2026-10-04,EFECTIVO,1,1.0
VTA-0000221,2026-10-04,EFECTIVO,1,1.5
VTA-0000222,2026-10-04,EFECTIVO,1,1.0
VTA-0000223,2026-10-04,EFECTIVO,1,1.0
VTA-0000224,2026-10-04,EFECTIVO,1,1.0
VTA-0000225,2026-10-04,EFECTIVO,1,1.0
VTA-0000226,2026-10-04,YAPE,1,1.0
VTA-0000227,2026-10-04,EFECTIVO,1,1.5
VTA-0000228,2026-10-04,EFECTIVO,1,1.0
VTA-0000229,2026-10-04,YAPE,1,6.0
VTA-0000230,2026-10-04,EFECTIVO,1,1.0
VTA-0000231,2026-10-04,EFECTIVO,1,0.7
VTA-0000232,2026-10-04,EFECTIVO,1,1.0
VTA-0000233,2026-12-04,EFECTIVO,1,2.0
VTA-0000234,2026-12-04,YAPE,1,0.7
VTA-0000235,2026-04-12,YAPE,1,12.0
VTA-0000236,2026-04-12,YAPE,1,4.0
VTA-0000237,2026-04-13,EFECTIVO,1,2.0
VTA-0000238,2026-04-13,EFECTIVO,1,1.0
VTA-0000239,2026-04-13,EFECTIVO,1,2.0
VTA-0000240,2026-04-13,EFECTIVO,1,2.0
VTA-0000241,2026-04-13,YAPE,1,1.0
VTA-0000242,2026-04-13,EFECTIVO,1,2.0
VTA-0000243,2026-04-13,EFECTIVO,1,1.0
VTA-0000244,2026-04-13,EFECTIVO,1,5.0
VTA-0000245,2026-04-13,EFECTIVO,1,2.7
VTA-0000246,2026-04-13,EFECTIVO,1,6.7
VTA-0000247,2026-04-13,YAPE,1,39.5
VTA-0000248,2026-04-13,YAPE,1,7.0
VTA-0000249,2026-04-13,EFECTIVO,1,1.0
VTA-0000250,2026-04-13,EFECTIVO,1,1.0
VTA-0000251,2026-04-13,EFECTIVO,1,2.0
VTA-0000252,2026-04-13,YAPE,1,4.0
VTA-0000253,2026-04-13,YAPE,1,25.0
VTA-0000254,2026-04-14,EFECTIVO,1,6.5
VTA-0000255,2026-04-14,EFECTIVO,1,2.5
VTA-0000256,2026-04-14,YAPE,1,6.0
VTA-0000257,2026-04-14,EFECTIVO,1,6.6
VTA-0000258,2026-04-14,EFECTIVO,1,6.2
VTA-0000259,2026-04-14,EFECTIVO,1,3.7
VTA-0000260,2026-04-14,EFECTIVO,1,0.5
VTA-0000261,2026-04-14,YAPE,1,5.0
VTA-0000262,2026-04-14,YAPE,1,2.0
VTA-0000263,2026-04-14,YAPE,1,7.0
VTA-0000264,2026-04-14,YAPE,1,1.2
VTA-0000265,2026-04-14,EFECTIVO,1,1.2
VTA-0000266,2026-04-14,EFECTIVO,1,2.0
VTA-0000267,2026-04-15,EFECTIVO,1,1.0
VTA-0000268,2026-04-15,EFECTIVO,1,5.0
VTA-0000269,2026-04-15,EFECTIVO,1,1.5
VTA-0000270,2026-04-15,EFECTIVO,1,5.5
VTA-0000271,2026-04-15,EFECTIVO,1,2.0
VTA-0000272,2026-04-15,YAPE,1,9.9
VTA-0000273,2026-04-15,YAPE,1,5.0
VTA-0000274,2026-04-16,EFECTIVO,1,3.6
VTA-0000275,2026-04-16,EFECTIVO,1,7.2
VTA-0000276,2026-04-17,EFECTIVO,1,6.5
VTA-0000277,2026-04-17,YAPE,1,3.5
VTA-0000278,2026-04-17,YAPE,1,8.0
VTA-0000279,2026-04-17,EFECTIVO,1,1.7
VTA-0000280,2026-04-17,EFECTIVO,1,1.3
VTA-0000281,2026-04-17,YAPE,1,3.0
VTA-0000282,2026-04-17,EFECTIVO,1,3.0
VTA-0000283,2026-04-17,EFECTIVO,1,1.5
VTA-0000284,2026-04-18,EFECTIVO,1,0.2
VTA-0000285,2026-04-18,YAPE,1,10.0
VTA-0000286,2026-04-18,YAPE,1,12.0
VTA-0000287,2026-04-18,YAPE,1,12.0
VTA-0000288,2026-04-18,YAPE,1,4.0
VTA-0000289,2026-04-18,YAPE,1,4.0
VTA-0000290,2026-04-18,YAPE,1,4.0
VTA-0000291,2026-04-18,YAPE,1,2.0
VTA-0000292,2026-04-18,YAPE,1,2.0
VTA-0000293,2026-04-18,YAPE,1,6.5
VTA-0000294,2026-04-18,YAPE,1,4.0
VTA-0000295,2026-04-18,YAPE,1,16.0
VTA-0000296,2026-04-18,YAPE,1,4.0
VTA-0000297,2026-04-18,YAPE,1,5.0
VTA-0000298,2026-04-18,YAPE,1,1.0
VTA-0000299,2026-04-18,YAPE,1,2.6
VTA-0000300,2026-04-18,YAPE,1,1.2
VTA-0000301,2026-04-18,YAPE,1,1.0
VTA-0000302,2026-04-18,YAPE,1,15.0
VTA-0000303,2026-04-18,YAPE,1,2.0
VTA-0000304,2026-04-18,YAPE,1,3.0
VTA-0000305,2026-04-18,YAPE,1,7.0
VTA-0000306,2026-04-18,EFECTIVO,1,188.2
VTA-0000307,2026-04-20,EFECTIVO,1,1.0
VTA-0000308,2026-04-20,EFECTIVO,1,1.0
VTA-0000309,2026-04-20,YAPE,1,1.0
VTA-0000310,2026-04-20,EFECTIVO,1,1.0
VTA-0000311,2026-04-20,EFECTIVO,1,7.0
VTA-0000312,2026-04-20,EFECTIVO,1,1.0
VTA-0000313,2026-04-20,EFECTIVO,1,1.0
VTA-0000314,2026-04-20,EFECTIVO,1,1.0
VTA-0000315,2026-04-20,YAPE,1,3.0
VTA-0000316,2026-04-20,EFECTIVO,1,2.0
VTA-0000317,2026-04-20,EFECTIVO,1,9.3
VTA-0000318,2026-04-20,EFECTIVO,1,1.5
VTA-0000319,2026-04-20,EFECTIVO,1,1.0
VTA-0000320,2026-04-20,EFECTIVO,1,12.0
VTA-0000321,2026-04-20,YAPE,1,4.0
VTA-0000322,2026-04-20,YAPE,1,1.0
VTA-0000323,2026-04-20,EFECTIVO,1,1.6
VTA-0000324,2026-04-21,EFECTIVO,1,1.0
VTA-0000325,2026-04-21,YAPE,1,1.0
VTA-0000326,2026-04-21,EFECTIVO,1,7.0
VTA-0000327,2026-04-21,EFECTIVO,1,1.5
VTA-0000328,2026-04-21,EFECTIVO,1,1.0
VTA-0000329,2026-04-21,YAPE,1,3.9
VTA-0000330,2026-04-21,YAPE,1,0.1
VTA-0000331,2026-04-21,YAPE,1,0.1
VTA-0000332,2026-04-21,YAPE,1,1.2
VTA-0000333,2026-04-21,EFECTIVO,1,5.0
VTA-0000334,2026-04-21,EFECTIVO,1,6.3
VTA-0000335,2026-04-21,EFECTIVO,1,2.8
VTA-0000336,2026-04-21,EFECTIVO,1,0.4
VTA-0000337,2026-04-21,EFECTIVO,1,4.0
VTA-0000338,2026-04-21,YAPE,1,3.5
VTA-0000339,2026-04-21,EFECTIVO,1,1.0
VTA-0000340,2026-04-21,YAPE,1,2.0
VTA-0000341,2026-04-21,EFECTIVO,1,4.2
VTA-0000342,2026-04-21,EFECTIVO,1,1.0
VTA-0000343,2026-04-22,YAPE,1,2.5
VTA-0000344,2026-04-22,EFECTIVO,1,2.0
VTA-0000345,2026-04-22,EFECTIVO,1,2.0
VTA-0000346,2026-04-22,YAPE,1,3.0
VTA-0000347,2026-04-22,EFECTIVO,1,4.0
VTA-0000348,2026-04-22,EFECTIVO,1,4.0
VTA-0000349,2026-04-22,EFECTIVO,1,3.0
VTA-0000350,2026-04-22,EFECTIVO,1,4.0
VTA-0000351,2026-04-22,EFECTIVO,1,1.0
VTA-0000352,2026-04-22,YAPE,1,9.3
VTA-0000353,2026-04-22,EFECTIVO,1,8.5
VTA-0000354,2026-04-22,EFECTIVO,1,2.0
VTA-0000355,2026-04-22,EFECTIVO,1,1.5
VTA-0000356,2026-04-22,EFECTIVO,1,2.0
VTA-0000357,2026-04-22,EFECTIVO,1,2.9
VTA-0000358,2026-04-22,YAPE,1,1.0
VTA-0000359,2026-04-22,YAPE,1,1.0
VTA-0000360,2026-04-22,EFECTIVO,1,2.0
VTA-0000361,2026-04-22,YAPE,1,2.0
VTA-0000362,2026-04-23,YAPE,1,3.0
VTA-0000363,2026-04-23,YAPE,1,1.2
VTA-0000364,2026-04-23,YAPE,1,1.5
VTA-0000365,2026-04-23,EFECTIVO,1,0.6
VTA-0000366,2026-04-23,EFECTIVO,1,4.8
VTA-0000367,2026-04-23,EFECTIVO,1,69.0
VTA-0000368,2026-04-23,YAPE,1,2.4
VTA-0000369,2026-04-23,EFECTIVO,1,1.0
VTA-0000370,2026-04-23,EFECTIVO,1,2.0
VTA-0000371,2026-04-23,EFECTIVO,1,1.0
VTA-0000372,2026-04-23,YAPE,1,3.0
VTA-0000373,2026-04-23,EFECTIVO,1,3.0
VTA-0000374,2026-04-23,EFECTIVO,1,96.0
VTA-0000375,2026-04-24,EFECTIVO,1,1.0
VTA-0000376,2026-04-24,EFECTIVO,1,2.0
VTA-0000377,2026-04-24,YAPE,1,2.0
VTA-0000378,2026-04-24,YAPE,1,1.0
VTA-0000379,2026-04-24,YAPE,1,1.0
VTA-0000380,2026-04-24,EFECTIVO,1,2.0
VTA-0000381,2026-04-27,YAPE,1,0.6
VTA-0000382,2026-04-27,EFECTIVO,1,2.5
VTA-0000383,2026-04-27,EFECTIVO,1,2.2
VTA-0000384,2026-04-27,EFECTIVO,1,4.7
VTA-0000385,2026-04-27,YAPE,1,20.0
VTA-0000386,2026-04-27,EFECTIVO,1,0.6
VTA-0000387,2026-04-28,EFECTIVO,1,3.0
VTA-0000388,2026-04-28,YAPE,1,5.3
VTA-0000389,2026-04-28,YAPE,1,1.5
VTA-0000390,2026-04-28,EFECTIVO,1,3.0
VTA-0000391,2026-04-28,EFECTIVO,1,3.0
VTA-0000392,2026-04-28,EFECTIVO,1,3.3
VTA-0000393,2026-04-28,EFECTIVO,1,1.0
VTA-0000394,2026-04-28,EFECTIVO,1,2.0
VTA-0000395,2026-04-28,EFECTIVO,1,2.0
VTA-0000396,2026-04-29,YAPE,1,2.0
VTA-0000397,2026-04-29,YAPE,1,2.0
VTA-0000398,2026-04-29,EFECTIVO,1,4.4
VTA-0000399,2026-04-29,EFECTIVO,1,1.0
VTA-0000400,2026-04-29,EFECTIVO,1,3.8
VTA-0000401,2026-04-29,EFECTIVO,1,1.5
VTA-0000402,2026-04-29,EFECTIVO,1,2.5
VTA-0000403,2026-04-29,EFECTIVO,1,1.0
VTA-0000404,2026-04-30,YAPE,1,5.0
VTA-0000405,2026-04-30,YAPE,1,0.1
VTA-0000406,2026-04-30,EFECTIVO,1,1.0
VTA-0000407,2026-04-30,EFECTIVO,1,3.4
VTA-0000408,2026-04-30,EFECTIVO,1,1.5
VTA-0000409,2026-01-05,YAPE,1,17.9
VTA-0000410,2026-01-05,YAPE,1,75.5
VTA-0000411,2026-05-04,EFECTIVO,1,4.0
VTA-0000412,2026-05-04,EFECTIVO,1,3.0
VTA-0000413,2026-05-04,EFECTIVO,1,3.0
VTA-0000414,2026-05-04,EFECTIVO,1,3.0
VTA-0000415,2026-05-04,EFECTIVO,1,2.0
VTA-0000416,2026-05-04,YAPE,1,1.0
VTA-0000417,2026-05-04,YAPE,1,3.0
VTA-0000418,2026-05-04,YAPE,1,6.5
VTA-0000419,2026-05-04,YAPE,1,4.6
VTA-0000420,2026-05-04,EFECTIVO,1,7.3
VTA-0000421,2026-05-04,EFECTIVO,1,4.0
VTA-0000422,2026-05-04,YAPE,1,6.0
VTA-0000423,2026-05-04,EFECTIVO,1,1.0
VTA-0000424,2026-05-04,EFECTIVO,1,0.5
VTA-0000425,2026-05-04,EFECTIVO,1,2.0
VTA-0000426,2026-05-05,YAPE,1,3.0
VTA-0000427,2026-05-05,EFECTIVO,1,1.2
VTA-0000428,2026-05-05,EFECTIVO,1,4.0
VTA-0000429,2026-05-05,EFECTIVO,1,2.0
VTA-0000430,2026-05-05,EFECTIVO,1,3.0
VTA-0000431,2026-05-05,EFECTIVO,1,1.0
VTA-0000432,2026-05-05,EFECTIVO,1,1.0
VTA-0000433,2026-05-05,EFECTIVO,1,6.0
VTA-0000434,2026-05-05,EFECTIVO,1,22.5
VTA-0000435,2026-05-05,EFECTIVO,1,0.5
VTA-0000436,2026-05-05,YAPE,1,1.5
VTA-0000437,2026-05-05,YAPE,1,2.0
VTA-0000438,2026-05-05,EFECTIVO,1,4.1
VTA-0000439,2026-05-05,EFECTIVO,1,6.3
VTA-0000440,2026-05-05,YAPE,1,9.0
VTA-0000441,2026-05-05,EFECTIVO,1,2.2
VTA-0000442,2026-05-05,EFECTIVO,1,1.2
VTA-0000443,2026-05-05,EFECTIVO,1,1.0
VTA-0000444,2026-06-05,EFECTIVO,1,0.5
VTA-0000445,2026-06-05,YAPE,1,3.0
VTA-0000446,2026-06-05,YAPE,1,4.5
VTA-0000447,2026-06-05,EFECTIVO,1,0.5
VTA-0000448,2026-06-05,EFECTIVO,1,3.0
VTA-0000449,2026-06-05,EFECTIVO,1,0.5
VTA-0000450,2026-06-05,EFECTIVO,1,2.0
VTA-0000451,2026-06-05,EFECTIVO,1,1.4
VTA-0000452,2026-06-05,YAPE,1,4.0
VTA-0000453,2026-06-05,EFECTIVO,1,6.0
VTA-0000454,2026-06-05,EFECTIVO,1,2.0
VTA-0000455,2026-06-05,EFECTIVO,1,3.2
VTA-0000456,2026-06-05,YAPE,1,8.0
VTA-0000457,2026-06-05,YAPE,1,2.0
VTA-0000458,2026-06-05,EFECTIVO,1,4.0
VTA-0000459,2026-07-05,EFECTIVO,1,1.0
VTA-0000460,2026-07-05,YAPE,1,0.2
VTA-0000461,2026-07-05,EFECTIVO,1,6.0
VTA-0000462,2026-07-05,YAPE,1,1.0
VTA-0000463,2026-07-05,YAPE,1,1.0
VTA-0000464,2026-07-05,EFECTIVO,1,1.8
VTA-0000465,2026-07-05,EFECTIVO,1,3.2
VTA-0000466,2026-07-05,EFECTIVO,1,1.0
VTA-0000467,2026-08-05,YAPE,1,8.0
VTA-0000468,2026-08-05,EFECTIVO,1,2.0
VTA-0000469,2026-08-05,EFECTIVO,1,4.0
VTA-0000470,2026-08-05,YAPE,1,2.5
VTA-0000471,2026-08-05,YAPE,1,2.0
VTA-0000472,2026-11-05,EFECTIVO,1,2.0
VTA-0000473,2026-11-05,EFECTIVO,1,2.0
VTA-0000474,2026-11-05,EFECTIVO,1,1.0
VTA-0000475,2026-11-05,EFECTIVO,1,0.5
VTA-0000476,2026-11-05,EFECTIVO,1,3.0
VTA-0000477,2026-11-05,EFECTIVO,1,3.0
VTA-0000478,2026-11-05,EFECTIVO,1,2.0
VTA-0000479,2026-11-05,YAPE,1,7.3
VTA-0000480,2026-11-05,EFECTIVO,1,1.2
VTA-0000481,2026-11-05,EFECTIVO,1,1.0
VTA-0000482,2026-05-12,EFECTIVO,1,6.5
VTA-0000483,2026-05-12,EFECTIVO,1,3.0
VTA-0000484,2026-05-12,EFECTIVO,1,3.0
VTA-0000485,2026-05-12,EFECTIVO,1,0.6
VTA-0000486,2026-05-12,EFECTIVO,1,3.0
VTA-0000487,2026-05-12,EFECTIVO,1,4.3
VTA-0000488,2026-05-12,EFECTIVO,1,2.5
VTA-0000489,2026-05-12,YAPE,1,2.0
VTA-0000490,2026-05-12,EFECTIVO,1,4.0
VTA-0000491,2026-05-13,YAPE,1,1.5
VTA-0000492,2026-05-13,EFECTIVO,1,3.0
VTA-0000493,2026-05-13,EFECTIVO,1,8.6
VTA-0000494,2026-05-13,EFECTIVO,1,4.0
VTA-0000495,2026-05-13,EFECTIVO,1,3.0
VTA-0000496,2026-05-13,YAPE,1,8.0
VTA-0000497,2026-05-13,YAPE,1,2.5
VTA-0000498,2026-05-13,EFECTIVO,1,2.5
VTA-0000499,2026-05-13,EFECTIVO,1,5.0
VTA-0000500,2026-05-13,YAPE,1,3.6
VTA-0000501,2026-05-13,EFECTIVO,1,2.4
VTA-0000502,2026-05-13,YAPE,1,12.5
VTA-0000503,2026-05-14,EFECTIVO,1,5.0
VTA-0000504,2026-05-14,YAPE,1,4.0
VTA-0000505,2026-05-14,YAPE,1,3.0
VTA-0000506,2026-05-14,EFECTIVO,1,2.8
VTA-0000507,2026-05-15,YAPE,1,9.0
VTA-0000508,2026-05-15,EFECTIVO,1,5.2
VTA-0000509,2026-05-15,EFECTIVO,1,1.8
VTA-0000510,2026-05-15,YAPE,1,1.6
VTA-0000511,2026-05-15,EFECTIVO,1,1.6
VTA-0000512,2026-05-15,EFECTIVO,1,9.0
VTA-0000513,2026-05-15,YAPE,1,1.5
VTA-0000514,2026-05-15,YAPE,1,0.5
VTA-0000515,2026-05-18,EFECTIVO,1,1.0
VTA-0000516,2026-05-18,EFECTIVO,1,3.0
VTA-0000517,2026-05-18,YAPE,1,12.5
VTA-0000518,2026-05-18,YAPE,1,0.1
VTA-0000519,2026-05-18,YAPE,1,6.0
VTA-0000520,2026-05-18,EFECTIVO,1,9.0
VTA-0000521,2026-05-18,EFECTIVO,1,2.0
VTA-0000522,2026-05-18,YAPE,1,2.0
VTA-0000523,2026-05-18,YAPE,1,6.0
VTA-0000524,2026-05-18,EFECTIVO,1,3.0
VTA-0000525,2026-05-18,YAPE,1,4.0
VTA-0000526,2026-05-18,YAPE,1,1.0
VTA-0000527,2026-05-18,EFECTIVO,1,0.1
VTA-0000528,2026-05-18,EFECTIVO,1,1.0
VTA-0000529,2026-05-18,EFECTIVO,1,0.1
VTA-0000530,2026-05-19,EFECTIVO,1,3.0
VTA-0000531,2026-05-19,EFECTIVO,1,1.0
VTA-0000532,2026-05-19,YAPE,1,0.1
VTA-0000533,2026-05-19,EFECTIVO,1,1.0
VTA-0000534,2026-05-19,EFECTIVO,1,1.0
VTA-0000535,2026-05-19,EFECTIVO,1,1.0
VTA-0000536,2026-05-19,YAPE,1,2.5
VTA-0000537,2026-05-19,YAPE,1,3.0
VTA-0000538,2026-05-19,EFECTIVO,1,1.5
VTA-0000539,2026-05-19,EFECTIVO,1,5.0
VTA-0000540,2026-05-22,EFECTIVO,1,8.0
VTA-0000541,2026-05-22,EFECTIVO,1,7.0
VTA-0000542,2026-05-22,YAPE,1,1.0
VTA-0000543,2026-05-22,EFECTIVO,1,2.0
VTA-0000544,2026-05-22,EFECTIVO,1,0.7
VTA-0000545,2026-05-22,YAPE,1,25.0
VTA-0000546,2026-05-22,YAPE,1,5.0
VTA-0000547,2026-05-20,YAPE,1,1.0
VTA-0000548,2026-05-20,EFECTIVO,1,5.0
VTA-0000549,2026-05-20,EFECTIVO,1,1.0
VTA-0000550,2026-05-20,EFECTIVO,1,1.0
VTA-0000551,2026-05-20,EFECTIVO,1,2.5
VTA-0000552,2026-05-20,EFECTIVO,1,1.0
VTA-0000553,2026-05-20,EFECTIVO,1,1.0
VTA-0000554,2026-05-20,YAPE,1,2.0
VTA-0000555,2026-05-20,YAPE,1,7.0
VTA-0000556,2026-05-20,EFECTIVO,1,1.0
VTA-0000557,2026-05-21,EFECTIVO,1,2.0
VTA-0000558,2026-05-21,EFECTIVO,1,8.0
VTA-0000559,2026-05-21,EFECTIVO,1,1.0
VTA-0000560,2026-05-21,EFECTIVO,1,1.5
VTA-0000561,2026-05-25,EFECTIVO,1,1.0
VTA-0000562,2026-05-25,EFECTIVO,1,0.5
VTA-0000563,2026-05-25,EFECTIVO,1,1.0
VTA-0000564,2026-05-25,EFECTIVO,1,1.0
VTA-0000565,2026-05-25,YAPE,1,3.0
VTA-0000566,2026-05-25,YAPE,1,6.0
VTA-0000567,2026-05-25,YAPE,1,3.0
VTA-0000568,2026-05-25,EFECTIVO,1,3.0
VTA-0000569,2026-05-25,EFECTIVO,1,6.5
VTA-0000570,2026-05-26,EFECTIVO,1,7.0
VTA-0000571,2026-05-26,EFECTIVO,1,2.5
VTA-0000572,2026-05-26,EFECTIVO,1,9.0
VTA-0000573,2026-05-26,EFECTIVO,1,7.5
VTA-0000574,2026-05-26,YAPE,1,1.0
VTA-0000575,2026-05-26,EFECTIVO,1,4.6
VTA-0000576,2026-05-26,EFECTIVO,1,1.0
VTA-0000577,2026-05-26,EFECTIVO,1,3.1
VTA-0000578,2026-05-26,EFECTIVO,1,0.5
VTA-0000579,2026-05-26,EFECTIVO,1,0.5
VTA-0000580,2026-05-26,YAPE,1,5.0
VTA-0000581,2026-05-27,EFECTIVO,1,1.0
VTA-0000582,2026-05-27,YAPE,1,1.0
VTA-0000583,2026-05-27,YAPE,1,5.0
VTA-0000584,2026-05-27,EFECTIVO,1,2.0
VTA-0000585,2026-05-27,EFECTIVO,1,9.0
VTA-0000586,2026-05-27,EFECTIVO,1,1.0
VTA-0000587,2026-05-28,YAPE,1,3.0
VTA-0000588,2026-05-28,EFECTIVO,1,3.0
VTA-0000589,2026-05-28,YAPE,1,3.5
VTA-0000590,2026-05-28,YAPE,1,3.0
VTA-0000591,2026-05-28,YAPE,1,5.0
VTA-0000592,2026-05-28,EFECTIVO,1,6.7
VTA-0000593,2026-05-28,EFECTIVO,1,4.3
VTA-0000594,2026-05-28,YAPE,1,1.6
VTA-0000595,2026-05-28,EFECTIVO,1,2.1
VTA-0000596,2026-05-28,EFECTIVO,1,1.0
VTA-0000597,2026-05-28,YAPE,1,3.0
VTA-0000598,2026-06-01,EFECTIVO,1,3.0
VTA-0000599,2026-06-01,YAPE,1,4.0
VTA-0000600,2026-06-01,YAPE,1,9.2
VTA-0000601,2026-06-01,EFECTIVO,1,18.0
VTA-0000602,2026-06-01,YAPE,1,2.5
VTA-0000603,2026-06-02,EFECTIVO,1,2.0
VTA-0000604,2026-06-02,YAPE,1,1.6
VTA-0000605,2026-06-02,EFECTIVO,1,1.0
VTA-0000606,2026-06-02,YAPE,1,1.5
VTA-0000607,2026-06-02,YAPE,1,0.9
VTA-0000608,2026-06-02,EFECTIVO,1,1.0
VTA-0000609,2026-06-02,EFECTIVO,1,1.0
VTA-0000610,2026-06-02,EFECTIVO,1,6.5
VTA-0000611,2026-06-02,EFECTIVO,1,18.0
VTA-0000612,2026-06-02,EFECTIVO,1,2.7
VTA-0000613,2026-06-02,YAPE,1,4.2
VTA-0000614,2026-06-02,YAPE,1,1.0
VTA-0000615,2026-06-02,YAPE,1,7.0
VTA-0000616,2026-06-02,YAPE,1,9.2
VTA-0000617,2026-06-02,YAPE,1,2.5
VTA-0000618,2026-06-02,EFECTIVO,1,1.0
VTA-0000619,2026-06-02,EFECTIVO,1,6.0
VTA-0000620,2026-06-02,EFECTIVO,1,0.1
VTA-0000621,2026-06-07,EFECTIVO,1,0.5
VTA-0000622,2026-06-07,YAPE,1,4.5
VTA-0000623,2026-06-07,YAPE,1,2.0
VTA-0000624,2026-06-07,YAPE,1,1.5
VTA-0000625,2026-06-07,EFECTIVO,1,1.0
VTA-0000626,2026-06-07,EFECTIVO,1,10.5
VTA-0000627,2026-06-07,YAPE,1,1.0
VTA-0000628,2026-06-07,EFECTIVO,1,4.6
VTA-0000629,2026-06-07,EFECTIVO,1,8.7
VTA-0000630,2026-06-07,EFECTIVO,1,2.5
VTA-0000631,2026-06-07,EFECTIVO,1,2.0
VTA-0000632,2026-06-07,YAPE,1,6.0
VTA-0000633,2026-06-07,YAPE,1,5.5
VTA-0000634,2026-06-07,EFECTIVO,1,12.5
VTA-0000635,2026-06-07,EFECTIVO,1,1.0
VTA-0000636,2026-06-07,EFECTIVO,1,3.2
VTA-0000637,2026-06-07,YAPE,1,2.9
VTA-0000638,2026-06-07,YAPE,1,6.5
VTA-0000639,2026-06-07,EFECTIVO,1,7.5
VTA-0000640,2026-06-07,EFECTIVO,1,1.0
VTA-0000641,2026-06-07,EFECTIVO,1,1.0
VTA-0000642,2026-06-07,EFECTIVO,1,1.0
VTA-0000643,2026-06-07,EFECTIVO,1,2.5
VTA-0000644,2026-06-07,YAPE,1,2.5
VTA-0000645,2026-06-07,EFECTIVO,1,4.0
VTA-0000646,2026-06-07,EFECTIVO,1,6.0
VTA-0000647,2026-06-07,YAPE,1,13.0
VTA-0000648,2026-06-07,EFECTIVO,1,1.5
VTA-0000649,2026-06-07,EFECTIVO,1,1.0
VTA-0000650,2026-06-07,YAPE,1,4.0
VTA-0000651,2026-06-07,EFECTIVO,1,1.0
VTA-0000652,2026-06-07,EFECTIVO,1,3.0
VTA-0000653,2026-06-07,EFECTIVO,1,6.5
VTA-0000654,2026-06-07,EFECTIVO,1,6.5
VTA-0000655,2026-06-07,EFECTIVO,1,1.0
VTA-0000656,2026-06-07,EFECTIVO,1,0.6
VTA-0000657,2026-06-07,YAPE,1,4.0
VTA-0000658,2026-06-07,EFECTIVO,1,2.0
VTA-0000659,2026-06-07,EFECTIVO,1,9.5
VTA-0000660,2026-06-07,YAPE,1,3.0
VTA-0000661,2026-06-07,EFECTIVO,1,3.9
VTA-0000662,2026-06-07,EFECTIVO,1,2.0
VTA-0000663,2026-06-07,YAPE,1,2.0
VTA-0000664,2026-06-07,EFECTIVO,1,1.5
VTA-0000665,2026-06-07,EFECTIVO,1,1.5
VTA-0000666,2026-06-07,EFECTIVO,1,2.0
VTA-0000667,2026-06-07,EFECTIVO,1,1.0
VTA-0000668,2026-06-07,YAPE,1,1.5
VTA-0000669,2026-06-07,EFECTIVO,1,1.9
VTA-0000670,2026-06-07,YAPE,1,1.0
VTA-0000671,2026-06-07,EFECTIVO,1,1.5
VTA-0000672,2026-06-07,EFECTIVO,1,0.7
VTA-0000673,2026-06-07,EFECTIVO,1,0.5
VTA-0000674,2026-06-07,EFECTIVO,1,1.5
VTA-0000675,2026-06-07,YAPE,1,18.4
VTA-0000676,2026-06-07,YAPE,1,25.0
VTA-0000677,2026-06-07,YAPE,1,8.0
VTA-0000678,2026-06-07,YAPE,1,18.3
VTA-0000679,2026-06-07,YAPE,1,21.3
VTA-0000680,2026-06-12,EFECTIVO,1,3.0
VTA-0000681,2026-06-12,EFECTIVO,1,3.0
VTA-0000682,2026-06-12,YAPE,1,4.5
VTA-0000683,2026-06-12,EFECTIVO,1,6.8
VTA-0000684,2026-06-12,EFECTIVO,1,0.2
VTA-0000685,2026-06-12,EFECTIVO,1,6.4
VTA-0000686,2026-06-12,EFECTIVO,1,1.5
VTA-0000687,2026-06-12,EFECTIVO,1,2.7
VTA-0000688,2026-06-12,YAPE,1,0.7
VTA-0000689,2026-06-12,EFECTIVO,1,3.0
VTA-0000690,2026-06-12,YAPE,1,3.0
VTA-0000691,2026-06-12,YAPE,1,3.0
VTA-0000692,2026-06-12,EFECTIVO,1,8.7
VTA-0000693,2026-06-12,EFECTIVO,1,4.0
VTA-0000694,2026-06-12,EFECTIVO,1,1.0
VTA-0000695,2026-06-12,EFECTIVO,1,4.5
VTA-0000696,2026-06-12,EFECTIVO,1,4.3
VTA-0000697,2026-06-12,EFECTIVO,1,8.0
VTA-0000698,2026-06-12,YAPE,1,2.5
VTA-0000699,2026-06-12,EFECTIVO,1,6.6
VTA-0000700,2026-06-12,EFECTIVO,1,3.0
VTA-0000701,2026-06-12,YAPE,1,7.0
VTA-0000702,2026-06-13,EFECTIVO,1,3.0
VTA-0000703,2026-06-13,YAPE,1,1.5
VTA-0000704,2026-06-13,YAPE,1,2.0
VTA-0000705,2026-06-13,EFECTIVO,1,4.5
VTA-0000706,2026-06-13,EFECTIVO,1,5.5
VTA-0000707,2026-06-14,YAPE,1,6.8
VTA-0000708,2026-06-14,EFECTIVO,1,4.5
VTA-0000709,2026-06-14,YAPE,1,4.3
VTA-0000710,2026-06-14,EFECTIVO,1,2.6
VTA-0000711,2026-06-14,EFECTIVO,1,7.5
VTA-0000712,2026-06-14,EFECTIVO,1,17.5
VTA-0000713,2026-06-14,EFECTIVO,1,0.5
VTA-0000714,2026-06-14,EFECTIVO,1,1.0
VTA-0000715,2026-06-14,YAPE,1,1.0
VTA-0000716,2026-06-14,YAPE,1,0.5
VTA-0000717,2026-06-14,EFECTIVO,1,4.0
VTA-0000718,2026-06-14,EFECTIVO,1,3.0
VTA-0000719,2026-06-14,EFECTIVO,1,0.2
VTA-0000720,2026-06-14,EFECTIVO,1,3.5
VTA-0000721,2026-06-14,EFECTIVO,1,3.0
VTA-0000722,2026-06-14,EFECTIVO,1,2.0
VTA-0000723,2026-06-14,EFECTIVO,1,0.3
VTA-0000724,2026-06-14,EFECTIVO,1,1.5
VTA-0000725,2026-06-14,EFECTIVO,1,7.0
VTA-0000726,2026-06-14,EFECTIVO,1,2.0
VTA-0000727,2026-06-14,YAPE,1,15.0
VTA-0000728,2026-06-14,YAPE,1,4.0
VTA-0000729,2026-06-14,EFECTIVO,1,0.5
VTA-0000730,2026-06-14,EFECTIVO,1,2.0
VTA-0000731,2026-06-14,YAPE,1,4.0
VTA-0000732,2026-06-14,EFECTIVO,1,1.3
VTA-0000733,2026-06-14,EFECTIVO,1,4.0
VTA-0000734,2026-06-14,EFECTIVO,1,15.0
VTA-0000735,2026-06-14,YAPE,1,3.0
VTA-0000736,2026-06-14,YAPE,1,3.0
VTA-0000737,2026-06-14,YAPE,1,3.0
VTA-0000738,2026-06-14,YAPE,1,3.0
VTA-0000739,2026-06-14,EFECTIVO,1,2.0
VTA-0000740,2026-06-14,YAPE,1,16.8
VTA-0000741,2026-06-15,EFECTIVO,1,1.6
VTA-0000742,2026-06-15,EFECTIVO,1,0.6
VTA-0000743,2026-06-15,YAPE,1,3.0
VTA-0000744,2026-06-15,YAPE,1,6.5
VTA-0000745,2026-06-15,EFECTIVO,1,7.0
VTA-0000746,2026-06-15,EFECTIVO,1,0.8
VTA-0000747,2026-06-15,EFECTIVO,1,3.0
VTA-0000748,2026-06-15,EFECTIVO,1,5.6
VTA-0000749,2026-06-15,EFECTIVO,1,1.5
VTA-0000750,2026-06-15,EFECTIVO,1,2.0
VTA-0000751,2026-06-15,EFECTIVO,1,4.5
VTA-0000752,2026-06-16,YAPE,1,3.0
VTA-0000753,2026-06-16,EFECTIVO,1,3.0
VTA-0000754,2026-06-16,EFECTIVO,1,3.0
VTA-0000755,2026-06-16,YAPE,1,1.0
VTA-0000756,2026-06-16,YAPE,1,4.0
VTA-0000757,2026-06-17,YAPE,1,8.5
VTA-0000758,2026-06-17,YAPE,1,3.5
VTA-0000759,2026-06-17,EFECTIVO,1,1.5
VTA-0000760,2026-06-17,EFECTIVO,1,4.9
VTA-0000761,2026-06-17,EFECTIVO,1,2.4
VTA-0000762,2026-06-17,EFECTIVO,1,2.8
VTA-0000763,2026-06-17,EFECTIVO,1,1.6
VTA-0000764,2026-06-17,EFECTIVO,1,6.0
VTA-0000765,2026-06-17,YAPE,1,10.0
VTA-0000766,2026-06-17,EFECTIVO,1,3.9
VTA-0000767,2026-06-17,EFECTIVO,1,2.2
VTA-0000768,2026-06-17,EFECTIVO,1,2.0
VTA-0000769,2026-06-17,EFECTIVO,1,1.0
VTA-0000770,2026-06-17,EFECTIVO,1,0.5
VTA-0000771,2026-06-17,YAPE,1,2.4
VTA-0000772,2026-06-17,EFECTIVO,1,6.0
VTA-0000773,2026-06-17,EFECTIVO,1,0.6
VTA-0000774,2026-06-18,EFECTIVO,1,5.0
VTA-0000775,2026-06-18,YAPE,1,1.2
VTA-0000776,2026-06-18,EFECTIVO,1,1.0
VTA-0000777,2026-06-18,EFECTIVO,1,0.8
VTA-0000778,2026-06-18,EFECTIVO,1,1.2
VTA-0000779,2026-06-18,YAPE,1,2.4
VTA-0000780,2026-06-18,EFECTIVO,1,5.0
VTA-0000781,2026-06-18,EFECTIVO,1,5.6
VTA-0000782,2026-06-18,EFECTIVO,1,4.0
VTA-0000783,2026-06-18,EFECTIVO,1,0.5
VTA-0000784,2026-06-18,EFECTIVO,1,1.2
VTA-0000785,2026-06-18,YAPE,1,8.5
VTA-0000786,2026-06-18,EFECTIVO,1,0.1
VTA-0000787,2026-06-18,EFECTIVO,1,1.5
VTA-0000788,2026-06-18,EFECTIVO,1,8.0
VTA-0000789,2026-06-19,YAPE,1,3.2
VTA-0000790,2026-06-19,YAPE,1,0.5
VTA-0000791,2026-06-19,EFECTIVO,1,1.4
VTA-0000792,2026-06-19,YAPE,1,0.5
VTA-0000793,2026-06-19,EFECTIVO,1,0.7
VTA-0000794,2026-06-19,EFECTIVO,1,0.2
VTA-0000795,2026-06-19,EFECTIVO,1,4.0
VTA-0000796,2026-06-20,EFECTIVO,1,2.7
VTA-0000797,2026-06-20,EFECTIVO,1,1.0
VTA-0000798,2026-06-20,EFECTIVO,1,0.2
VTA-0000799,2026-06-20,YAPE,1,4.0
VTA-0000800,2026-06-20,YAPE,1,5.5
VTA-0000801,2026-06-20,YAPE,1,24.6
VTA-0000802,2026-06-21,EFECTIVO,1,6.0
VTA-0000803,2026-06-21,EFECTIVO,1,3.0
VTA-0000804,2026-06-21,EFECTIVO,1,2.0
VTA-0000805,2026-06-21,YAPE,1,2.0
VTA-0000806,2026-06-21,EFECTIVO,1,10.0
VTA-0000807,2026-06-21,YAPE,1,1.6
VTA-0000808,2026-06-21,EFECTIVO,1,7.3
VTA-0000809,2026-06-21,YAPE,1,4.0
VTA-0000810,2026-06-21,YAPE,1,1.5
VTA-0000811,2026-06-21,EFECTIVO,1,4.0
VTA-0000812,2026-06-21,EFECTIVO,1,8.9
VTA-0000813,2026-06-21,YAPE,1,5.0
VTA-0000814,2026-06-23,YAPE,1,5.5
VTA-0000815,2026-06-23,EFECTIVO,1,5.0
VTA-0000816,2026-06-23,EFECTIVO,1,5.0
VTA-0000817,2026-06-23,YAPE,1,5.0
VTA-0000818,2026-06-23,EFECTIVO,1,5.2
VTA-0000819,2026-06-23,EFECTIVO,1,4.6
VTA-0000820,2026-06-23,YAPE,1,7.0
VTA-0000821,2026-06-23,EFECTIVO,1,1.5
VTA-0000822,2026-06-23,EFECTIVO,1,1.0
VTA-0000823,2026-06-24,EFECTIVO,1,8.0
VTA-0000824,2026-06-24,YAPE,1,6.5
VTA-0000825,2026-06-24,EFECTIVO,1,0.8
VTA-0000826,2026-06-24,YAPE,1,3.0
VTA-0000827,2026-06-24,EFECTIVO,1,1.0
VTA-0000828,2026-06-24,EFECTIVO,1,2.7
VTA-0000829,2026-06-24,YAPE,1,1.0
VTA-0000830,2026-06-25,EFECTIVO,1,3.0
VTA-0000831,2026-06-25,YAPE,1,8.0
VTA-0000832,2026-06-25,YAPE,1,2.5
VTA-0000833,2026-06-25,EFECTIVO,1,3.0
VTA-0000834,2026-06-25,EFECTIVO,1,2.7
VTA-0000835,2026-06-27,EFECTIVO,1,3.0
VTA-0000836,2026-06-27,EFECTIVO,1,8.0
VTA-0000837,2026-06-27,EFECTIVO,1,3.0
VTA-0000838,2026-06-27,EFECTIVO,1,2.5
VTA-0000839,2026-06-27,EFECTIVO,1,3.0
VTA-0000840,2026-06-27,EFECTIVO,1,3.0
VTA-0000841,2026-06-27,YAPE,1,3.0
VTA-0000842,2026-06-27,YAPE,1,3.0
VTA-0000843,2026-06-27,YAPE,1,5.0
VTA-0000844,2026-06-27,YAPE,1,6.0
VTA-0000845,2026-06-27,EFECTIVO,1,3.0
VTA-0000846,2026-06-27,YAPE,1,3.0
VTA-0000847,2026-06-27,YAPE,1,6.0
VTA-0000848,2026-06-27,YAPE,1,3.0
VTA-0000849,2026-06-27,EFECTIVO,1,3.0
VTA-0000850,2026-06-28,EFECTIVO,1,14.4
VTA-0000851,2026-06-28,EFECTIVO,1,1.0
VTA-0000852,2026-06-30,YAPE,1,3.5
VTA-0000853,2026-06-30,EFECTIVO,1,3.2
VTA-0000854,2026-06-30,EFECTIVO,1,0.6
VTA-0000855,2026-07-01,EFECTIVO,1,1.5
VTA-0000856,2026-07-01,EFECTIVO,1,4.0
VTA-0000857,2026-07-01,EFECTIVO,1,2.0
VTA-0000858,2026-07-01,EFECTIVO,1,1.0
VTA-0000859,2026-07-01,EFECTIVO,1,1.0
VTA-0000860,2026-07-01,EFECTIVO,1,2.0
VTA-0000861,2026-07-01,YAPE,1,4.0
VTA-0000862,2026-07-01,EFECTIVO,1,0.5
VTA-0000863,2026-07-01,YAPE,1,0.5
VTA-0000864,2026-07-01,EFECTIVO,1,0.5
VTA-0000865,2026-07-01,EFECTIVO,1,0.5
VTA-0000866,2026-07-01,EFECTIVO,1,1.0
VTA-0000867,2026-07-01,YAPE,1,0.5
VTA-0000868,2026-07-01,EFECTIVO,1,1.0
VTA-0000869,2026-07-01,EFECTIVO,1,0.5
VTA-0000870,2026-07-01,EFECTIVO,1,2.0
VTA-0000871,2026-07-01,EFECTIVO,1,1.9
VTA-0000872,2026-07-01,EFECTIVO,1,3.1
VTA-0000873,2026-07-01,EFECTIVO,1,0.5
VTA-0000874,2026-07-01,YAPE,1,5.5
VTA-0000875,2026-07-01,YAPE,1,0.5
VTA-0000876,2026-07-02,EFECTIVO,1,0.5
VTA-0000877,2026-07-02,YAPE,1,8.0
VTA-0000878,2026-07-02,EFECTIVO,1,0.5
VTA-0000879,2026-07-02,YAPE,1,8.0
VTA-0000880,2026-07-02,YAPE,1,0.5
VTA-0000881,2026-07-02,EFECTIVO,1,3.0
VTA-0000882,2026-07-02,EFECTIVO,1,2.0
VTA-0000883,2026-07-02,EFECTIVO,1,3.0
VTA-0000884,2026-07-03,EFECTIVO,1,1.0
VTA-0000885,2026-07-03,EFECTIVO,1,1.0
VTA-0000886,2026-07-03,EFECTIVO,1,1.0
VTA-0000887,2026-07-03,EFECTIVO,1,1.0
VTA-0000888,2026-07-03,EFECTIVO,1,0.4
VTA-0000889,2026-07-03,EFECTIVO,1,1.0
VTA-0000890,2026-07-03,YAPE,1,1.0
VTA-0000891,2026-07-03,YAPE,1,12.5
VTA-0000892,2026-07-03,EFECTIVO,1,2.9
VTA-0000893,2026-07-03,EFECTIVO,1,2.0
VTA-0000894,2026-07-03,YAPE,1,1.0
VTA-0000895,2026-07-03,EFECTIVO,1,3.2
VTA-0000896,2026-07-03,EFECTIVO,1,1.0
VTA-0000897,2026-07-03,EFECTIVO,1,0.5
VTA-0000898,2026-07-03,YAPE,1,2.4
VTA-0000899,2026-07-07,EFECTIVO,1,0.5
VTA-0000900,2026-07-07,EFECTIVO,1,2.5
VTA-0000901,2026-07-07,EFECTIVO,1,0.5
VTA-0000902,2026-07-07,YAPE,1,3.0
VTA-0000903,2026-07-07,YAPE,1,2.5
VTA-0000904,2026-07-07,EFECTIVO,1,1.0
VTA-0000905,2026-07-07,EFECTIVO,1,5.0
VTA-0000906,2026-07-07,EFECTIVO,1,3.5
VTA-0000907,2026-07-07,EFECTIVO,1,2.9
VTA-0000908,2026-07-07,EFECTIVO,1,4.8
VTA-0000909,2026-07-07,EFECTIVO,1,1.0
VTA-0000910,2026-07-07,YAPE,1,16.0
VTA-0000911,2026-08-07,EFECTIVO,1,1.5
VTA-0000912,2026-08-07,EFECTIVO,1,0.5
VTA-0000913,2026-08-07,EFECTIVO,1,1.5
VTA-0000914,2026-08-07,EFECTIVO,1,2.0
VTA-0000915,2026-08-07,EFECTIVO,1,0.4
VTA-0000916,2026-08-07,EFECTIVO,1,2.0
VTA-0000917,2026-08-07,EFECTIVO,1,2.5
VTA-0000918,2026-08-07,EFECTIVO,1,3.2
VTA-0000919,2026-08-07,EFECTIVO,1,4.8
VTA-0000920,2026-08-07,YAPE,1,1.0
VTA-0000921,2026-09-07,EFECTIVO,1,2.0
VTA-0000922,2026-09-07,EFECTIVO,1,3.0
VTA-0000923,2026-09-07,EFECTIVO,1,3.0
VTA-0000924,2026-09-07,EFECTIVO,1,0.4
VTA-0000925,2026-09-07,EFECTIVO,1,0.5
VTA-0000926,2026-09-07,EFECTIVO,1,8.0
VTA-0000927,2026-09-07,YAPE,1,2.5
VTA-0000928,2026-09-07,EFECTIVO,1,4.4
VTA-0000929,2026-09-07,EFECTIVO,1,2.7
VTA-0000930,2026-09-07,EFECTIVO,1,4.8
VTA-0000931,2026-09-07,YAPE,1,8.0
VTA-0000932,2026-10-07,EFECTIVO,1,3.5
VTA-0000933,2026-10-07,EFECTIVO,1,1.0
VTA-0000934,2026-10-07,EFECTIVO,1,0.2
VTA-0000935,2026-10-07,EFECTIVO,1,4.0
VTA-0000936,2026-10-07,EFECTIVO,1,3.8
VTA-0000937,2026-10-07,EFECTIVO,1,21.8
VTA-0000938,2026-10-07,EFECTIVO,1,1.8
VTA-0000939,2026-12-07,EFECTIVO,1,19.2
